State,City,Date,Temperature (°C),Rainfall (mm),Humidity (%),Condition
Nagaland,Kohima,2026-08-15,31.7,173.6,82.2,Stormy
Uttar Pradesh,Lucknow,2026-08-14,26.9,70.3,83.8,Rainy
Delhi (NCT),Rohini,2026-08-14,25.9,178.9,87.5,Heavy Rain
Haryana,Panipat,2026-08-13,23.8,176.8,85.4,Stormy
Madhya Pradesh,Indore,2026-08-13,31.7,64.0,77.5,Cloudy
Madhya Pradesh,Gwalior,2026-08-13,32.2,75.6,89.1,Cloudy
Mizoram,Aizawl,2026-08-13,27.5,169.4,78.0,Rainy
Jammu and Kashmir,Srinagar,2026-08-12,23.2,111.0,94.4,Heavy Rain
Goa,Panaji,2026-08-10,23.9,121.4,90.2,Rainy
Haryana,Gurugram,2026-08-10,24.9,23.9,67.5,Rainy
Telangana,Warangal,2026-08-09,30.7,40.8,84.4,Cloudy
Meghalaya,Shillong,2026-08-08,32.3,42.4,86.0,Cloudy
Tamil Nadu,Chennai,2026-08-08,31.8,30.8,74.4,Cloudy
Uttarakhand,Nainital,2026-08-08,32.3,64.6,78.1,Heavy Rain
Uttar Pradesh,Varanasi,2026-08-07,23.3,77.8,91.3,Heavy Rain
Andhra Pradesh,Tirupati,2026-08-06,32.3,86.8,70.2,Cloudy
Jharkhand,Dhanbad,2026-08-06,27.6,26.6,70.2,Heavy Rain
Tamil Nadu,Coimbatore,2026-08-06,31.8,64.1,77.6,Stormy
Jharkhand,Ranchi,2026-08-04,30.8,18.7,92.4,Rainy
Delhi (NCT),Dwarka,2026-08-04,23.4,176.4,85.0,Stormy
Arunachal Pradesh,Itanagar,2026-08-03,26.5,114.3,67.6,Rainy
Uttar Pradesh,Kanpur,2026-08-03,25.5,57.8,71.3,Heavy Rain
West Bengal,Darjeeling,2026-08-03,29.7,73.1,86.6,Rainy
Ladakh,Kargil,2026-08-03,31.9,151.6,90.3,Stormy
Himachal Pradesh,Shimla,2026-08-02,27.6,82.1,65.5,Stormy
Jharkhand,Jamshedpur,2026-08-02,30.8,63.1,76.6,Rainy
West Bengal,Siliguri,2026-08-02,23.4,55.7,69.2,Stormy
Ladakh,Leh,2026-08-02,33.0,119.4,88.2,Rainy
Andhra Pradesh,Visakhapatnam,2026-08-01,26.5,136.5,89.8,Stormy
Kerala,Kochi,2026-07-31,33.0,141.6,80.3,Stormy
Punjab,Chandigarh,2026-07-31,29.8,28.8,72.4,Cloudy
Uttar Pradesh,Noida,2026-07-31,34.0,44.1,87.7,Stormy
Bihar,Bhagalpur,2026-07-30,31.4,173.3,81.9,Heavy Rain
Gujarat,Ahmedabad,2026-07-30,27.7,26.7,70.3,Rainy
Assam,Dibrugarh,2026-07-29,33.0,174.9,83.5,Heavy Rain
Arunachal Pradesh,Naharlagun,2026-07-28,25.5,135.5,88.8,Rainy
Assam,Silchar,2026-07-28,23.0,153.8,92.5,Rainy
Haryana,Faridabad,2026-07-28,27.2,26.2,69.8,Heavy Rain
Karnataka,Mangaluru,2026-07-28,31.4,52.6,66.1,Heavy Rain
Nagaland,Dimapur,2026-07-28,30.9,18.8,92.5,Cloudy
Andhra Pradesh,Vijayawada,2026-07-27,26.6,103.3,86.7,Stormy
Gujarat,Surat,2026-07-26,26.2,157.0,65.6,Rainy
Punjab,Jalandhar,2026-07-26,30.4,18.3,92.0,Rainy
Telangana,Nizamabad,2026-07-26,27.2,48.4,92.0,Cloudy
Himachal Pradesh,Manali,2026-07-25,25.6,80.1,93.6,Stormy
Maharashtra,Nagpur,2026-07-25,32.5,42.6,86.2,Heavy Rain
Rajasthan,Jaipur,2026-07-24,33.6,21.5,65.1,Rainy
Telangana,Hyderabad,2026-07-24,26.7,47.9,91.5,Rainy
Karnataka,Hubballi,2026-07-23,28.3,38.4,82.0,Cloudy
Maharashtra,Pune,2026-07-22,33.1,21.0,94.7,Heavy Rain
Tripura,Agartala,2026-07-22,33.1,21.0,94.7,Heavy Rain
Gujarat,Vadodara,2026-07-21,31.0,18.9,92.6,Stormy
West Bengal,Kolkata,2026-07-21,31.5,41.6,85.2,Cloudy
Kerala,Thiruvananthapuram,2026-07-20,30.4,118.2,71.5,Heavy Rain
Jammu and Kashmir,Jammu,2026-07-20,33.6,77.0,90.5,Heavy Rain
Goa,Margao,2026-07-19,33.2,119.6,88.4,Stormy
Madhya Pradesh,Jabalpur,2026-07-19,27.8,82.3,65.7,Rainy
Punjab,Amritsar,2026-07-19,23.1,176.1,84.7,Heavy Rain
Karnataka,Mysuru,2026-07-18,24.7,23.7,67.3,Stormy
Chhattisgarh,Raipur,2026-07-16,32.1,53.3,66.8,Stormy
Tamil Nadu,Tiruchirappalli,2026-07-16,29.4,117.2,70.5,Cloudy
Bihar,Gaya,2026-07-15,32.2,118.6,87.4,Rainy
Chhattisgarh,Bilaspur,2026-07-15,30.5,73.9,87.4,Rainy
Maharashtra,Nashik,2026-07-15,30.0,40.1,83.7,Stormy
Odisha,Bhubaneswar,2026-07-15,30.0,40.1,83.7,Stormy
Odisha,Rourkela,2026-07-15,33.2,175.1,83.7,Cloudy
Kerala,Kozhikode,2026-07-14,31.1,19.0,92.7,Heavy Rain
Maharashtra,Aurangabad,2026-07-14,24.7,79.2,92.7,Cloudy
Maharashtra,Mumbai,2026-07-13,29.5,39.6,83.2,Cloudy
Madhya Pradesh,Bhopal,2026-07-12,27.4,59.7,73.2,Stormy
Punjab,Ludhiana,2026-07-12,30.6,172.5,81.1,Heavy Rain
Karnataka,Bengaluru,2026-07-11,29.0,50.2,93.8,Heavy Rain
Uttarakhand,Dehradun,2026-07-11,29.0,61.3,74.8,Stormy
Nagaland,Kohima,2026-07-09,28.0,169.9,78.5,Cloudy
Uttar Pradesh,Lucknow,2026-07-08,23.2,66.6,80.1,Heavy Rain
Delhi (NCT),Rohini,2026-07-08,33.3,175.2,83.8,Stormy
Haryana,Panipat,2026-07-07,31.2,173.1,81.7,Cloudy
Madhya Pradesh,Indore,2026-07-07,28.0,60.3,73.8,Rainy
Madhya Pradesh,Gwalior,2026-07-07,28.5,71.9,85.4,Rainy
Mizoram,Aizawl,2026-07-07,23.8,165.7,74.3,Heavy Rain
Jammu and Kashmir,Srinagar,2026-07-06,30.6,107.3,90.7,Stormy
Goa,Panaji,2026-07-04,31.3,117.7,86.5,Heavy Rain
Haryana,Gurugram,2026-07-04,32.3,20.2,93.9,Heavy Rain
Telangana,Warangal,2026-07-03,27.0,37.1,80.7,Rainy
Meghalaya,Shillong,2026-07-02,28.6,38.7,82.3,Rainy
Tamil Nadu,Chennai,2026-07-02,28.1,27.1,70.7,Rainy
Uttar Pradesh,Varanasi,2026-07-01,30.7,74.1,87.6,Stormy
Andhra Pradesh,Tirupati,2026-06-30,28.6,83.1,66.5,Rainy
Jharkhand,Dhanbad,2026-06-30,23.9,22.9,66.5,Stormy
Tamil Nadu,Coimbatore,2026-06-30,28.1,60.4,73.9,Cloudy
Jharkhand,Ranchi,2026-06-28,27.1,15.0,88.7,Heavy Rain
Delhi (NCT),Dwarka,2026-06-28,30.8,172.7,81.3,Cloudy
Arunachal Pradesh,Itanagar,2026-06-27,33.9,110.6,94.0,Heavy Rain
Uttar Pradesh,Kanpur,2026-06-27,32.9,54.1,67.6,Stormy
West Bengal,Darjeeling,2026-06-27,26.0,69.4,82.9,Heavy Rain
Ladakh,Kargil,2026-06-27,28.2,147.9,86.6,Cloudy
Himachal Pradesh,Shimla,2026-06-26,23.9,78.4,91.9,Cloudy
Jharkhand,Jamshedpur,2026-06-26,27.1,59.4,72.9,Heavy Rain
West Bengal,Siliguri,2026-06-26,30.8,52.0,65.5,Cloudy
Ladakh,Leh,2026-06-26,29.3,115.7,84.5,Heavy Rain
Andhra Pradesh,Visakhapatnam,2026-06-25,33.9,132.8,86.1,Cloudy
Kerala,Kochi,2026-06-24,29.3,137.9,76.6,Cloudy
Punjab,Chandigarh,2026-06-24,26.1,25.1,68.7,Rainy
Uttar Pradesh,Noida,2026-06-24,30.3,40.4,84.0,Cloudy
Bihar,Bhagalpur,2026-06-23,27.7,169.6,78.2,Stormy
Gujarat,Ahmedabad,2026-06-23,24.0,23.0,66.6,Heavy Rain
Assam,Dibrugarh,2026-06-22,29.3,171.2,79.8,Stormy
Arunachal Pradesh,Naharlagun,2026-06-21,32.9,131.8,85.1,Heavy Rain
Assam,Silchar,2026-06-21,30.4,150.1,88.8,Heavy Rain
Haryana,Faridabad,2026-06-21,23.5,22.5,66.1,Stormy
Karnataka,Mangaluru,2026-06-21,27.7,48.9,92.5,Stormy
Nagaland,Dimapur,2026-06-21,27.2,15.1,88.8,Rainy
Andhra Pradesh,Vijayawada,2026-06-20,34.0,99.6,83.0,Cloudy
Gujarat,Surat,2026-06-19,33.6,153.3,92.0,Heavy Rain
Punjab,Jalandhar,2026-06-19,26.7,179.7,88.3,Heavy Rain
Telangana,Nizamabad,2026-06-19,23.5,44.7,88.3,Rainy
Himachal Pradesh,Manali,2026-06-18,33.0,76.4,89.9,Cloudy
Maharashtra,Nagpur,2026-06-18,28.8,38.9,82.5,Stormy
Rajasthan,Jaipur,2026-06-17,29.9,17.8,91.5,Heavy Rain
Telangana,Hyderabad,2026-06-17,23.0,44.2,87.8,Heavy Rain
Karnataka,Hubballi,2026-06-16,24.6,34.7,78.3,Rainy
Maharashtra,Pune,2026-06-15,29.4,17.3,91.0,Stormy
Tripura,Agartala,2026-06-15,29.4,17.3,91.0,Stormy
Gujarat,Vadodara,2026-06-14,27.3,15.2,88.9,Cloudy
West Bengal,Kolkata,2026-06-14,27.8,37.9,81.5,Rainy
Kerala,Thiruvananthapuram,2026-06-13,26.7,114.5,67.8,Stormy
Jammu and Kashmir,Jammu,2026-06-13,29.9,73.3,86.8,Stormy
Goa,Margao,2026-06-12,29.5,115.9,84.7,Cloudy
Madhya Pradesh,Jabalpur,2026-06-12,24.1,78.6,92.1,Heavy Rain
Punjab,Amritsar,2026-06-12,30.5,172.4,81.0,Stormy
Karnataka,Mysuru,2026-06-11,32.1,20.0,93.7,Cloudy
Chhattisgarh,Raipur,2026-06-09,28.4,49.6,93.2,Cloudy
Tamil Nadu,Tiruchirappalli,2026-06-09,25.7,113.5,66.8,Rainy
Bihar,Gaya,2026-06-08,28.5,114.9,83.7,Heavy Rain
Chhattisgarh,Bilaspur,2026-06-08,26.8,70.2,83.7,Heavy Rain
Maharashtra,Nashik,2026-06-08,26.3,36.4,80.0,Cloudy
Odisha,Bhubaneswar,2026-06-08,26.3,36.4,80.0,Cloudy
Odisha,Rourkela,2026-06-08,29.5,171.4,80.0,Rainy
Kerala,Kozhikode,2026-06-07,27.4,15.3,89.0,Stormy
Maharashtra,Aurangabad,2026-06-07,32.1,75.5,89.0,Rainy
Maharashtra,Mumbai,2026-06-06,25.8,35.9,79.5,Rainy
Madhya Pradesh,Bhopal,2026-06-05,23.7,56.0,69.5,Cloudy
Punjab,Ludhiana,2026-06-05,26.9,168.8,77.4,Stormy
Karnataka,Bengaluru,2026-06-04,25.3,46.5,90.1,Stormy
Uttarakhand,Dehradun,2026-06-04,25.3,57.6,71.1,Cloudy
Nagaland,Kohima,2026-06-02,24.3,166.2,74.8,Rainy
Uttar Pradesh,Lucknow,2026-06-01,30.6,62.9,76.4,Stormy
Delhi (NCT),Rohini,2026-06-01,29.6,171.5,80.1,Cloudy
Haryana,Panipat,2026-05-31,45.8,6.7,38.1,Sunny
Madhya Pradesh,Indore,2026-05-31,43.8,10.6,20.2,Dry
Madhya Pradesh,Gwalior,2026-05-31,37.3,10.1,31.8,Dry
Mizoram,Aizawl,2026-05-31,38.4,11.4,30.7,Clear
Jammu and Kashmir,Srinagar,2026-05-30,36.5,9.2,32.1,Hot
Goa,Panaji,2026-05-28,44.7,11.8,17.8,Clear
Haryana,Gurugram,2026-05-28,39.9,6.8,15.2,Clear
Telangana,Warangal,2026-05-27,38.7,11.6,32.1,Dry
Meghalaya,Shillong,2026-05-26,40.3,1.1,33.7,Dry
Tamil Nadu,Chennai,2026-05-26,28.7,1.6,22.1,Dry
Uttar Pradesh,Varanasi,2026-05-25,39.5,0.2,34.0,Hot
Andhra Pradesh,Tirupati,2026-05-24,30.4,9.2,43.0,Dry
Jharkhand,Dhanbad,2026-05-24,42.6,9.5,17.9,Hot
Jharkhand,Ranchi,2026-05-22,34.7,1.6,45.1,Clear
Delhi (NCT),Dwarka,2026-05-22,45.4,6.3,37.7,Sunny
Arunachal Pradesh,Itanagar,2026-05-21,39.8,0.4,35.4,Clear
Uttar Pradesh,Kanpur,2026-05-21,37.6,4.4,49.1,Hot
West Bengal,Darjeeling,2026-05-21,34.8,7.6,29.3,Clear
Ladakh,Kargil,2026-05-21,38.7,5.7,48.0,Sunny
Himachal Pradesh,Shimla,2026-05-20,43.8,4.5,38.3,Sunny
Jharkhand,Jamshedpur,2026-05-20,42.9,9.7,19.3,Clear
West Bengal,Siliguri,2026-05-20,35.5,2.3,47.0,Sunny
Ladakh,Leh,2026-05-20,42.7,9.8,15.8,Clear
Andhra Pradesh,Visakhapatnam,2026-05-19,43.9,10.5,22.5,Sunny
Kerala,Kochi,2026-05-18,28.7,7.8,38.0,Sunny
Punjab,Chandigarh,2026-05-18,44.8,11.7,20.1,Dry
Uttar Pradesh,Noida,2026-05-18,42.0,2.8,35.4,Sunny
Bihar,Bhagalpur,2026-05-17,42.3,3.2,34.6,Hot
Gujarat,Ahmedabad,2026-05-17,42.7,9.6,18.0,Clear
Assam,Dibrugarh,2026-05-16,43.9,4.8,36.2,Hot
Arunachal Pradesh,Naharlagun,2026-05-15,42.9,9.5,21.5,Clear
Assam,Silchar,2026-05-15,40.9,7.9,15.1,Clear
Haryana,Faridabad,2026-05-15,42.2,9.1,17.5,Hot
Karnataka,Mangaluru,2026-05-15,32.4,11.3,43.9,Hot
Nagaland,Dimapur,2026-05-15,34.8,1.7,45.2,Dry
Andhra Pradesh,Vijayawada,2026-05-14,28.8,1.5,24.4,Sunny
Gujarat,Surat,2026-05-13,44.1,11.1,18.3,Clear
Punjab,Jalandhar,2026-05-13,34.3,1.2,44.7,Clear
Telangana,Nizamabad,2026-05-13,28.2,7.1,39.7,Dry
Himachal Pradesh,Manali,2026-05-12,41.8,2.5,36.3,Sunny
Maharashtra,Nagpur,2026-05-12,40.5,1.3,33.9,Hot
Rajasthan,Jaipur,2026-05-11,37.5,4.4,47.9,Clear
Telangana,Hyderabad,2026-05-11,45.8,6.6,39.2,Clear
Karnataka,Hubballi,2026-05-10,36.3,9.2,29.7,Dry
Maharashtra,Pune,2026-05-09,37.0,3.9,47.4,Hot
Tripura,Agartala,2026-05-09,37.0,3.9,47.4,Hot
Gujarat,Vadodara,2026-05-08,34.9,1.8,45.3,Sunny
West Bengal,Kolkata,2026-05-08,39.5,0.3,32.9,Dry
Kerala,Thiruvananthapuram,2026-05-07,43.7,4.3,39.3,Hot
Jammu and Kashmir,Jammu,2026-05-07,38.7,11.5,33.2,Hot
Goa,Margao,2026-05-06,42.9,10.0,16.0,Sunny
Madhya Pradesh,Jabalpur,2026-05-06,44.0,4.7,38.5,Clear
Punjab,Amritsar,2026-05-06,45.1,6.0,37.4,Hot
Karnataka,Mysuru,2026-05-05,39.7,6.6,15.0,Sunny
Chhattisgarh,Raipur,2026-05-03,33.1,12.0,44.6,Sunny
Tamil Nadu,Tiruchirappalli,2026-05-03,42.7,3.3,38.3,Dry
Bihar,Gaya,2026-05-02,41.9,9.0,15.0,Clear
Chhattisgarh,Bilaspur,2026-05-02,35.6,8.4,30.1,Clear
Maharashtra,Nashik,2026-05-02,38.0,10.9,31.4,Sunny
Odisha,Bhubaneswar,2026-05-02,38.0,10.9,31.4,Sunny
Odisha,Rourkela,2026-05-02,44.1,5.0,36.4,Dry
Kerala,Kozhikode,2026-05-01,35.0,1.9,45.4,Hot
Maharashtra,Aurangabad,2026-05-01,40.9,1.6,35.4,Dry
Maharashtra,Mumbai,2026-04-30,37.5,10.4,30.9,Dry
Madhya Pradesh,Bhopal,2026-04-29,39.5,6.3,15.9,Sunny
Punjab,Ludhiana,2026-04-29,41.5,2.4,33.8,Hot
Karnataka,Bengaluru,2026-04-28,30.0,8.9,41.5,Hot
Nagaland,Kohima,2026-04-26,38.9,11.9,31.2,Dry
Uttar Pradesh,Lucknow,2026-04-25,28.3,1.1,22.8,Hot
Delhi (NCT),Rohini,2026-04-25,44.2,5.1,36.5,Sunny
Haryana,Panipat,2026-04-24,42.1,3.0,34.4,Dry
Madhya Pradesh,Indore,2026-04-24,40.1,6.9,16.5,Clear
Madhya Pradesh,Gwalior,2026-04-24,33.6,6.4,28.1,Clear
Mizoram,Aizawl,2026-04-24,34.7,7.7,27.0,Hot
Jammu and Kashmir,Srinagar,2026-04-23,32.8,5.5,28.4,Sunny
Goa,Panaji,2026-04-21,41.0,8.1,49.2,Hot
Haryana,Gurugram,2026-04-21,36.2,3.1,46.6,Hot
Telangana,Warangal,2026-04-20,35.0,7.9,28.4,Clear
Meghalaya,Shillong,2026-04-19,36.6,9.5,30.0,Clear
Tamil Nadu,Chennai,2026-04-19,43.1,10.0,18.4,Clear
Uttar Pradesh,Varanasi,2026-04-18,35.8,8.6,30.3,Sunny
Andhra Pradesh,Tirupati,2026-04-17,44.8,5.5,39.3,Clear
Jharkhand,Dhanbad,2026-04-17,38.9,5.8,49.3,Sunny
Jharkhand,Ranchi,2026-04-15,31.0,10.0,41.4,Hot
Delhi (NCT),Dwarka,2026-04-15,41.7,2.6,34.0,Dry
Arunachal Pradesh,Itanagar,2026-04-14,36.1,8.8,31.7,Hot
Uttar Pradesh,Kanpur,2026-04-14,33.9,0.7,45.4,Sunny
West Bengal,Darjeeling,2026-04-14,31.1,3.9,25.6,Hot
Ladakh,Kargil,2026-04-14,35.0,2.0,44.3,Dry
Himachal Pradesh,Shimla,2026-04-13,40.1,0.8,34.6,Dry
Jharkhand,Jamshedpur,2026-04-13,39.2,6.0,15.6,Hot
West Bengal,Siliguri,2026-04-13,31.8,10.7,43.3,Dry
Ladakh,Leh,2026-04-13,39.0,6.1,47.2,Hot
Andhra Pradesh,Visakhapatnam,2026-04-12,40.2,6.8,18.8,Dry
Kerala,Kochi,2026-04-11,43.1,4.1,34.3,Dry
Punjab,Chandigarh,2026-04-11,41.1,8.0,16.4,Clear
Uttar Pradesh,Noida,2026-04-11,38.3,11.2,31.7,Dry
Bihar,Bhagalpur,2026-04-10,38.6,11.6,30.9,Sunny
Gujarat,Ahmedabad,2026-04-10,39.0,5.9,49.4,Hot
Assam,Dibrugarh,2026-04-09,40.2,1.1,32.5,Sunny
Arunachal Pradesh,Naharlagun,2026-04-08,39.2,5.8,17.8,Hot
Assam,Silchar,2026-04-08,37.2,4.2,46.5,Hot
Haryana,Faridabad,2026-04-08,38.5,5.4,48.9,Sunny
Karnataka,Mangaluru,2026-04-08,28.7,7.6,40.2,Sunny
Nagaland,Dimapur,2026-04-08,31.1,10.1,41.5,Clear
Andhra Pradesh,Vijayawada,2026-04-07,43.2,9.9,20.7,Dry
Gujarat,Surat,2026-04-06,40.4,7.4,49.7,Hot
Punjab,Jalandhar,2026-04-06,30.6,9.6,41.0,Hot
Telangana,Nizamabad,2026-04-06,42.6,3.4,36.0,Clear
Himachal Pradesh,Manali,2026-04-05,38.1,10.9,32.6,Dry
Maharashtra,Nagpur,2026-04-05,36.8,9.7,30.2,Sunny
Rajasthan,Jaipur,2026-04-04,33.8,0.7,44.2,Hot
Telangana,Hyderabad,2026-04-04,42.1,2.9,35.5,Hot
Karnataka,Hubballi,2026-04-03,32.6,5.5,26.0,Clear
Maharashtra,Pune,2026-04-02,33.3,0.2,43.7,Sunny
Tripura,Agartala,2026-04-02,33.3,0.2,43.7,Sunny
Gujarat,Vadodara,2026-04-01,31.2,10.2,41.6,Dry
West Bengal,Kolkata,2026-04-01,35.8,8.7,29.2,Clear
Kerala,Thiruvananthapuram,2026-03-31,40.0,0.6,35.6,Sunny
Jammu and Kashmir,Jammu,2026-03-31,35.0,7.8,29.5,Sunny
Goa,Margao,2026-03-30,39.2,6.3,47.4,Dry
Madhya Pradesh,Jabalpur,2026-03-30,40.3,1.0,34.8,Hot
Punjab,Amritsar,2026-03-30,41.4,2.3,33.7,Sunny
Karnataka,Mysuru,2026-03-29,36.0,2.9,46.4,Dry
Chhattisgarh,Raipur,2026-03-27,29.4,8.3,40.9,Dry
Tamil Nadu,Tiruchirappalli,2026-03-27,39.0,11.7,34.6,Clear
Bihar,Gaya,2026-03-26,38.2,5.3,46.4,Hot
Chhattisgarh,Bilaspur,2026-03-26,31.9,4.7,26.4,Hot
Maharashtra,Nashik,2026-03-26,34.3,7.2,27.7,Dry
Odisha,Bhubaneswar,2026-03-26,34.3,7.2,27.7,Dry
Odisha,Rourkela,2026-03-26,40.4,1.3,32.7,Clear
Kerala,Kozhikode,2026-03-25,31.3,10.3,41.7,Sunny
Maharashtra,Aurangabad,2026-03-25,37.2,10.0,31.7,Clear
Maharashtra,Mumbai,2026-03-24,33.8,6.7,27.2,Clear
Madhya Pradesh,Bhopal,2026-03-23,35.8,2.6,47.3,Dry
Punjab,Ludhiana,2026-03-23,37.8,10.8,30.1,Sunny
Karnataka,Bengaluru,2026-03-22,44.4,5.2,37.8,Sunny
Nagaland,Kohima,2026-03-20,35.2,8.2,27.5,Clear
Uttar Pradesh,Lucknow,2026-03-19,42.7,9.5,19.1,Sunny
Delhi (NCT),Rohini,2026-03-19,40.5,1.4,32.8,Dry
Haryana,Panipat,2026-03-18,38.4,11.4,30.7,Clear
Madhya Pradesh,Indore,2026-03-18,36.4,3.2,47.9,Hot
Madhya Pradesh,Gwalior,2026-03-18,29.9,2.7,24.4,Hot
Mizoram,Aizawl,2026-03-18,31.0,4.0,23.3,Sunny
Jammu and Kashmir,Srinagar,2026-03-17,29.1,1.8,24.7,Dry
Goa,Panaji,2026-03-15,37.3,4.4,45.5,Sunny
Haryana,Gurugram,2026-03-15,32.5,11.5,42.9,Sunny
Telangana,Warangal,2026-03-14,31.3,4.2,24.7,Hot
Meghalaya,Shillong,2026-03-13,32.9,5.8,26.3,Hot
Tamil Nadu,Chennai,2026-03-13,39.4,6.3,49.8,Hot
Uttar Pradesh,Varanasi,2026-03-12,32.1,4.9,26.6,Dry
Andhra Pradesh,Tirupati,2026-03-11,41.1,1.8,35.6,Hot
Jharkhand,Dhanbad,2026-03-11,35.2,2.1,45.6,Dry
Jharkhand,Ranchi,2026-03-09,45.4,6.3,37.7,Sunny
Delhi (NCT),Dwarka,2026-03-09,38.0,11.0,30.3,Clear
Arunachal Pradesh,Itanagar,2026-03-08,32.4,5.1,28.0,Sunny
Uttar Pradesh,Kanpur,2026-03-08,30.2,9.1,41.7,Dry
West Bengal,Darjeeling,2026-03-08,45.5,0.2,21.9,Sunny
Ladakh,Kargil,2026-03-08,31.3,10.4,40.6,Clear
Himachal Pradesh,Shimla,2026-03-07,36.4,9.2,30.9,Clear
West Bengal,Siliguri,2026-03-07,28.1,7.0,39.6,Clear
Ladakh,Leh,2026-03-07,35.3,2.4,43.5,Sunny
Andhra Pradesh,Visakhapatnam,2026-03-06,36.5,3.1,15.1,Clear
Kerala,Kochi,2026-03-05,39.4,0.4,30.6,Clear
Punjab,Chandigarh,2026-03-05,37.4,4.3,47.8,Hot
Uttar Pradesh,Noida,2026-03-05,34.6,7.5,28.0,Clear
Bihar,Bhagalpur,2026-03-04,34.9,7.9,27.2,Dry
Gujarat,Ahmedabad,2026-03-04,35.3,2.2,45.7,Sunny
Assam,Dibrugarh,2026-03-03,36.5,9.5,28.8,Dry
Arunachal Pradesh,Naharlagun,2026-03-02,35.5,2.1,49.2,Sunny
Assam,Silchar,2026-03-02,33.5,0.5,42.8,Sunny
Haryana,Faridabad,2026-03-02,34.8,1.7,45.2,Dry
Karnataka,Mangaluru,2026-03-02,43.1,3.9,36.5,Dry
Nagaland,Dimapur,2026-03-02,45.5,6.4,37.8,Hot
Andhra Pradesh,Vijayawada,2026-03-01,39.5,6.2,17.0,Clear
Gujarat,Surat,2026-02-28,12.0,1.3,61.0,Sunny
Punjab,Jalandhar,2026-02-28,20.4,3.4,52.3,Sunny
Telangana,Nizamabad,2026-02-28,14.5,1.1,47.3,Foggy
Himachal Pradesh,Manali,2026-02-27,10.2,0.4,43.9,Cloudy
Maharashtra,Nagpur,2026-02-27,8.7,3.4,41.5,Clear
Rajasthan,Jaipur,2026-02-26,23.6,6.6,55.5,Sunny
Telangana,Hyderabad,2026-02-26,14.0,0.6,46.8,Sunny
Karnataka,Hubballi,2026-02-25,22.5,7.3,37.3,Foggy
Maharashtra,Pune,2026-02-24,23.1,6.1,55.0,Clear
Tripura,Agartala,2026-02-24,23.1,6.1,55.0,Clear
Gujarat,Vadodara,2026-02-23,21.0,4.0,52.9,Cloudy
West Bengal,Kolkata,2026-02-23,25.7,2.4,40.5,Foggy
Kerala,Thiruvananthapuram,2026-02-22,12.3,6.1,46.9,Clear
Jammu and Kashmir,Jammu,2026-02-22,25.1,5.4,40.8,Clear
Goa,Margao,2026-02-21,10.6,4.4,58.7,Cloudy
Madhya Pradesh,Jabalpur,2026-02-21,12.4,2.6,46.1,Sunny
Punjab,Amritsar,2026-02-21,13.1,4.2,45.0,Clear
Karnataka,Mysuru,2026-02-20,25.8,0.7,57.7,Cloudy
Himachal Pradesh,Dharamshala,2026-02-19,25.0,2.6,59.6,Cloudy
Chhattisgarh,Raipur,2026-02-18,19.4,6.0,52.2,Cloudy
Tamil Nadu,Tiruchirappalli,2026-02-18,11.3,5.1,45.9,Foggy
Bihar,Gaya,2026-02-17,9.6,3.4,57.7,Sunny
Chhattisgarh,Bilaspur,2026-02-17,22.0,2.3,37.7,Sunny
Maharashtra,Nashik,2026-02-17,24.2,0.9,39.0,Cloudy
Odisha,Bhubaneswar,2026-02-17,24.2,0.9,39.0,Cloudy
Odisha,Rourkela,2026-02-17,12.1,3.2,44.0,Foggy
Kerala,Kozhikode,2026-02-16,21.1,4.1,53.0,Clear
Maharashtra,Aurangabad,2026-02-16,9.3,7.6,43.0,Foggy
Maharashtra,Mumbai,2026-02-15,23.7,0.4,38.5,Foggy
Madhya Pradesh,Bhopal,2026-02-14,25.8,4.3,58.6,Cloudy
Punjab,Ludhiana,2026-02-14,9.5,0.6,41.4,Clear
Karnataka,Bengaluru,2026-02-13,16.3,2.9,49.1,Clear
Gujarat,Rajkot,2026-02-12,19.6,0.8,33.5,Sunny
Nagaland,Kohima,2026-02-11,24.9,6.1,38.8,Foggy
Uttar Pradesh,Lucknow,2026-02-10,14.7,3.1,30.4,Clear
Delhi (NCT),Rohini,2026-02-10,12.2,3.3,44.1,Cloudy
Haryana,Panipat,2026-02-09,10.1,1.2,42.0,Foggy
Madhya Pradesh,Gwalior,2026-02-09,20.0,0.3,35.7,Sunny
Mizoram,Aizawl,2026-02-09,20.7,1.9,34.6,Clear
Jammu and Kashmir,Srinagar,2026-02-08,19.4,3.3,36.0,Cloudy
Goa,Panaji,2026-02-06,8.7,2.5,56.8,Clear
Haryana,Gurugram,2026-02-06,22.3,5.3,54.2,Clear
Telangana,Warangal,2026-02-05,21.2,6.0,36.0,Sunny
Meghalaya,Shillong,2026-02-04,22.8,7.6,37.6,Sunny
Uttar Pradesh,Varanasi,2026-02-03,22.2,2.5,37.9,Cloudy
Andhra Pradesh,Tirupati,2026-02-02,13.2,3.4,46.9,Sunny
Jharkhand,Dhanbad,2026-02-02,25.0,8.0,56.9,Cloudy
Jharkhand,Ranchi,2026-01-31,17.1,0.1,49.0,Clear
Delhi (NCT),Dwarka,2026-01-31,9.7,0.8,41.6,Foggy
Arunachal Pradesh,Itanagar,2026-01-30,22.7,6.6,39.3,Clear
Uttar Pradesh,Kanpur,2026-01-30,20.2,6.8,53.0,Cloudy
West Bengal,Darjeeling,2026-01-30,17.5,5.9,33.2,Clear
Ladakh,Kargil,2026-01-30,20.9,0.3,51.9,Foggy
Himachal Pradesh,Shimla,2026-01-29,8.5,6.8,42.2,Foggy
West Bengal,Siliguri,2026-01-29,18.1,4.7,50.9,Foggy
Ladakh,Leh,2026-01-29,24.7,0.5,54.8,Clear
Andhra Pradesh,Visakhapatnam,2026-01-28,8.9,4.5,61.5,Foggy
Kerala,Kochi,2026-01-27,10.9,6.5,41.9,Foggy
Punjab,Chandigarh,2026-01-27,9.2,2.1,59.1,Sunny
Uttar Pradesh,Noida,2026-01-27,24.5,1.2,39.3,Foggy
Bihar,Bhagalpur,2026-01-26,24.6,5.8,38.5,Cloudy
Gujarat,Ahmedabad,2026-01-26,25.1,0.0,57.0,Clear
Assam,Dibrugarh,2026-01-25,8.2,7.4,40.1,Cloudy
Arunachal Pradesh,Naharlagun,2026-01-24,25.9,3.5,60.5,Clear
Assam,Silchar,2026-01-24,23.1,2.5,54.1,Clear
Haryana,Faridabad,2026-01-24,24.6,7.6,56.5,Cloudy
Karnataka,Mangaluru,2026-01-24,15.0,1.6,47.8,Cloudy
Nagaland,Dimapur,2026-01-24,17.2,0.2,49.1,Sunny
Andhra Pradesh,Vijayawada,2026-01-23,11.7,3.7,63.4,Foggy
Gujarat,Surat,2026-01-22,8.3,5.7,57.3,Clear
Punjab,Jalandhar,2026-01-22,16.7,7.8,48.6,Clear
Telangana,Nizamabad,2026-01-22,10.8,5.5,43.6,Sunny
Himachal Pradesh,Manali,2026-01-21,24.5,4.8,40.2,Foggy
Maharashtra,Nagpur,2026-01-21,23.0,7.8,37.8,Cloudy
Rajasthan,Jaipur,2026-01-20,19.9,2.9,51.8,Clear
Telangana,Hyderabad,2026-01-20,10.3,5.0,43.1,Clear
Karnataka,Hubballi,2026-01-19,18.8,3.6,33.6,Sunny
Maharashtra,Pune,2026-01-18,19.4,2.4,51.3,Cloudy
Tripura,Agartala,2026-01-18,19.4,2.4,51.3,Cloudy
Gujarat,Vadodara,2026-01-17,17.3,0.3,49.2,Foggy
Manipur,Imphal,2026-01-17,16.8,6.1,30.7,Sunny
West Bengal,Kolkata,2026-01-17,22.0,6.8,36.8,Sunny
Kerala,Thiruvananthapuram,2026-01-16,8.6,2.4,43.2,Cloudy
Jammu and Kashmir,Jammu,2026-01-16,21.4,1.7,37.1,Cloudy
Goa,Margao,2026-01-15,24.9,0.7,55.0,Foggy
Madhya Pradesh,Jabalpur,2026-01-15,8.7,7.0,42.4,Clear
Punjab,Amritsar,2026-01-15,9.4,0.5,41.3,Cloudy
Karnataka,Mysuru,2026-01-14,22.1,5.1,54.0,Foggy
Himachal Pradesh,Dharamshala,2026-01-13,21.3,7.0,55.9,Foggy
Chhattisgarh,Raipur,2026-01-12,15.7,2.3,48.5,Foggy
Tamil Nadu,Tiruchirappalli,2026-01-12,25.6,1.4,42.2,Sunny
Bihar,Gaya,2026-01-11,23.9,7.8,54.0,Clear
Chhattisgarh,Bilaspur,2026-01-11,18.3,6.7,34.0,Clear
Maharashtra,Nashik,2026-01-11,20.5,5.3,35.3,Foggy
Odisha,Bhubaneswar,2026-01-11,20.5,5.3,35.3,Foggy
Odisha,Rourkela,2026-01-11,8.4,7.6,40.3,Sunny
Kerala,Kozhikode,2026-01-10,17.4,0.4,49.3,Cloudy
Maharashtra,Aurangabad,2026-01-10,23.6,3.9,39.3,Sunny
Maharashtra,Mumbai,2026-01-09,20.0,4.8,34.8,Sunny
Madhya Pradesh,Bhopal,2026-01-08,22.1,0.6,54.9,Foggy
Punjab,Ludhiana,2026-01-08,23.8,5.0,37.7,Cloudy
Karnataka,Bengaluru,2026-01-07,12.6,7.3,45.4,Cloudy
Gujarat,Rajkot,2026-01-06,15.9,5.2,64.9,Clear
Nagaland,Kohima,2026-01-05,21.2,2.4,35.1,Sunny
Uttar Pradesh,Lucknow,2026-01-04,11.0,7.5,61.8,Cloudy
Delhi (NCT),Rohini,2026-01-04,8.5,7.7,40.4,Foggy
Haryana,Panipat,2026-01-03,24.4,5.6,38.3,Sunny
Madhya Pradesh,Gwalior,2026-01-03,16.3,4.7,32.0,Clear
Mizoram,Aizawl,2026-01-03,17.0,6.3,30.9,Cloudy
Jammu and Kashmir,Srinagar,2026-01-02,15.7,7.7,32.3,Foggy
Goa,Panaji,2025-12-31,23.0,6.9,53.1,Cloudy
Haryana,Gurugram,2025-12-31,18.6,1.6,50.5,Cloudy
Telangana,Warangal,2025-12-30,17.5,2.3,32.3,Clear
Meghalaya,Shillong,2025-12-29,19.1,3.9,33.9,Clear
Uttar Pradesh,Varanasi,2025-12-28,18.5,6.9,34.2,Foggy
Andhra Pradesh,Tirupati,2025-12-27,9.5,7.8,43.2,Clear
Jharkhand,Dhanbad,2025-12-27,21.3,4.3,53.2,Foggy
Jharkhand,Ranchi,2025-12-25,13.4,4.5,45.3,Cloudy
Delhi (NCT),Dwarka,2025-12-25,24.0,5.2,37.9,Sunny
Arunachal Pradesh,Itanagar,2025-12-24,19.0,2.9,35.6,Cloudy
Uttar Pradesh,Kanpur,2025-12-24,16.5,3.1,49.3,Foggy
West Bengal,Darjeeling,2025-12-24,13.8,2.2,64.6,Cloudy
Ladakh,Kargil,2025-12-24,17.2,4.7,48.2,Sunny
Himachal Pradesh,Shimla,2025-12-23,22.8,3.1,38.5,Sunny
West Bengal,Siliguri,2025-12-23,14.4,1.0,47.2,Sunny
Ladakh,Leh,2025-12-23,21.0,4.9,51.1,Cloudy
Andhra Pradesh,Visakhapatnam,2025-12-22,23.2,0.8,57.8,Sunny
Kerala,Kochi,2025-12-21,25.2,2.8,38.2,Sunny
Punjab,Chandigarh,2025-12-21,23.5,6.5,55.4,Clear
Uttar Pradesh,Noida,2025-12-21,20.8,5.6,35.6,Sunny
Bihar,Bhagalpur,2025-12-20,20.9,2.1,34.8,Foggy
Gujarat,Ahmedabad,2025-12-20,21.4,4.4,53.3,Cloudy
Assam,Dibrugarh,2025-12-19,22.5,3.7,36.4,Foggy
Arunachal Pradesh,Naharlagun,2025-12-18,22.2,7.9,56.8,Cloudy
Assam,Silchar,2025-12-18,19.4,6.9,50.4,Cloudy
Haryana,Faridabad,2025-12-18,20.9,3.9,52.8,Foggy
Karnataka,Mangaluru,2025-12-18,11.3,6.0,44.1,Foggy
Nagaland,Dimapur,2025-12-18,13.5,4.6,45.4,Clear
Andhra Pradesh,Vijayawada,2025-12-17,8.0,0.0,59.7,Sunny
Gujarat,Surat,2025-12-16,22.6,2.0,53.6,Cloudy
Punjab,Jalandhar,2025-12-16,13.0,4.1,44.9,Cloudy
Telangana,Nizamabad,2025-12-16,25.1,1.8,39.9,Clear
Himachal Pradesh,Manali,2025-12-15,20.8,1.1,36.5,Sunny
Maharashtra,Nagpur,2025-12-15,19.3,4.1,34.1,Foggy
Rajasthan,Jaipur,2025-12-14,16.2,7.3,48.1,Cloudy
Telangana,Hyderabad,2025-12-14,24.6,1.3,39.4,Cloudy
Karnataka,Hubballi,2025-12-13,15.1,8.0,65.0,Clear
Maharashtra,Pune,2025-12-12,15.7,6.8,47.6,Foggy
Tripura,Agartala,2025-12-12,15.7,6.8,47.6,Foggy
Gujarat,Vadodara,2025-12-11,13.6,4.7,45.5,Sunny
Manipur,Imphal,2025-12-11,13.1,2.4,62.1,Clear
West Bengal,Kolkata,2025-12-11,18.3,3.1,33.1,Clear
Kerala,Thiruvananthapuram,2025-12-10,22.9,6.8,39.5,Foggy
Jammu and Kashmir,Jammu,2025-12-10,17.7,6.1,33.4,Foggy
Goa,Margao,2025-12-09,21.2,5.1,51.3,Sunny
Madhya Pradesh,Jabalpur,2025-12-09,23.0,3.3,38.7,Cloudy
Punjab,Amritsar,2025-12-09,23.7,4.9,37.6,Foggy
Karnataka,Mysuru,2025-12-08,18.4,1.4,50.3,Sunny
Himachal Pradesh,Dharamshala,2025-12-07,17.6,3.3,52.2,Sunny
Chhattisgarh,Raipur,2025-12-06,12.0,6.7,44.8,Sunny
Tamil Nadu,Tiruchirappalli,2025-12-06,21.9,5.8,38.5,Clear
Bihar,Gaya,2025-12-05,20.2,4.1,50.3,Cloudy
Chhattisgarh,Bilaspur,2025-12-05,14.6,3.0,30.3,Cloudy
Maharashtra,Nashik,2025-12-05,16.8,1.6,31.6,Sunny
Odisha,Bhubaneswar,2025-12-05,16.8,1.6,31.6,Sunny
Odisha,Rourkela,2025-12-05,22.7,3.9,36.6,Clear
Kerala,Kozhikode,2025-12-04,13.7,4.8,45.6,Foggy
Maharashtra,Aurangabad,2025-12-04,19.9,0.2,35.6,Clear
Maharashtra,Mumbai,2025-12-03,16.3,1.1,31.1,Clear
Madhya Pradesh,Bhopal,2025-12-02,18.4,5.0,51.2,Sunny
Punjab,Ludhiana,2025-12-02,20.1,1.3,34.0,Foggy
Karnataka,Bengaluru,2025-12-01,8.9,3.6,41.7,Foggy
Gujarat,Rajkot,2025-11-30,29.6,22.1,61.1,Clear
Nagaland,Kohima,2025-11-29,19.8,2.3,66.4,Humid
Uttar Pradesh,Lucknow,2025-11-28,21.2,13.9,68.0,Sunny
Delhi (NCT),Rohini,2025-11-28,25.1,7.6,71.7,Cloudy
Haryana,Panipat,2025-11-27,23.0,5.5,69.6,Humid
Madhya Pradesh,Gwalior,2025-11-27,26.5,19.2,73.3,Clear
Mizoram,Aizawl,2025-11-27,30.7,23.2,62.2,Sunny
Sikkim,Gangtok,2025-11-26,28.6,21.1,60.1,Cloudy
Jammu and Kashmir,Srinagar,2025-11-26,31.7,4.4,48.5,Cloudy
Goa,Panaji,2025-11-24,28.0,0.3,74.4,Sunny
Haryana,Gurugram,2025-11-24,20.1,17.7,51.7,Sunny
Telangana,Warangal,2025-11-23,21.9,9.5,68.6,Clear
Meghalaya,Shillong,2025-11-22,23.5,11.1,70.2,Clear
Uttar Pradesh,Varanasi,2025-11-21,28.7,21.4,45.4,Cloudy
Andhra Pradesh,Tirupati,2025-11-20,22.6,5.3,54.4,Clear
Jharkhand,Dhanbad,2025-11-20,22.8,20.4,54.4,Cloudy
Jharkhand,Ranchi,2025-11-18,30.0,12.5,46.5,Sunny
Delhi (NCT),Dwarka,2025-11-18,22.6,5.1,69.2,Humid
Arunachal Pradesh,Itanagar,2025-11-17,19.9,7.7,51.8,Sunny
Uttar Pradesh,Kanpur,2025-11-17,23.8,1.4,55.5,Cloudy
West Bengal,Darjeeling,2025-11-17,24.0,16.7,70.8,Sunny
Ladakh,Kargil,2025-11-17,28.0,5.4,74.5,Humid
Himachal Pradesh,Shimla,2025-11-16,33.0,0.6,49.7,Humid
West Bengal,Siliguri,2025-11-16,21.7,24.4,53.4,Humid
Ladakh,Leh,2025-11-16,26.0,23.4,72.4,Sunny
Andhra Pradesh,Visakhapatnam,2025-11-15,27.0,4.8,74.0,Humid
Kerala,Kochi,2025-11-14,18.0,20.5,64.5,Humid
Punjab,Chandigarh,2025-11-14,25.0,22.6,56.6,Clear
Uttar Pradesh,Noida,2025-11-14,25.2,12.8,71.9,Humid
Bihar,Bhagalpur,2025-11-13,19.5,2.0,66.1,Cloudy
Gujarat,Ahmedabad,2025-11-13,22.9,20.5,54.5,Sunny
Assam,Dibrugarh,2025-11-12,21.1,3.6,67.7,Cloudy
Arunachal Pradesh,Naharlagun,2025-11-11,26.0,3.8,73.0,Sunny
Assam,Silchar,2025-11-11,30.2,7.6,46.6,Sunny
Haryana,Faridabad,2025-11-11,22.4,20.0,54.0,Cloudy
Karnataka,Mangaluru,2025-11-11,18.6,21.3,50.3,Cloudy
Nagaland,Dimapur,2025-11-11,30.1,12.6,46.6,Clear
Andhra Pradesh,Vijayawada,2025-11-10,24.0,21.8,70.9,Humid
Gujarat,Surat,2025-11-09,18.3,10.8,49.8,Sunny
Punjab,Jalandhar,2025-11-09,29.6,12.1,46.1,Sunny
Telangana,Nizamabad,2025-11-09,29.5,17.1,46.1,Clear
Himachal Pradesh,Manali,2025-11-08,31.0,23.7,47.7,Humid
Maharashtra,Nagpur,2025-11-08,23.7,11.3,70.4,Cloudy
Rajasthan,Jaipur,2025-11-07,32.8,15.3,49.3,Sunny
Telangana,Hyderabad,2025-11-07,29.0,16.6,45.6,Sunny
Karnataka,Hubballi,2025-11-06,19.5,7.1,66.2,Clear
Maharashtra,Pune,2025-11-05,32.3,14.8,48.8,Cloudy
Rajasthan,Jodhpur,2025-11-05,28.8,1.3,60.4,Cloudy
Tripura,Agartala,2025-11-05,32.3,14.8,48.8,Cloudy
Gujarat,Vadodara,2025-11-04,30.2,12.7,46.7,Humid
Manipur,Imphal,2025-11-04,26.8,19.3,58.3,Clear
West Bengal,Kolkata,2025-11-04,22.7,10.3,69.4,Clear
Kerala,Thiruvananthapuram,2025-11-03,23.8,11.6,55.7,Cloudy
Jammu and Kashmir,Jammu,2025-11-03,27.9,20.6,74.7,Cloudy
Goa,Margao,2025-11-02,26.2,23.6,72.6,Humid
Madhya Pradesh,Jabalpur,2025-11-02,18.1,0.8,49.9,Sunny
Punjab,Amritsar,2025-11-02,22.3,4.8,68.9,Cloudy
Karnataka,Mysuru,2025-11-01,19.9,17.5,51.5,Humid
Himachal Pradesh,Dharamshala,2025-10-31,21.4,24.3,68.4,Humid
Chhattisgarh,Raipur,2025-10-30,19.3,22.0,51.0,Humid
Tamil Nadu,Tiruchirappalli,2025-10-30,22.8,10.6,54.7,Clear
Bihar,Gaya,2025-10-29,25.2,22.6,71.6,Sunny
Chhattisgarh,Bilaspur,2025-10-29,24.8,17.5,71.6,Sunny
Maharashtra,Nashik,2025-10-29,21.2,8.8,67.9,Humid
Odisha,Bhubaneswar,2025-10-29,21.2,8.8,67.9,Humid
Odisha,Rourkela,2025-10-29,21.3,3.8,67.9,Clear
Kerala,Kozhikode,2025-10-28,30.3,12.8,46.8,Cloudy
Maharashtra,Aurangabad,2025-10-28,30.1,22.8,46.8,Clear
Maharashtra,Mumbai,2025-10-27,20.7,8.3,67.4,Clear
Madhya Pradesh,Bhopal,2025-10-26,25.7,3.3,57.4,Humid
Punjab,Ludhiana,2025-10-26,18.7,1.2,65.3,Cloudy
Karnataka,Bengaluru,2025-10-25,31.3,18.9,47.9,Cloudy
Gujarat,Rajkot,2025-10-24,25.9,18.4,57.4,Sunny
Nagaland,Kohima,2025-10-23,31.2,23.7,62.7,Clear
Uttar Pradesh,Lucknow,2025-10-22,32.6,10.2,64.3,Cloudy
Delhi (NCT),Rohini,2025-10-22,21.4,3.9,68.0,Humid
Haryana,Panipat,2025-10-21,19.3,1.8,65.9,Clear
Madhya Pradesh,Gwalior,2025-10-21,22.8,15.5,69.6,Sunny
Mizoram,Aizawl,2025-10-21,27.0,19.5,58.5,Cloudy
Sikkim,Gangtok,2025-10-20,24.9,17.4,56.4,Humid
Jammu and Kashmir,Srinagar,2025-10-20,28.0,0.7,74.9,Humid
Goa,Panaji,2025-10-18,24.3,21.7,70.7,Cloudy
Haryana,Gurugram,2025-10-18,31.5,14.0,48.0,Cloudy
Telangana,Warangal,2025-10-17,18.2,5.8,64.9,Sunny
Meghalaya,Shillong,2025-10-16,19.8,7.4,66.5,Sunny
Uttar Pradesh,Varanasi,2025-10-15,25.0,17.7,71.8,Humid
Andhra Pradesh,Tirupati,2025-10-14,18.9,1.6,50.7,Sunny
Jharkhand,Dhanbad,2025-10-14,19.1,16.7,50.7,Humid
Jharkhand,Ranchi,2025-10-12,26.3,8.8,72.9,Cloudy
Delhi (NCT),Dwarka,2025-10-12,18.9,1.4,65.5,Clear
Arunachal Pradesh,Itanagar,2025-10-11,31.3,4.0,48.1,Cloudy
Uttar Pradesh,Kanpur,2025-10-11,20.1,22.8,51.8,Humid
West Bengal,Darjeeling,2025-10-11,20.3,13.0,67.1,Cloudy
Ladakh,Kargil,2025-10-11,24.3,1.7,70.8,Clear
Himachal Pradesh,Shimla,2025-10-10,29.3,22.0,46.0,Clear
Rajasthan,Udaipur,2025-10-10,26.0,23.6,57.6,Cloudy
West Bengal,Siliguri,2025-10-10,18.0,20.7,49.7,Clear
Ladakh,Leh,2025-10-10,22.3,19.7,68.7,Cloudy
Andhra Pradesh,Visakhapatnam,2025-10-09,23.3,1.1,70.3,Clear
Kerala,Kochi,2025-10-08,29.4,16.8,60.8,Clear
Punjab,Chandigarh,2025-10-08,21.3,18.9,52.9,Sunny
Uttar Pradesh,Noida,2025-10-08,21.5,9.1,68.2,Clear
Bihar,Bhagalpur,2025-10-07,30.9,23.4,62.4,Humid
Gujarat,Ahmedabad,2025-10-07,19.2,16.8,50.8,Cloudy
Assam,Dibrugarh,2025-10-06,32.5,25.0,64.0,Humid
Arunachal Pradesh,Naharlagun,2025-10-05,22.3,0.1,69.3,Cloudy
Assam,Guwahati,2025-10-05,23.0,15.5,54.5,Cloudy
Assam,Silchar,2025-10-05,26.5,3.9,73.0,Cloudy
Haryana,Faridabad,2025-10-05,18.7,16.3,50.3,Humid
Karnataka,Mangaluru,2025-10-05,30.0,17.6,46.6,Humid
Nagaland,Dimapur,2025-10-05,26.4,8.9,73.0,Sunny
Andhra Pradesh,Vijayawada,2025-10-04,20.3,18.1,67.2,Clear
Gujarat,Surat,2025-10-03,29.7,7.1,46.1,Cloudy
Punjab,Jalandhar,2025-10-03,25.9,8.4,72.5,Cloudy
Telangana,Nizamabad,2025-10-03,25.8,13.4,72.5,Sunny
Himachal Pradesh,Manali,2025-10-02,27.3,20.0,74.1,Clear
Maharashtra,Nagpur,2025-10-02,20.0,7.6,66.7,Humid
Rajasthan,Jaipur,2025-10-01,29.1,11.6,45.6,Cloudy
Telangana,Hyderabad,2025-10-01,25.3,12.9,72.0,Cloudy
Karnataka,Hubballi,2025-09-30,32.0,173.9,82.5,Cloudy
Maharashtra,Pune,2025-09-29,25.7,156.5,65.1,Heavy Rain
Rajasthan,Jodhpur,2025-09-29,26.2,168.1,76.7,Heavy Rain
Tripura,Agartala,2025-09-29,25.7,156.5,65.1,Heavy Rain
Gujarat,Vadodara,2025-09-28,23.6,154.4,93.1,Stormy
Manipur,Imphal,2025-09-28,27.3,135.9,74.6,Cloudy
West Bengal,Kolkata,2025-09-28,24.1,177.1,85.7,Cloudy
Kerala,Thiruvananthapuram,2025-09-27,23.0,88.6,72.0,Heavy Rain
West Bengal,Howrah,2025-09-27,25.7,167.6,76.2,Stormy
Jammu and Kashmir,Jammu,2025-09-27,26.2,47.4,91.0,Heavy Rain
Goa,Margao,2025-09-26,25.8,90.0,88.9,Stormy
Madhya Pradesh,Jabalpur,2025-09-26,31.5,52.7,66.2,Rainy
Punjab,Amritsar,2025-09-26,26.8,146.5,85.2,Heavy Rain
Karnataka,Mysuru,2025-09-25,28.4,159.2,67.8,Stormy
Himachal Pradesh,Dharamshala,2025-09-24,24.6,101.3,84.7,Stormy
Chhattisgarh,Raipur,2025-09-23,24.7,23.7,67.3,Stormy
Tamil Nadu,Tiruchirappalli,2025-09-23,33.1,87.6,71.0,Cloudy
Bihar,Gaya,2025-09-22,24.8,89.0,87.9,Rainy
Chhattisgarh,Bilaspur,2025-09-22,23.1,44.3,87.9,Rainy
Maharashtra,Nashik,2025-09-22,33.7,175.6,84.2,Stormy
Odisha,Bhubaneswar,2025-09-22,33.7,175.6,84.2,Stormy
Odisha,Rourkela,2025-09-22,25.8,145.5,84.2,Cloudy
Kerala,Kozhikode,2025-09-21,23.7,154.5,93.2,Heavy Rain
Maharashtra,Aurangabad,2025-09-21,28.4,49.6,93.2,Cloudy
Maharashtra,Mumbai,2025-09-20,33.2,175.1,83.7,Cloudy
Punjab,Ludhiana,2025-09-19,23.2,142.9,81.6,Heavy Rain
Karnataka,Bengaluru,2025-09-18,32.7,20.6,94.3,Heavy Rain
Gujarat,Rajkot,2025-09-17,26.4,135.0,73.7,Rainy
Nagaland,Kohima,2025-09-16,31.7,140.3,79.0,Cloudy
Uttar Pradesh,Lucknow,2025-09-15,26.9,37.0,80.6,Heavy Rain
Delhi (NCT),Rohini,2025-09-15,25.9,145.6,84.3,Stormy
Haryana,Panipat,2025-09-14,23.8,143.5,82.2,Cloudy
Madhya Pradesh,Gwalior,2025-09-14,32.2,42.3,85.9,Rainy
Mizoram,Aizawl,2025-09-14,27.5,136.1,74.8,Heavy Rain
Sikkim,Gangtok,2025-09-13,25.4,134.0,72.7,Stormy
Jammu and Kashmir,Srinagar,2025-09-13,23.2,77.7,91.2,Stormy
Goa,Panaji,2025-09-11,23.9,88.1,87.0,Heavy Rain
Haryana,Gurugram,2025-09-11,24.9,155.7,94.4,Heavy Rain
Telangana,Warangal,2025-09-10,30.7,172.6,81.2,Rainy
Meghalaya,Shillong,2025-09-09,32.3,174.2,82.8,Rainy
Uttar Pradesh,Varanasi,2025-09-08,23.3,44.5,88.1,Stormy
Andhra Pradesh,Tirupati,2025-09-07,32.3,53.5,67.0,Rainy
Jharkhand,Dhanbad,2025-09-07,27.6,158.4,67.0,Stormy
Andhra Pradesh,Guntur,2025-09-06,33.9,32.9,76.5,Stormy
Jharkhand,Ranchi,2025-09-05,30.8,150.5,89.2,Heavy Rain
Delhi (NCT),Dwarka,2025-09-05,23.4,143.1,81.8,Cloudy
Arunachal Pradesh,Itanagar,2025-09-04,26.5,81.0,94.5,Heavy Rain
Uttar Pradesh,Kanpur,2025-09-04,25.5,24.5,68.1,Stormy
West Bengal,Darjeeling,2025-09-04,29.7,39.8,83.4,Heavy Rain
Ladakh,Kargil,2025-09-04,31.9,118.3,87.1,Cloudy
Himachal Pradesh,Shimla,2025-09-03,27.6,48.8,92.4,Cloudy
Rajasthan,Udaipur,2025-09-03,23.4,165.3,73.9,Heavy Rain
West Bengal,Siliguri,2025-09-03,23.4,22.4,66.0,Cloudy
Ladakh,Leh,2025-09-03,33.0,86.1,85.0,Heavy Rain
Andhra Pradesh,Visakhapatnam,2025-09-02,26.5,103.2,86.6,Cloudy
Kerala,Kochi,2025-09-01,33.0,108.3,77.1,Cloudy
Uttar Pradesh,Noida,2025-09-01,34.0,175.9,84.5,Cloudy
Bihar,Bhagalpur,2025-08-31,31.4,140.0,78.7,Stormy
Gujarat,Ahmedabad,2025-08-31,27.7,158.5,67.1,Heavy Rain
Assam,Dibrugarh,2025-08-30,33.0,141.6,80.3,Stormy
Arunachal Pradesh,Naharlagun,2025-08-29,25.5,102.2,85.6,Heavy Rain
Assam,Guwahati,2025-08-29,23.5,132.1,70.8,Heavy Rain
Assam,Silchar,2025-08-29,23.0,120.5,89.3,Heavy Rain
Haryana,Faridabad,2025-08-29,27.2,158.0,66.6,Stormy
Karnataka,Mangaluru,2025-08-29,31.4,19.3,93.0,Stormy
Nagaland,Dimapur,2025-08-29,30.9,150.6,89.3,Rainy
Andhra Pradesh,Vijayawada,2025-08-28,26.6,70.0,83.5,Cloudy
Gujarat,Surat,2025-08-27,26.2,123.7,92.5,Heavy Rain
Punjab,Jalandhar,2025-08-27,30.4,150.1,88.8,Heavy Rain
Telangana,Nizamabad,2025-08-27,27.2,15.1,88.8,Rainy
Himachal Pradesh,Manali,2025-08-26,25.6,46.8,90.4,Cloudy
Maharashtra,Nagpur,2025-08-26,32.5,174.4,83.0,Stormy
Rajasthan,Jaipur,2025-08-25,33.6,153.3,92.0,Heavy Rain
Telangana,Hyderabad,2025-08-25,26.7,179.7,88.3,Heavy Rain
Karnataka,Hubballi,2025-08-24,28.3,170.2,78.8,Rainy
Maharashtra,Pune,2025-08-23,33.1,152.8,91.5,Stormy
Rajasthan,Jodhpur,2025-08-23,33.6,164.4,73.0,Stormy
Tripura,Agartala,2025-08-23,33.1,152.8,91.5,Stormy
Gujarat,Vadodara,2025-08-22,31.0,150.7,89.4,Cloudy
Manipur,Imphal,2025-08-22,23.6,132.2,70.9,Rainy
West Bengal,Kolkata,2025-08-22,31.5,173.4,82.0,Rainy
Kerala,Thiruvananthapuram,2025-08-21,30.4,84.9,68.3,Stormy
West Bengal,Howrah,2025-08-21,33.1,163.9,72.5,Cloudy
Jammu and Kashmir,Jammu,2025-08-21,33.6,43.7,87.3,Stormy
Goa,Margao,2025-08-20,33.2,86.3,85.2,Cloudy
Madhya Pradesh,Jabalpur,2025-08-20,27.8,49.0,92.6,Heavy Rain
Punjab,Amritsar,2025-08-20,23.1,142.8,81.5,Stormy
Karnataka,Mysuru,2025-08-19,24.7,155.5,94.2,Cloudy
Uttar Pradesh,Agra,2025-08-19,32.6,163.4,72.0,Rainy
Himachal Pradesh,Dharamshala,2025-08-18,32.0,97.6,81.0,Cloudy
Chhattisgarh,Raipur,2025-08-17,32.1,20.0,93.7,Cloudy
Tamil Nadu,Tiruchirappalli,2025-08-17,29.4,83.9,67.3,Rainy
Bihar,Gaya,2025-08-16,32.2,85.3,84.2,Heavy Rain
Chhattisgarh,Bilaspur,2025-08-16,30.5,40.6,84.2,Heavy Rain
Maharashtra,Nashik,2025-08-16,30.0,171.9,80.5,Cloudy
Odisha,Bhubaneswar,2025-08-16,30.0,171.9,80.5,Cloudy
Odisha,Rourkela,2025-08-16,33.2,141.8,80.5,Rainy
Kerala,Kozhikode,2025-08-15,31.1,150.8,89.5,Stormy
Maharashtra,Aurangabad,2025-08-15,24.7,45.9,89.5,Rainy
Maharashtra,Mumbai,2025-08-14,29.5,171.4,80.0,Rainy
Rajasthan,Kota,2025-08-14,32.7,130.2,68.9,Rainy
Punjab,Ludhiana,2025-08-13,30.6,139.2,77.9,Stormy
Karnataka,Bengaluru,2025-08-12,29.0,16.9,90.6,Stormy
Gujarat,Rajkot,2025-08-11,33.8,131.3,70.0,Heavy Rain
Nagaland,Kohima,2025-08-10,28.0,136.6,75.3,Rainy
Uttar Pradesh,Lucknow,2025-08-09,23.2,33.3,76.9,Stormy
Delhi (NCT),Rohini,2025-08-09,33.3,141.9,80.6,Cloudy
Haryana,Panipat,2025-08-08,31.2,139.8,78.5,Rainy
Madhya Pradesh,Gwalior,2025-08-08,28.5,38.6,82.2,Heavy Rain
Mizoram,Aizawl,2025-08-08,23.8,132.4,71.1,Stormy
Sikkim,Gangtok,2025-08-07,32.8,130.3,69.0,Cloudy
Jammu and Kashmir,Srinagar,2025-08-07,30.6,74.0,87.5,Cloudy
Goa,Panaji,2025-08-05,31.3,84.4,83.3,Stormy
Haryana,Gurugram,2025-08-05,32.3,152.0,90.7,Stormy
Telangana,Warangal,2025-08-04,27.0,168.9,77.5,Heavy Rain
Meghalaya,Shillong,2025-08-03,28.6,170.5,79.1,Heavy Rain
Uttar Pradesh,Varanasi,2025-08-02,30.7,40.8,84.4,Cloudy
Andhra Pradesh,Tirupati,2025-08-01,28.6,49.8,93.4,Heavy Rain
Jharkhand,Dhanbad,2025-08-01,23.9,154.7,93.4,Cloudy
Andhra Pradesh,Guntur,2025-07-31,30.2,29.2,72.8,Cloudy
Jharkhand,Ranchi,2025-07-30,27.1,146.8,85.5,Stormy
Delhi (NCT),Dwarka,2025-07-30,30.8,139.4,78.1,Rainy
Arunachal Pradesh,Itanagar,2025-07-29,33.9,77.3,90.8,Stormy
Uttar Pradesh,Kanpur,2025-07-29,32.9,20.8,94.5,Cloudy
West Bengal,Darjeeling,2025-07-29,26.0,36.1,79.7,Stormy
Ladakh,Kargil,2025-07-29,28.2,114.6,83.4,Rainy
Himachal Pradesh,Shimla,2025-07-28,23.9,45.1,88.7,Rainy
Rajasthan,Udaipur,2025-07-28,30.8,161.6,70.2,Stormy
West Bengal,Siliguri,2025-07-28,30.8,18.7,92.4,Rainy
Ladakh,Leh,2025-07-28,29.3,82.4,81.3,Stormy
Andhra Pradesh,Visakhapatnam,2025-07-27,33.9,99.5,82.9,Rainy
Kerala,Kochi,2025-07-26,29.3,104.6,73.4,Rainy
Uttar Pradesh,Noida,2025-07-26,30.3,172.2,80.8,Rainy
Bihar,Bhagalpur,2025-07-25,27.7,136.3,75.0,Cloudy
Gujarat,Ahmedabad,2025-07-25,24.0,154.8,93.5,Stormy
Assam,Dibrugarh,2025-07-24,29.3,137.9,76.6,Cloudy
Arunachal Pradesh,Naharlagun,2025-07-23,32.9,98.5,81.9,Stormy
Assam,Guwahati,2025-07-23,30.9,128.4,67.1,Stormy
Assam,Silchar,2025-07-23,30.4,116.8,85.6,Stormy
Haryana,Faridabad,2025-07-23,23.5,154.3,93.0,Cloudy
Karnataka,Mangaluru,2025-07-23,27.7,15.6,89.3,Cloudy
Nagaland,Dimapur,2025-07-23,27.2,146.9,85.6,Heavy Rain
Andhra Pradesh,Vijayawada,2025-07-22,34.0,66.3,79.8,Rainy
Gujarat,Surat,2025-07-21,33.6,120.0,88.8,Stormy
Punjab,Jalandhar,2025-07-21,26.7,146.4,85.1,Stormy
Telangana,Nizamabad,2025-07-21,23.5,176.5,85.1,Heavy Rain
Himachal Pradesh,Manali,2025-07-20,33.0,43.1,86.7,Rainy
Maharashtra,Nagpur,2025-07-20,28.8,170.7,79.3,Cloudy
Rajasthan,Jaipur,2025-07-19,29.9,149.6,88.3,Stormy
Telangana,Hyderabad,2025-07-19,23.0,176.0,84.6,Stormy
Karnataka,Hubballi,2025-07-18,24.6,166.5,75.1,Heavy Rain
Maharashtra,Pune,2025-07-17,29.4,149.1,87.8,Cloudy
Rajasthan,Jodhpur,2025-07-17,29.9,160.7,69.3,Cloudy
Tripura,Agartala,2025-07-17,29.4,149.1,87.8,Cloudy
Gujarat,Vadodara,2025-07-16,27.3,147.0,85.7,Rainy
Manipur,Imphal,2025-07-16,31.0,128.5,67.2,Heavy Rain
West Bengal,Kolkata,2025-07-16,27.8,169.7,78.3,Heavy Rain
Kerala,Thiruvananthapuram,2025-07-15,26.7,81.2,94.7,Cloudy
West Bengal,Howrah,2025-07-15,29.4,160.2,68.8,Rainy
Jammu and Kashmir,Jammu,2025-07-15,29.9,40.0,83.6,Cloudy
Goa,Margao,2025-07-14,29.5,82.6,81.5,Rainy
Madhya Pradesh,Jabalpur,2025-07-14,24.1,45.3,88.9,Stormy
Punjab,Amritsar,2025-07-14,30.5,139.1,77.8,Cloudy
Karnataka,Mysuru,2025-07-13,32.1,151.8,90.5,Rainy
Uttar Pradesh,Agra,2025-07-13,28.9,159.7,68.3,Heavy Rain
Himachal Pradesh,Dharamshala,2025-07-12,28.3,93.9,77.3,Rainy
Chhattisgarh,Raipur,2025-07-11,28.4,16.3,90.0,Rainy
Tamil Nadu,Tiruchirappalli,2025-07-11,25.7,80.2,93.7,Heavy Rain
Bihar,Gaya,2025-07-10,28.5,81.6,80.5,Stormy
Chhattisgarh,Bilaspur,2025-07-10,26.8,36.9,80.5,Stormy
Maharashtra,Nashik,2025-07-10,26.3,168.2,76.8,Rainy
Odisha,Bhubaneswar,2025-07-10,26.3,168.2,76.8,Rainy
Odisha,Rourkela,2025-07-10,29.5,138.1,76.8,Heavy Rain
Kerala,Kozhikode,2025-07-09,27.4,147.1,85.8,Cloudy
Maharashtra,Aurangabad,2025-07-09,32.1,42.2,85.8,Heavy Rain
Maharashtra,Mumbai,2025-07-08,25.8,167.7,76.3,Heavy Rain
Rajasthan,Kota,2025-07-08,29.0,126.5,65.2,Heavy Rain
Punjab,Ludhiana,2025-07-07,26.9,135.5,74.2,Cloudy
Karnataka,Bengaluru,2025-07-06,25.3,178.3,86.9,Cloudy
Gujarat,Rajkot,2025-07-05,30.1,127.6,66.3,Stormy
Nagaland,Kohima,2025-07-04,24.3,132.9,71.6,Heavy Rain
Uttar Pradesh,Lucknow,2025-07-03,30.6,29.6,73.2,Cloudy
Delhi (NCT),Rohini,2025-07-03,29.6,138.2,76.9,Rainy
Haryana,Panipat,2025-07-02,27.5,136.1,74.8,Heavy Rain
Madhya Pradesh,Gwalior,2025-07-02,24.8,34.9,78.5,Stormy
Mizoram,Aizawl,2025-07-02,31.2,128.7,67.4,Cloudy
Sikkim,Gangtok,2025-07-01,29.1,126.6,65.3,Rainy
Jammu and Kashmir,Srinagar,2025-07-01,26.9,70.3,83.8,Rainy
Goa,Panaji,2025-06-29,27.6,80.7,79.6,Cloudy
Haryana,Gurugram,2025-06-29,28.6,148.3,87.0,Cloudy
Telangana,Warangal,2025-06-28,23.3,165.2,73.8,Stormy
Meghalaya,Shillong,2025-06-27,24.9,166.8,75.4,Stormy
Uttar Pradesh,Varanasi,2025-06-26,27.0,37.1,80.7,Rainy
Andhra Pradesh,Tirupati,2025-06-25,24.9,46.1,89.7,Stormy
Jharkhand,Dhanbad,2025-06-25,31.3,151.0,89.7,Rainy
Andhra Pradesh,Guntur,2025-06-24,26.5,25.5,69.1,Rainy
Jharkhand,Ranchi,2025-06-23,23.4,143.1,81.8,Cloudy
Odisha,Cuttack,2025-06-23,27.1,124.6,93.4,Rainy
Delhi (NCT),Dwarka,2025-06-23,27.1,135.7,74.4,Heavy Rain
Arunachal Pradesh,Itanagar,2025-06-22,30.2,73.6,87.1,Cloudy
Uttar Pradesh,Kanpur,2025-06-22,29.2,17.1,90.8,Rainy
West Bengal,Darjeeling,2025-06-22,33.4,32.4,76.0,Cloudy
Ladakh,Kargil,2025-06-22,24.5,110.9,79.7,Heavy Rain
Himachal Pradesh,Shimla,2025-06-21,31.3,41.4,85.0,Heavy Rain
Rajasthan,Udaipur,2025-06-21,27.1,157.9,66.5,Cloudy
West Bengal,Siliguri,2025-06-21,27.1,15.0,88.7,Heavy Rain
Ladakh,Leh,2025-06-21,25.6,78.7,77.6,Cloudy
Andhra Pradesh,Visakhapatnam,2025-06-20,30.2,95.8,79.2,Heavy Rain
Kerala,Kochi,2025-06-19,25.6,100.9,69.7,Heavy Rain
Uttar Pradesh,Noida,2025-06-19,26.6,168.5,77.1,Heavy Rain
Bihar,Bhagalpur,2025-06-18,24.0,132.6,71.3,Rainy
Gujarat,Ahmedabad,2025-06-18,31.4,151.1,89.8,Cloudy
Assam,Dibrugarh,2025-06-17,25.6,134.2,72.9,Rainy
Arunachal Pradesh,Naharlagun,2025-06-16,29.2,94.8,78.2,Cloudy
Assam,Guwahati,2025-06-16,27.2,124.7,93.5,Cloudy
Assam,Silchar,2025-06-16,26.7,113.1,81.9,Cloudy
Haryana,Faridabad,2025-06-16,30.9,150.6,89.3,Rainy
Karnataka,Mangaluru,2025-06-16,24.0,177.0,85.6,Rainy
Nagaland,Dimapur,2025-06-16,23.5,143.2,81.9,Stormy
Andhra Pradesh,Vijayawada,2025-06-15,30.3,62.6,76.1,Heavy Rain
Gujarat,Surat,2025-06-14,29.9,116.3,85.1,Cloudy
Punjab,Jalandhar,2025-06-14,23.0,142.7,81.4,Cloudy
Telangana,Nizamabad,2025-06-14,30.9,172.8,81.4,Stormy
Himachal Pradesh,Manali,2025-06-13,29.3,39.4,83.0,Heavy Rain
Maharashtra,Nagpur,2025-06-13,25.1,167.0,75.6,Rainy
Rajasthan,Jaipur,2025-06-12,26.2,145.9,84.6,Cloudy
Telangana,Hyderabad,2025-06-12,30.4,172.3,80.9,Cloudy
Karnataka,Hubballi,2025-06-11,32.0,162.8,71.4,Stormy
Maharashtra,Pune,2025-06-10,25.7,145.4,84.1,Rainy
Rajasthan,Jodhpur,2025-06-10,26.2,157.0,65.6,Rainy
Tripura,Agartala,2025-06-10,25.7,145.4,84.1,Rainy
Gujarat,Vadodara,2025-06-09,23.6,143.3,82.0,Heavy Rain
Manipur,Imphal,2025-06-09,27.3,124.8,93.6,Stormy
West Bengal,Kolkata,2025-06-09,24.1,166.0,74.6,Stormy
Kerala,Thiruvananthapuram,2025-06-08,23.0,77.5,91.0,Rainy
West Bengal,Howrah,2025-06-08,25.7,156.5,65.1,Heavy Rain
Jammu and Kashmir,Jammu,2025-06-08,26.2,36.3,79.9,Rainy
Goa,Margao,2025-06-07,25.8,78.9,77.8,Heavy Rain
Madhya Pradesh,Jabalpur,2025-06-07,31.5,41.6,85.2,Cloudy
Punjab,Amritsar,2025-06-07,26.8,135.4,74.1,Rainy
Karnataka,Mysuru,2025-06-06,28.4,148.1,86.8,Heavy Rain
Uttar Pradesh,Agra,2025-06-06,25.2,156.0,94.7,Stormy
Himachal Pradesh,Dharamshala,2025-06-05,24.6,90.2,73.6,Heavy Rain
Chhattisgarh,Raipur,2025-06-04,24.7,177.7,86.3,Heavy Rain
Tamil Nadu,Tiruchirappalli,2025-06-04,33.1,76.5,90.0,Stormy
Bihar,Gaya,2025-06-03,24.8,77.9,76.8,Cloudy
Chhattisgarh,Bilaspur,2025-06-03,23.1,33.2,76.8,Cloudy
Maharashtra,Nashik,2025-06-03,33.7,164.5,73.1,Heavy Rain
Odisha,Bhubaneswar,2025-06-03,33.7,164.5,73.1,Heavy Rain
Odisha,Rourkela,2025-06-03,25.8,134.4,73.1,Stormy
Chhattisgarh,Durg,2025-06-02,24.2,155.0,93.7,Rainy
Kerala,Kozhikode,2025-06-02,23.7,143.4,82.1,Rainy
Maharashtra,Aurangabad,2025-06-02,28.4,38.5,82.1,Stormy
Delhi (NCT),New Delhi,2025-06-02,24.2,155.0,93.7,Rainy
Maharashtra,Mumbai,2025-06-01,33.2,164.0,72.6,Stormy
Rajasthan,Kota,2025-06-01,25.3,122.8,91.6,Stormy
Punjab,Ludhiana,2025-05-31,44.4,5.4,35.6,Sunny
Karnataka,Bengaluru,2025-05-30,32.9,11.9,43.3,Sunny
Gujarat,Rajkot,2025-05-29,36.5,9.6,27.7,Hot
Nagaland,Kohima,2025-05-28,41.8,2.8,33.0,Clear
Uttar Pradesh,Lucknow,2025-05-27,31.2,4.1,24.6,Sunny
Delhi (NCT),Rohini,2025-05-27,29.0,8.1,38.3,Dry
Haryana,Panipat,2025-05-26,45.0,6.0,36.2,Clear
Madhya Pradesh,Gwalior,2025-05-26,36.5,9.4,29.9,Hot
Mizoram,Aizawl,2025-05-26,37.6,10.7,28.8,Sunny
Sikkim,Gangtok,2025-05-25,35.5,8.6,26.7,Dry
Jammu and Kashmir,Srinagar,2025-05-25,35.7,8.5,30.2,Dry
Goa,Panaji,2025-05-23,43.9,11.1,15.9,Sunny
Haryana,Gurugram,2025-05-23,39.1,6.1,48.4,Sunny
Telangana,Warangal,2025-05-22,37.9,10.9,30.2,Hot
Meghalaya,Shillong,2025-05-21,39.5,0.4,31.8,Hot
Uttar Pradesh,Varanasi,2025-05-20,38.7,11.6,32.1,Dry
Andhra Pradesh,Tirupati,2025-05-19,29.6,8.5,41.1,Hot
Jharkhand,Dhanbad,2025-05-19,41.8,8.8,16.0,Dry
Andhra Pradesh,Guntur,2025-05-18,45.2,0.0,20.5,Dry
Jharkhand,Ranchi,2025-05-17,33.9,0.9,43.2,Sunny
Odisha,Cuttack,2025-05-17,33.5,6.6,24.7,Dry
Delhi (NCT),Dwarka,2025-05-17,44.6,5.6,35.8,Clear
Arunachal Pradesh,Itanagar,2025-05-16,39.0,11.8,33.5,Sunny
Uttar Pradesh,Kanpur,2025-05-16,36.8,3.7,47.2,Dry
West Bengal,Darjeeling,2025-05-16,34.0,6.9,27.4,Sunny
Ladakh,Kargil,2025-05-16,37.9,5.0,46.1,Clear
Himachal Pradesh,Shimla,2025-05-15,43.0,3.8,36.4,Clear
Rajasthan,Udaipur,2025-05-15,30.6,3.6,22.9,Sunny
West Bengal,Siliguri,2025-05-15,34.7,1.6,45.1,Clear
Ladakh,Leh,2025-05-15,41.9,9.1,49.0,Sunny
Andhra Pradesh,Visakhapatnam,2025-05-14,43.1,9.8,20.6,Clear
Kerala,Kochi,2025-05-13,46.0,7.1,36.1,Clear
Uttar Pradesh,Noida,2025-05-13,41.2,2.1,33.5,Clear
Bihar,Bhagalpur,2025-05-12,41.5,2.5,32.7,Dry
Gujarat,Ahmedabad,2025-05-12,41.9,8.9,16.1,Sunny
Assam,Dibrugarh,2025-05-11,43.1,4.1,34.3,Dry
Arunachal Pradesh,Naharlagun,2025-05-10,42.1,8.8,19.6,Sunny
Assam,Guwahati,2025-05-10,33.6,6.7,24.8,Sunny
Assam,Silchar,2025-05-10,40.1,7.2,48.3,Sunny
Haryana,Faridabad,2025-05-10,41.4,8.4,15.6,Dry
Karnataka,Mangaluru,2025-05-10,31.6,10.6,42.0,Dry
Nagaland,Dimapur,2025-05-10,34.0,1.0,43.3,Hot
Andhra Pradesh,Vijayawada,2025-05-09,28.0,0.8,22.5,Clear
Gujarat,Surat,2025-05-08,43.3,10.4,16.4,Sunny
Punjab,Jalandhar,2025-05-08,33.5,0.5,42.8,Sunny
Telangana,Nizamabad,2025-05-08,45.5,6.4,37.8,Hot
Himachal Pradesh,Manali,2025-05-07,41.0,1.8,34.4,Clear
Maharashtra,Nagpur,2025-05-07,39.7,0.6,32.0,Dry
Rajasthan,Jaipur,2025-05-06,36.7,3.7,46.0,Sunny
Telangana,Hyderabad,2025-05-06,45.0,5.9,37.3,Sunny
Karnataka,Hubballi,2025-05-05,35.5,8.5,27.8,Hot
Maharashtra,Pune,2025-05-04,36.2,3.2,45.5,Dry
Rajasthan,Jodhpur,2025-05-04,29.7,2.7,22.0,Dry
Tripura,Agartala,2025-05-04,36.2,3.2,45.5,Dry
Gujarat,Vadodara,2025-05-03,34.1,1.1,43.4,Clear
Manipur,Imphal,2025-05-03,33.7,6.8,24.9,Hot
West Bengal,Kolkata,2025-05-03,38.7,11.7,31.0,Hot
Kerala,Thiruvananthapuram,2025-05-02,42.9,3.6,37.4,Dry
West Bengal,Howrah,2025-05-02,29.2,2.2,21.5,Clear
Jammu and Kashmir,Jammu,2025-05-02,37.9,10.8,31.3,Dry
Goa,Margao,2025-05-01,42.1,9.3,49.2,Clear
Madhya Pradesh,Jabalpur,2025-05-01,43.2,4.0,36.6,Sunny
Punjab,Amritsar,2025-05-01,44.3,5.3,35.5,Dry
Karnataka,Mysuru,2025-04-30,38.9,5.9,48.2,Clear
Uttar Pradesh,Agra,2025-04-30,28.7,1.7,21.0,Hot
Himachal Pradesh,Dharamshala,2025-04-29,37.5,4.2,15.0,Clear
Chhattisgarh,Raipur,2025-04-28,32.3,11.3,42.7,Clear
Tamil Nadu,Tiruchirappalli,2025-04-28,41.9,2.6,36.4,Hot
Bihar,Gaya,2025-04-27,41.1,8.3,48.2,Sunny
Chhattisgarh,Bilaspur,2025-04-27,34.8,7.7,28.2,Sunny
Maharashtra,Nashik,2025-04-27,37.2,10.2,29.5,Clear
Odisha,Bhubaneswar,2025-04-27,37.2,10.2,29.5,Clear
Odisha,Rourkela,2025-04-27,43.3,4.3,34.5,Hot
Chhattisgarh,Durg,2025-04-26,45.8,0.7,20.0,Dry
Kerala,Kozhikode,2025-04-26,34.2,1.2,43.5,Dry
Maharashtra,Aurangabad,2025-04-26,40.1,0.9,33.5,Hot
Delhi (NCT),New Delhi,2025-04-26,45.8,0.7,20.0,Dry
Maharashtra,Mumbai,2025-04-25,36.7,9.7,29.0,Hot
Rajasthan,Kota,2025-04-25,31.7,4.8,22.9,Hot
Punjab,Ludhiana,2025-04-24,40.7,1.7,31.9,Dry
Karnataka,Bengaluru,2025-04-23,29.2,8.2,39.6,Dry
Gujarat,Rajkot,2025-04-22,32.8,5.9,24.0,Sunny
Nagaland,Kohima,2025-04-21,38.1,11.2,29.3,Hot
Uttar Pradesh,Lucknow,2025-04-20,45.6,0.4,20.9,Dry
Delhi (NCT),Rohini,2025-04-20,43.4,4.4,34.6,Clear
Haryana,Panipat,2025-04-19,41.3,2.3,32.5,Hot
Madhya Pradesh,Gwalior,2025-04-19,32.8,5.7,26.2,Sunny
Mizoram,Aizawl,2025-04-19,33.9,7.0,25.1,Dry
Sikkim,Gangtok,2025-04-18,31.8,4.9,23.0,Clear
Jammu and Kashmir,Srinagar,2025-04-18,32.0,4.8,26.5,Clear
Goa,Panaji,2025-04-16,40.2,7.4,47.3,Dry
Haryana,Gurugram,2025-04-16,35.4,2.4,44.7,Dry
Telangana,Warangal,2025-04-15,34.2,7.2,26.5,Sunny
Meghalaya,Shillong,2025-04-14,35.8,8.8,28.1,Sunny
Uttar Pradesh,Varanasi,2025-04-13,35.0,7.9,28.4,Clear
Andhra Pradesh,Tirupati,2025-04-12,44.0,4.8,37.4,Sunny
Jharkhand,Dhanbad,2025-04-12,38.1,5.1,47.4,Clear
Andhra Pradesh,Guntur,2025-04-11,41.5,8.4,16.8,Clear
Jharkhand,Ranchi,2025-04-10,30.2,9.3,39.5,Dry
Odisha,Cuttack,2025-04-10,29.8,2.9,21.0,Clear
Delhi (NCT),Dwarka,2025-04-10,40.9,1.9,32.1,Hot
Arunachal Pradesh,Itanagar,2025-04-09,35.3,8.1,29.8,Dry
Uttar Pradesh,Kanpur,2025-04-09,33.1,0.0,43.5,Clear
West Bengal,Darjeeling,2025-04-09,30.3,3.2,23.7,Dry
Ladakh,Kargil,2025-04-09,34.2,1.3,42.4,Hot
Himachal Pradesh,Shimla,2025-04-08,39.3,0.1,32.7,Hot
Rajasthan,Udaipur,2025-04-08,45.0,12.0,19.2,Dry
West Bengal,Siliguri,2025-04-08,31.0,10.0,41.4,Hot
Ladakh,Leh,2025-04-08,38.2,5.4,45.3,Dry
Andhra Pradesh,Visakhapatnam,2025-04-07,39.4,6.1,16.9,Hot
Kerala,Kochi,2025-04-06,42.3,3.4,32.4,Hot
Uttar Pradesh,Noida,2025-04-06,37.5,10.5,29.8,Hot
Bihar,Bhagalpur,2025-04-05,37.8,10.9,29.0,Clear
Gujarat,Ahmedabad,2025-04-05,38.2,5.2,47.5,Dry
Assam,Dibrugarh,2025-04-04,39.4,0.4,30.6,Clear
Arunachal Pradesh,Naharlagun,2025-04-03,38.4,5.1,15.9,Dry
Assam,Guwahati,2025-04-03,29.9,3.0,21.1,Dry
Assam,Silchar,2025-04-03,36.4,3.5,44.6,Dry
Haryana,Faridabad,2025-04-03,37.7,4.7,47.0,Clear
Karnataka,Mangaluru,2025-04-03,46.0,6.9,38.3,Clear
Nagaland,Dimapur,2025-04-03,30.3,9.4,39.6,Sunny
Andhra Pradesh,Vijayawada,2025-04-02,42.4,9.2,18.8,Hot
Bihar,Patna,2025-04-01,31.8,5.0,21.9,Sunny
Gujarat,Surat,2025-04-01,39.6,6.7,47.8,Dry
Punjab,Jalandhar,2025-04-01,29.8,8.9,39.1,Dry
Telangana,Nizamabad,2025-04-01,41.8,2.7,34.1,Sunny
Himachal Pradesh,Manali,2025-03-31,37.3,10.2,30.7,Hot
Maharashtra,Nagpur,2025-03-31,36.0,9.0,28.3,Clear
Rajasthan,Jaipur,2025-03-30,33.0,0.0,42.3,Dry
Telangana,Hyderabad,2025-03-30,41.3,2.2,33.6,Dry
Karnataka,Hubballi,2025-03-29,31.8,4.8,24.1,Sunny
Maharashtra,Pune,2025-03-28,32.5,11.6,41.8,Clear
Rajasthan,Jodhpur,2025-03-28,44.1,11.1,18.3,Clear
Tripura,Agartala,2025-03-28,32.5,11.6,41.8,Clear
Gujarat,Vadodara,2025-03-27,30.4,9.5,39.7,Hot
Manipur,Imphal,2025-03-27,30.0,3.1,21.2,Sunny
West Bengal,Kolkata,2025-03-27,35.0,8.0,27.3,Sunny
Kerala,Thiruvananthapuram,2025-03-26,39.2,12.0,33.7,Clear
West Bengal,Howrah,2025-03-26,43.6,10.6,17.8,Hot
Jammu and Kashmir,Jammu,2025-03-26,34.2,7.1,27.6,Clear
Goa,Margao,2025-03-25,38.4,5.6,45.5,Hot
Madhya Pradesh,Jabalpur,2025-03-25,39.5,0.3,32.9,Dry
Punjab,Amritsar,2025-03-25,40.6,1.6,31.8,Clear
Karnataka,Mysuru,2025-03-24,35.2,2.2,44.5,Hot
Uttar Pradesh,Agra,2025-03-24,43.1,10.1,17.3,Sunny
Himachal Pradesh,Dharamshala,2025-03-23,33.8,0.5,46.4,Hot
Chhattisgarh,Raipur,2025-03-22,28.6,7.6,39.0,Hot
Tamil Nadu,Tiruchirappalli,2025-03-22,38.2,11.0,32.7,Sunny
Bihar,Gaya,2025-03-21,37.4,4.6,44.5,Dry
Chhattisgarh,Bilaspur,2025-03-21,31.1,4.0,24.5,Dry
Maharashtra,Nashik,2025-03-21,33.5,6.5,25.8,Hot
Odisha,Bhubaneswar,2025-03-21,33.5,6.5,25.8,Hot
Odisha,Rourkela,2025-03-21,39.6,0.6,30.8,Sunny
Chhattisgarh,Durg,2025-03-20,42.1,9.1,16.3,Clear
Kerala,Kozhikode,2025-03-20,30.5,9.6,39.8,Clear
Maharashtra,Aurangabad,2025-03-20,36.4,9.3,29.8,Sunny
Delhi (NCT),New Delhi,2025-03-20,42.1,9.1,16.3,Clear
Maharashtra,Mumbai,2025-03-19,33.0,6.0,25.3,Sunny
Rajasthan,Kota,2025-03-19,28.0,1.1,19.2,Sunny
Punjab,Ludhiana,2025-03-18,37.0,10.1,28.2,Clear
Karnataka,Bengaluru,2025-03-17,43.6,4.5,35.9,Clear
Gujarat,Rajkot,2025-03-16,29.1,2.2,20.3,Dry
Nagaland,Kohima,2025-03-15,34.4,7.5,25.6,Sunny
Uttar Pradesh,Lucknow,2025-03-14,41.9,8.8,17.2,Clear
Delhi (NCT),Rohini,2025-03-14,39.7,0.7,30.9,Hot
Haryana,Panipat,2025-03-13,37.6,10.7,28.8,Sunny
Madhya Pradesh,Gwalior,2025-03-13,29.1,2.0,22.5,Dry
Mizoram,Aizawl,2025-03-13,30.2,3.3,21.4,Clear
Sikkim,Gangtok,2025-03-12,28.1,1.2,19.3,Hot
Jammu and Kashmir,Srinagar,2025-03-12,28.3,1.1,22.8,Hot
Goa,Panaji,2025-03-10,36.5,3.7,43.6,Clear
Haryana,Gurugram,2025-03-10,31.7,10.8,41.0,Clear
Telangana,Warangal,2025-03-09,30.5,3.5,22.8,Dry
Meghalaya,Shillong,2025-03-08,32.1,5.1,24.4,Dry
Uttar Pradesh,Varanasi,2025-03-07,31.3,4.2,24.7,Hot
Andhra Pradesh,Tirupati,2025-03-06,40.3,1.1,33.7,Dry
Jharkhand,Dhanbad,2025-03-06,34.4,1.4,43.7,Hot
Andhra Pradesh,Guntur,2025-03-05,37.8,4.7,48.2,Hot
Jharkhand,Ranchi,2025-03-04,44.6,5.6,35.8,Clear
Odisha,Cuttack,2025-03-04,44.2,11.3,17.3,Hot
Delhi (NCT),Dwarka,2025-03-04,37.2,10.3,28.4,Sunny
Arunachal Pradesh,Itanagar,2025-03-03,31.6,4.4,26.1,Clear
Uttar Pradesh,Kanpur,2025-03-03,29.4,8.4,39.8,Hot
West Bengal,Darjeeling,2025-03-03,44.7,11.6,20.0,Clear
Ladakh,Kargil,2025-03-03,30.5,9.7,38.7,Sunny
Himachal Pradesh,Shimla,2025-03-02,35.6,8.5,29.0,Sunny
Rajasthan,Udaipur,2025-03-02,41.3,8.3,15.5,Clear
West Bengal,Siliguri,2025-03-02,45.4,6.3,37.7,Sunny
Ladakh,Leh,2025-03-02,34.5,1.7,41.6,Clear
Andhra Pradesh,Visakhapatnam,2025-03-01,35.7,2.4,48.3,Sunny
Kerala,Kochi,2025-02-28,13.6,5.6,43.7,Sunny
Uttar Pradesh,Noida,2025-02-28,9.2,0.3,41.1,Sunny
Bihar,Bhagalpur,2025-02-27,9.3,4.9,40.3,Foggy
Gujarat,Ahmedabad,2025-02-27,9.8,7.2,58.8,Cloudy
Assam,Dibrugarh,2025-02-26,10.9,6.5,41.9,Foggy
Arunachal Pradesh,Naharlagun,2025-02-25,10.6,2.6,62.3,Cloudy
Assam,Guwahati,2025-02-25,19.4,5.1,32.4,Cloudy
Assam,Silchar,2025-02-25,25.8,1.6,55.9,Cloudy
Haryana,Faridabad,2025-02-25,9.3,6.7,58.3,Foggy
Karnataka,Mangaluru,2025-02-25,17.7,0.7,49.6,Foggy
Nagaland,Dimapur,2025-02-25,19.9,7.4,50.9,Clear
Andhra Pradesh,Vijayawada,2025-02-24,14.4,2.8,30.1,Sunny
Bihar,Patna,2025-02-23,21.1,3.2,33.2,Clear
Gujarat,Surat,2025-02-23,11.0,4.8,59.1,Cloudy
Punjab,Jalandhar,2025-02-23,19.4,6.9,50.4,Cloudy
Telangana,Nizamabad,2025-02-23,13.5,4.6,45.4,Clear
Himachal Pradesh,Manali,2025-02-22,9.2,3.9,42.0,Sunny
Maharashtra,Nagpur,2025-02-22,25.7,6.9,39.6,Foggy
Rajasthan,Jaipur,2025-02-21,22.6,2.0,53.6,Cloudy
Telangana,Hyderabad,2025-02-21,13.0,4.1,44.9,Cloudy
Karnataka,Hubballi,2025-02-20,21.5,2.7,35.4,Clear
Maharashtra,Pune,2025-02-19,22.1,1.5,53.1,Foggy
Rajasthan,Jodhpur,2025-02-19,15.7,5.0,64.7,Foggy
Tripura,Agartala,2025-02-19,22.1,1.5,53.1,Foggy
Gujarat,Vadodara,2025-02-18,20.0,7.5,51.0,Sunny
Manipur,Imphal,2025-02-18,19.5,5.2,32.5,Clear
West Bengal,Kolkata,2025-02-18,24.7,5.9,38.6,Clear
Kerala,Thiruvananthapuram,2025-02-17,11.3,1.5,45.0,Foggy
West Bengal,Howrah,2025-02-17,15.2,4.5,64.2,Sunny
Jammu and Kashmir,Jammu,2025-02-17,24.1,0.8,38.9,Foggy
Goa,Margao,2025-02-16,9.6,7.9,56.8,Sunny
Madhya Pradesh,Jabalpur,2025-02-16,11.4,6.1,44.2,Cloudy
Punjab,Amritsar,2025-02-16,12.1,7.7,43.1,Foggy
Karnataka,Mysuru,2025-02-15,24.8,4.2,55.8,Sunny
Uttar Pradesh,Agra,2025-02-15,14.7,4.0,63.7,Clear
Himachal Pradesh,Dharamshala,2025-02-14,24.0,6.1,57.7,Sunny
Chhattisgarh,Raipur,2025-02-13,18.4,1.4,50.3,Sunny
Tamil Nadu,Tiruchirappalli,2025-02-13,10.3,0.5,44.0,Clear
Bihar,Gaya,2025-02-12,8.6,6.9,55.8,Cloudy
Chhattisgarh,Bilaspur,2025-02-12,21.0,5.8,35.8,Cloudy
Maharashtra,Nashik,2025-02-12,23.2,4.4,37.1,Sunny
Odisha,Bhubaneswar,2025-02-12,23.2,4.4,37.1,Sunny
Odisha,Rourkela,2025-02-12,11.1,6.7,42.1,Clear
Chhattisgarh,Durg,2025-02-11,13.7,3.0,62.7,Foggy
Kerala,Kozhikode,2025-02-11,20.1,7.6,51.1,Foggy
Maharashtra,Aurangabad,2025-02-11,8.3,3.0,41.1,Clear
Delhi (NCT),New Delhi,2025-02-11,13.7,3.0,62.7,Foggy
Maharashtra,Mumbai,2025-02-10,22.7,3.9,36.6,Clear
Rajasthan,Kota,2025-02-10,17.5,3.2,30.5,Clear
Punjab,Ludhiana,2025-02-09,8.5,4.1,39.5,Foggy
Karnataka,Bengaluru,2025-02-08,15.3,6.4,47.2,Foggy
Gujarat,Rajkot,2025-02-07,18.6,4.3,31.6,Cloudy
Nagaland,Kohima,2025-02-06,23.9,1.5,36.9,Clear
Uttar Pradesh,Lucknow,2025-02-05,13.7,6.6,63.6,Foggy
Delhi (NCT),Rohini,2025-02-05,11.2,6.8,42.2,Sunny
Haryana,Panipat,2025-02-04,9.1,4.7,40.1,Clear
Madhya Pradesh,Gwalior,2025-02-04,19.0,3.8,33.8,Cloudy
Mizoram,Aizawl,2025-02-04,19.7,5.4,32.7,Foggy
Sikkim,Gangtok,2025-02-03,17.6,3.3,30.6,Sunny
Jammu and Kashmir,Srinagar,2025-02-03,18.4,6.8,34.1,Sunny
Goa,Panaji,2025-02-01,25.7,6.0,54.9,Foggy
Haryana,Gurugram,2025-02-01,21.3,0.7,52.3,Foggy
Telangana,Warangal,2025-01-31,20.2,1.4,34.1,Cloudy
Meghalaya,Shillong,2025-01-30,21.8,3.0,35.7,Cloudy
Uttar Pradesh,Varanasi,2025-01-29,21.2,6.0,36.0,Sunny
Andhra Pradesh,Tirupati,2025-01-28,12.2,6.9,45.0,Cloudy
Jharkhand,Dhanbad,2025-01-28,24.0,3.4,55.0,Sunny
Uttarakhand,Haridwar,2025-01-28,8.0,0.9,57.9,Sunny
Andhra Pradesh,Guntur,2025-01-27,9.6,2.5,59.5,Sunny
Jharkhand,Ranchi,2025-01-26,16.1,3.6,47.1,Foggy
Odisha,Cuttack,2025-01-26,15.6,1.3,63.7,Sunny
Delhi (NCT),Dwarka,2025-01-26,8.7,4.3,39.7,Clear
Arunachal Pradesh,Itanagar,2025-01-25,21.7,2.0,37.4,Foggy
Uttar Pradesh,Kanpur,2025-01-25,19.2,2.2,51.1,Sunny
West Bengal,Darjeeling,2025-01-25,16.5,1.3,31.3,Foggy
Ladakh,Kargil,2025-01-25,19.9,3.8,50.0,Clear
Himachal Pradesh,Shimla,2025-01-24,25.5,2.2,40.3,Clear
Rajasthan,Udaipur,2025-01-24,12.9,2.2,61.9,Foggy
West Bengal,Siliguri,2025-01-24,17.1,0.1,49.0,Clear
Ladakh,Leh,2025-01-24,23.7,4.0,52.9,Foggy
Andhra Pradesh,Visakhapatnam,2025-01-23,25.9,8.0,59.6,Clear
Tamil Nadu,Madurai,2025-01-23,10.8,0.1,59.8,Sunny
Kerala,Kochi,2025-01-22,9.9,1.9,40.0,Clear
Uttar Pradesh,Noida,2025-01-22,23.5,4.7,37.4,Clear
Bihar,Bhagalpur,2025-01-21,23.6,1.2,36.6,Sunny
Gujarat,Ahmedabad,2025-01-21,24.1,3.5,55.1,Foggy
Assam,Dibrugarh,2025-01-20,25.2,2.8,38.2,Sunny
Arunachal Pradesh,Naharlagun,2025-01-19,24.9,7.0,58.6,Foggy
Assam,Guwahati,2025-01-19,15.7,1.4,63.8,Foggy
Assam,Silchar,2025-01-19,22.1,6.0,52.2,Foggy
Haryana,Faridabad,2025-01-19,23.6,3.0,54.6,Sunny
Karnataka,Mangaluru,2025-01-19,14.0,5.1,45.9,Sunny
Nagaland,Dimapur,2025-01-19,16.2,3.7,47.2,Cloudy
Andhra Pradesh,Vijayawada,2025-01-18,10.7,7.2,61.5,Clear
Bihar,Patna,2025-01-17,17.4,7.6,64.6,Cloudy
Gujarat,Surat,2025-01-17,25.3,1.1,55.4,Foggy
Punjab,Jalandhar,2025-01-17,15.7,3.2,46.7,Foggy
Telangana,Nizamabad,2025-01-17,9.8,0.9,41.7,Cloudy
Himachal Pradesh,Manali,2025-01-16,23.5,0.2,38.3,Clear
Maharashtra,Nagpur,2025-01-16,22.0,3.2,35.9,Sunny
Rajasthan,Jaipur,2025-01-15,18.9,6.4,49.9,Foggy
Telangana,Hyderabad,2025-01-15,9.3,0.4,41.2,Foggy
Karnataka,Hubballi,2025-01-14,17.8,7.1,31.7,Cloudy
Maharashtra,Pune,2025-01-13,18.4,5.9,49.4,Sunny
Rajasthan,Jodhpur,2025-01-13,12.0,1.3,61.0,Sunny
Tripura,Agartala,2025-01-13,18.4,5.9,49.4,Sunny
Gujarat,Vadodara,2025-01-12,16.3,3.8,47.3,Clear
Manipur,Imphal,2025-01-12,15.8,1.5,63.9,Cloudy
West Bengal,Kolkata,2025-01-12,21.0,2.2,34.9,Cloudy
Kerala,Thiruvananthapuram,2025-01-11,25.6,5.9,41.3,Sunny
West Bengal,Howrah,2025-01-11,11.5,0.8,60.5,Clear
Jammu and Kashmir,Jammu,2025-01-11,20.4,5.2,35.2,Sunny
Goa,Margao,2025-01-10,23.9,4.2,53.1,Clear
Madhya Pradesh,Jabalpur,2025-01-10,25.7,2.4,40.5,Foggy
Punjab,Amritsar,2025-01-10,8.4,4.0,39.4,Sunny
Karnataka,Mysuru,2025-01-09,21.1,0.5,52.1,Clear
Uttar Pradesh,Agra,2025-01-09,11.0,0.3,60.0,Cloudy
Himachal Pradesh,Dharamshala,2025-01-08,20.3,2.4,54.0,Clear
Chhattisgarh,Raipur,2025-01-07,14.7,5.8,46.6,Clear
Tamil Nadu,Tiruchirappalli,2025-01-07,24.6,4.9,40.3,Cloudy
Bihar,Gaya,2025-01-06,22.9,3.2,52.1,Foggy
Chhattisgarh,Bilaspur,2025-01-06,17.3,2.1,32.1,Foggy
Maharashtra,Nashik,2025-01-06,19.5,0.7,33.4,Clear
Odisha,Bhubaneswar,2025-01-06,19.5,0.7,33.4,Clear
Odisha,Rourkela,2025-01-06,25.4,3.0,38.4,Cloudy
Chhattisgarh,Durg,2025-01-05,10.0,7.4,59.0,Sunny
Kerala,Kozhikode,2025-01-05,16.4,3.9,47.4,Sunny
Maharashtra,Aurangabad,2025-01-05,22.6,7.4,37.4,Cloudy
Delhi (NCT),New Delhi,2025-01-05,10.0,7.4,59.0,Sunny
Maharashtra,Mumbai,2025-01-04,19.0,0.2,32.9,Cloudy
Rajasthan,Kota,2025-01-04,13.8,7.6,61.9,Cloudy
Punjab,Ludhiana,2025-01-03,22.8,0.4,35.8,Sunny
Karnataka,Bengaluru,2025-01-02,11.6,2.7,43.5,Sunny
Uttarakhand,Nainital,2025-01-02,23.2,6.2,55.1,Sunny
Gujarat,Rajkot,2025-01-01,14.9,0.6,63.0,Foggy
Nagaland,Kohima,2024-12-31,20.2,5.9,33.2,Cloudy
Uttar Pradesh,Lucknow,2024-12-30,10.0,2.9,59.9,Sunny
Delhi (NCT),Rohini,2024-12-30,25.5,3.1,38.5,Clear
Haryana,Panipat,2024-12-29,23.4,1.0,36.4,Cloudy
Madhya Pradesh,Gwalior,2024-12-29,15.3,0.1,30.1,Foggy
Mizoram,Aizawl,2024-12-29,16.0,1.7,64.1,Sunny
Sikkim,Gangtok,2024-12-28,13.9,7.7,62.0,Clear
Jammu and Kashmir,Srinagar,2024-12-28,14.7,3.1,30.4,Clear
Goa,Panaji,2024-12-26,22.0,2.3,51.2,Sunny
Haryana,Gurugram,2024-12-26,17.6,5.1,48.6,Sunny
Telangana,Warangal,2024-12-25,16.5,5.8,30.4,Foggy
Meghalaya,Shillong,2024-12-24,18.1,7.4,32.0,Foggy
Uttar Pradesh,Varanasi,2024-12-23,17.5,2.3,32.3,Clear
Andhra Pradesh,Tirupati,2024-12-22,8.5,3.2,41.3,Foggy
Jharkhand,Dhanbad,2024-12-22,20.3,7.8,51.3,Clear
Uttarakhand,Haridwar,2024-12-22,22.3,5.3,54.2,Clear
Andhra Pradesh,Guntur,2024-12-21,23.9,6.9,55.8,Clear
Jharkhand,Ranchi,2024-12-20,12.4,8.0,43.4,Sunny
Odisha,Cuttack,2024-12-20,11.9,5.7,60.0,Clear
Delhi (NCT),Dwarka,2024-12-20,23.0,0.6,36.0,Cloudy
Arunachal Pradesh,Itanagar,2024-12-19,18.0,6.4,33.7,Sunny
Uttar Pradesh,Kanpur,2024-12-19,15.5,6.6,47.4,Clear
West Bengal,Darjeeling,2024-12-19,12.8,5.7,62.7,Sunny
Ladakh,Kargil,2024-12-19,16.2,0.1,46.3,Cloudy
Himachal Pradesh,Shimla,2024-12-18,21.8,6.6,36.6,Cloudy
Rajasthan,Udaipur,2024-12-18,9.2,6.6,58.2,Sunny
West Bengal,Siliguri,2024-12-18,13.4,4.5,45.3,Cloudy
Ladakh,Leh,2024-12-18,20.0,0.3,49.2,Sunny
Andhra Pradesh,Visakhapatnam,2024-12-17,22.2,4.3,55.9,Cloudy
Tamil Nadu,Madurai,2024-12-17,25.1,4.5,56.1,Clear
Kerala,Kochi,2024-12-16,24.2,6.3,36.3,Cloudy
Uttar Pradesh,Noida,2024-12-16,19.8,1.0,33.7,Cloudy
Bihar,Bhagalpur,2024-12-15,19.9,5.6,32.9,Clear
Assam,Dibrugarh,2024-12-14,21.5,7.2,34.5,Clear
Arunachal Pradesh,Naharlagun,2024-12-13,21.2,3.3,54.9,Sunny
Assam,Guwahati,2024-12-13,12.0,5.8,60.1,Sunny
Assam,Silchar,2024-12-13,18.4,2.3,48.5,Sunny
Haryana,Faridabad,2024-12-13,19.9,7.4,50.9,Clear
Karnataka,Mangaluru,2024-12-13,10.3,1.4,42.2,Clear
Nagaland,Dimapur,2024-12-13,12.5,0.0,43.5,Foggy
Andhra Pradesh,Vijayawada,2024-12-12,25.0,3.5,57.8,Cloudy
Bihar,Patna,2024-12-11,13.7,3.9,60.9,Foggy
Gujarat,Surat,2024-12-11,21.6,5.5,51.7,Sunny
Punjab,Jalandhar,2024-12-11,12.0,7.6,43.0,Sunny
Telangana,Nizamabad,2024-12-11,24.1,5.3,38.0,Foggy
Himachal Pradesh,Manali,2024-12-10,19.8,4.6,34.6,Cloudy
Maharashtra,Nagpur,2024-12-10,18.3,7.6,32.2,Clear
Rajasthan,Jaipur,2024-12-09,15.2,2.7,46.2,Sunny
Telangana,Hyderabad,2024-12-09,23.6,4.8,37.5,Sunny
Karnataka,Hubballi,2024-12-08,14.1,3.4,63.1,Foggy
Maharashtra,Pune,2024-12-07,14.7,2.2,45.7,Clear
Rajasthan,Jodhpur,2024-12-07,8.3,5.7,57.3,Clear
Tripura,Agartala,2024-12-07,14.7,2.2,45.7,Clear
Gujarat,Vadodara,2024-12-06,12.6,0.1,43.6,Cloudy
Manipur,Imphal,2024-12-06,12.1,5.9,60.2,Foggy
West Bengal,Kolkata,2024-12-06,17.3,6.6,31.2,Foggy
Kerala,Thiruvananthapuram,2024-12-05,21.9,2.2,37.6,Clear
West Bengal,Howrah,2024-12-05,25.8,5.2,56.8,Cloudy
Jammu and Kashmir,Jammu,2024-12-05,16.7,1.5,31.5,Clear
Goa,Margao,2024-12-04,20.2,0.5,49.4,Cloudy
Madhya Pradesh,Jabalpur,2024-12-04,22.0,6.8,36.8,Sunny
Punjab,Amritsar,2024-12-04,22.7,0.3,35.7,Clear
Karnataka,Mysuru,2024-12-03,17.4,4.9,48.4,Cloudy
Uttar Pradesh,Agra,2024-12-03,25.3,4.7,56.3,Foggy
Himachal Pradesh,Dharamshala,2024-12-02,16.6,6.8,50.3,Cloudy
Chhattisgarh,Raipur,2024-12-01,11.0,2.1,42.9,Cloudy
Tamil Nadu,Tiruchirappalli,2024-12-01,20.9,1.2,36.6,Foggy
Bihar,Gaya,2024-11-30,22.1,14.4,68.4,Cloudy
Chhattisgarh,Bilaspur,2024-11-30,21.7,9.3,68.4,Cloudy
Maharashtra,Nashik,2024-11-30,18.1,0.6,64.7,Clear
Odisha,Bhubaneswar,2024-11-30,18.1,0.6,64.7,Clear
Odisha,Rourkela,2024-11-30,18.2,20.7,64.7,Sunny
Chhattisgarh,Durg,2024-11-29,23.7,16.2,55.2,Humid
Kerala,Kozhikode,2024-11-29,27.2,4.6,73.7,Humid
Maharashtra,Aurangabad,2024-11-29,27.0,14.6,73.7,Sunny
Delhi (NCT),New Delhi,2024-11-29,23.7,16.2,55.2,Humid
Maharashtra,Mumbai,2024-11-28,32.7,0.1,64.2,Sunny
Rajasthan,Kota,2024-11-28,21.7,9.1,53.1,Sunny
Punjab,Ludhiana,2024-11-27,30.7,18.1,62.1,Humid
Karnataka,Bengaluru,2024-11-26,28.2,10.7,74.8,Humid
Uttarakhand,Nainital,2024-11-26,24.7,22.3,56.3,Humid
Gujarat,Rajkot,2024-11-25,22.8,10.2,54.2,Cloudy
Nagaland,Kohima,2024-11-24,28.1,15.5,59.5,Sunny
Tamil Nadu,Coimbatore,2024-11-24,24.2,21.8,55.8,Clear
Uttar Pradesh,Lucknow,2024-11-23,29.5,2.0,61.1,Humid
Delhi (NCT),Rohini,2024-11-23,18.3,20.8,64.8,Clear
Haryana,Panipat,2024-11-22,31.3,18.7,62.7,Sunny
Madhya Pradesh,Gwalior,2024-11-22,19.7,7.3,66.4,Cloudy
Mizoram,Aizawl,2024-11-22,23.9,11.3,55.3,Humid
Sikkim,Gangtok,2024-11-21,21.8,9.2,53.2,Clear
Jammu and Kashmir,Srinagar,2024-11-21,24.9,17.6,71.7,Clear
Goa,Panaji,2024-11-19,21.2,13.5,67.5,Humid
Haryana,Gurugram,2024-11-19,28.4,5.8,74.9,Humid
Telangana,Warangal,2024-11-18,30.2,22.7,61.7,Cloudy
Meghalaya,Shillong,2024-11-17,31.8,24.3,63.3,Cloudy
Uttar Pradesh,Varanasi,2024-11-16,21.9,9.5,68.6,Clear
Andhra Pradesh,Tirupati,2024-11-15,30.9,18.5,47.5,Cloudy
Jharkhand,Dhanbad,2024-11-15,31.1,8.5,47.5,Clear
Uttarakhand,Haridwar,2024-11-15,23.8,21.4,55.4,Clear
Andhra Pradesh,Guntur,2024-11-14,25.4,23.0,57.0,Clear
Jharkhand,Ranchi,2024-11-13,23.2,0.6,69.7,Humid
Odisha,Cuttack,2024-11-13,19.8,7.2,51.2,Clear
Delhi (NCT),Dwarka,2024-11-13,30.9,18.3,62.3,Sunny
Arunachal Pradesh,Itanagar,2024-11-12,28.2,20.9,75.0,Humid
Uttar Pradesh,Kanpur,2024-11-12,32.1,14.6,48.6,Clear
West Bengal,Darjeeling,2024-11-12,32.3,4.8,63.9,Humid
Ladakh,Kargil,2024-11-12,21.2,18.6,67.6,Sunny
Himachal Pradesh,Shimla,2024-11-11,26.2,13.8,72.9,Sunny
Rajasthan,Udaipur,2024-11-11,22.9,15.4,54.4,Humid
West Bengal,Siliguri,2024-11-11,30.0,12.5,46.5,Sunny
Ladakh,Leh,2024-11-11,19.2,11.5,65.5,Humid
Andhra Pradesh,Visakhapatnam,2024-11-10,20.2,18.0,67.1,Sunny
Tamil Nadu,Madurai,2024-11-10,20.8,13.3,52.3,Clear
Kerala,Kochi,2024-11-09,26.3,8.6,57.6,Sunny
Uttar Pradesh,Noida,2024-11-09,18.4,0.9,65.0,Sunny
Bihar,Bhagalpur,2024-11-08,27.8,15.2,59.2,Clear
Assam,Dibrugarh,2024-11-07,29.4,16.8,60.8,Clear
Arunachal Pradesh,Naharlagun,2024-11-06,19.2,17.0,66.1,Humid
Assam,Guwahati,2024-11-06,19.9,7.3,51.3,Humid
Assam,Silchar,2024-11-06,23.4,20.8,69.8,Humid
Karnataka,Mangaluru,2024-11-06,26.9,9.4,73.5,Clear
Nagaland,Dimapur,2024-11-06,23.3,0.7,69.8,Cloudy
Andhra Pradesh,Vijayawada,2024-11-05,32.3,9.9,64.0,Sunny
Bihar,Patna,2024-11-04,30.9,23.2,47.1,Cloudy
Gujarat,Surat,2024-11-04,26.6,24.0,73.0,Humid
Punjab,Jalandhar,2024-11-04,22.8,0.2,69.3,Humid
Telangana,Nizamabad,2024-11-04,22.7,5.2,69.3,Cloudy
Himachal Pradesh,Manali,2024-11-03,24.2,11.8,70.9,Sunny
Maharashtra,Nagpur,2024-11-03,32.0,24.5,63.5,Clear
Rajasthan,Jaipur,2024-11-02,26.0,3.4,72.5,Humid
Telangana,Hyderabad,2024-11-02,22.2,4.7,68.8,Humid
Karnataka,Hubballi,2024-11-01,27.8,20.3,59.3,Cloudy
Maharashtra,Pune,2024-10-31,25.5,2.9,72.0,Clear
Rajasthan,Jodhpur,2024-10-31,22.0,14.5,53.5,Clear
Tripura,Agartala,2024-10-31,25.5,2.9,72.0,Clear
Gujarat,Vadodara,2024-10-30,23.4,0.8,69.9,Sunny
Manipur,Imphal,2024-10-30,20.0,7.4,51.4,Cloudy
West Bengal,Kolkata,2024-10-30,31.0,23.5,62.5,Cloudy
Kerala,Thiruvananthapuram,2024-10-29,32.1,24.8,48.8,Clear
Uttarakhand,Dehradun,2024-10-29,21.4,19.0,53.0,Clear
West Bengal,Howrah,2024-10-29,21.5,14.0,53.0,Sunny
Jammu and Kashmir,Jammu,2024-10-29,21.1,8.7,67.8,Clear
Goa,Margao,2024-10-28,19.4,11.7,65.7,Sunny
Madhya Pradesh,Jabalpur,2024-10-28,26.4,14.0,73.1,Humid
Punjab,Amritsar,2024-10-28,30.6,18.0,62.0,Clear
Karnataka,Mysuru,2024-10-27,28.2,5.6,74.7,Sunny
Uttar Pradesh,Agra,2024-10-27,21.0,13.5,52.5,Cloudy
Himachal Pradesh,Dharamshala,2024-10-26,29.7,12.4,61.5,Sunny
Chhattisgarh,Raipur,2024-10-25,27.6,10.1,74.2,Sunny
Tamil Nadu,Tiruchirappalli,2024-10-25,31.1,23.8,47.8,Cloudy
Bihar,Gaya,2024-10-24,18.4,10.7,64.7,Humid
Chhattisgarh,Bilaspur,2024-10-24,18.0,5.6,64.7,Humid
Maharashtra,Nashik,2024-10-24,29.5,22.0,61.0,Sunny
Odisha,Bhubaneswar,2024-10-24,29.5,22.0,61.0,Sunny
Odisha,Rourkela,2024-10-24,29.6,17.0,61.0,Cloudy
Chhattisgarh,Durg,2024-10-23,20.0,12.5,51.5,Clear
Kerala,Kozhikode,2024-10-23,23.5,0.9,70.0,Clear
Maharashtra,Aurangabad,2024-10-23,23.3,10.9,70.0,Cloudy
Delhi (NCT),New Delhi,2024-10-23,20.0,12.5,51.5,Clear
Maharashtra,Mumbai,2024-10-22,29.0,21.5,60.5,Cloudy
Rajasthan,Kota,2024-10-22,18.0,5.4,49.4,Cloudy
Punjab,Ludhiana,2024-10-21,27.0,14.4,58.4,Clear
Karnataka,Bengaluru,2024-10-20,24.5,7.0,71.1,Clear
Uttarakhand,Nainital,2024-10-20,21.0,18.6,52.6,Clear
Gujarat,Rajkot,2024-10-19,19.1,6.5,50.5,Humid
Nagaland,Kohima,2024-10-18,24.4,11.8,55.8,Cloudy
Tamil Nadu,Coimbatore,2024-10-18,20.5,18.1,52.1,Sunny
Uttar Pradesh,Lucknow,2024-10-17,25.8,23.4,57.4,Clear
Delhi (NCT),Rohini,2024-10-17,29.7,17.1,61.1,Sunny
Haryana,Panipat,2024-10-16,27.6,15.0,59.0,Cloudy
Madhya Pradesh,Gwalior,2024-10-16,31.1,3.6,62.7,Humid
Mizoram,Aizawl,2024-10-16,20.2,7.6,51.6,Clear
Sikkim,Gangtok,2024-10-15,18.1,5.5,49.5,Sunny
Jammu and Kashmir,Srinagar,2024-10-15,21.2,13.9,68.0,Sunny
Goa,Panaji,2024-10-13,32.6,9.8,63.8,Clear
Haryana,Gurugram,2024-10-13,24.7,2.1,71.2,Clear
Telangana,Warangal,2024-10-12,26.5,19.0,58.0,Humid
Meghalaya,Shillong,2024-10-11,28.1,20.6,59.6,Humid
Uttar Pradesh,Varanasi,2024-10-10,18.2,5.8,64.9,Sunny
Andhra Pradesh,Tirupati,2024-10-09,27.2,14.8,73.9,Humid
Jharkhand,Dhanbad,2024-10-09,27.4,4.8,73.9,Sunny
Uttarakhand,Haridwar,2024-10-09,20.1,17.7,51.7,Sunny
Andhra Pradesh,Guntur,2024-10-08,21.7,19.3,53.3,Sunny
Jharkhand,Ranchi,2024-10-07,19.5,22.0,66.0,Clear
Odisha,Cuttack,2024-10-07,31.2,3.5,47.5,Sunny
Delhi (NCT),Dwarka,2024-10-07,27.2,14.6,58.6,Cloudy
Arunachal Pradesh,Itanagar,2024-10-06,24.5,17.2,71.3,Clear
Uttar Pradesh,Kanpur,2024-10-06,28.4,10.9,75.0,Sunny
West Bengal,Darjeeling,2024-10-06,28.6,1.1,60.2,Clear
Ladakh,Kargil,2024-10-06,32.6,14.9,63.9,Cloudy
Himachal Pradesh,Shimla,2024-10-05,22.5,10.1,69.2,Cloudy
Rajasthan,Udaipur,2024-10-05,19.2,11.7,50.7,Clear
West Bengal,Siliguri,2024-10-05,26.3,8.8,72.9,Cloudy
Ladakh,Leh,2024-10-05,30.6,7.8,61.8,Clear
Andhra Pradesh,Visakhapatnam,2024-10-04,31.6,14.3,63.4,Cloudy
Tamil Nadu,Madurai,2024-10-04,32.2,9.6,48.6,Sunny
Kerala,Kochi,2024-10-03,22.6,4.9,53.9,Cloudy
Uttar Pradesh,Noida,2024-10-03,29.8,22.3,61.3,Cloudy
Bihar,Bhagalpur,2024-10-02,24.1,11.5,55.5,Sunny
Assam,Dibrugarh,2024-10-01,25.7,13.1,57.1,Sunny
Arunachal Pradesh,Naharlagun,2024-09-30,25.5,68.9,82.4,Stormy
Assam,Guwahati,2024-09-30,23.5,98.8,67.6,Stormy
Assam,Silchar,2024-09-30,23.0,87.2,86.1,Stormy
Karnataka,Mangaluru,2024-09-30,31.4,151.1,89.8,Cloudy
Nagaland,Dimapur,2024-09-30,30.9,117.3,86.1,Heavy Rain
Andhra Pradesh,Vijayawada,2024-09-29,26.6,36.7,80.3,Rainy
Bihar,Patna,2024-09-28,33.6,64.5,93.5,Heavy Rain
Gujarat,Surat,2024-09-28,26.2,90.4,89.3,Stormy
Punjab,Jalandhar,2024-09-28,30.4,116.8,85.6,Stormy
Telangana,Nizamabad,2024-09-28,27.2,146.9,85.6,Heavy Rain
Himachal Pradesh,Manali,2024-09-27,25.6,178.6,87.2,Rainy
Maharashtra,Nagpur,2024-09-27,32.5,141.1,79.8,Cloudy
Rajasthan,Jaipur,2024-09-26,33.6,120.0,88.8,Stormy
Telangana,Hyderabad,2024-09-26,26.7,146.4,85.1,Stormy
Karnataka,Hubballi,2024-09-25,28.3,136.9,75.6,Heavy Rain
Maharashtra,Pune,2024-09-24,33.1,119.5,88.3,Cloudy
Rajasthan,Jodhpur,2024-09-24,33.6,131.1,69.8,Cloudy
Tripura,Agartala,2024-09-24,33.1,119.5,88.3,Cloudy
Gujarat,Vadodara,2024-09-23,31.0,117.4,86.2,Rainy
Manipur,Imphal,2024-09-23,23.6,98.9,67.7,Heavy Rain
West Bengal,Kolkata,2024-09-23,31.5,140.1,78.8,Heavy Rain
Kerala,Thiruvananthapuram,2024-09-22,30.4,51.6,65.1,Cloudy
Uttarakhand,Dehradun,2024-09-22,29.9,160.7,69.3,Cloudy
West Bengal,Howrah,2024-09-22,33.1,130.6,69.3,Rainy
Jammu and Kashmir,Jammu,2024-09-22,33.6,175.5,84.1,Cloudy
Goa,Margao,2024-09-21,33.2,53.0,82.0,Rainy
Madhya Pradesh,Jabalpur,2024-09-21,27.8,15.7,89.4,Stormy
Punjab,Amritsar,2024-09-21,23.1,109.5,78.3,Cloudy
Karnataka,Mysuru,2024-09-20,24.7,122.2,91.0,Rainy
Uttar Pradesh,Agra,2024-09-20,32.6,130.1,68.8,Heavy Rain
Himachal Pradesh,Dharamshala,2024-09-19,32.0,64.3,77.8,Rainy
Chhattisgarh,Raipur,2024-09-18,32.1,151.8,90.5,Rainy
Tamil Nadu,Tiruchirappalli,2024-09-18,29.4,50.6,94.2,Heavy Rain
Bihar,Gaya,2024-09-17,32.2,52.0,81.0,Stormy
Chhattisgarh,Bilaspur,2024-09-17,30.5,172.4,81.0,Stormy
Maharashtra,Nashik,2024-09-17,30.0,138.6,77.3,Rainy
Odisha,Bhubaneswar,2024-09-17,30.0,138.6,77.3,Rainy
Odisha,Rourkela,2024-09-17,33.2,108.5,77.3,Heavy Rain
Chhattisgarh,Durg,2024-09-16,31.6,129.1,67.8,Cloudy
Kerala,Kozhikode,2024-09-16,31.1,117.5,86.3,Cloudy
Maharashtra,Aurangabad,2024-09-16,24.7,177.7,86.3,Heavy Rain
Delhi (NCT),New Delhi,2024-09-16,31.6,129.1,67.8,Cloudy
Maharashtra,Mumbai,2024-09-15,29.5,138.1,76.8,Heavy Rain
Rajasthan,Kota,2024-09-15,32.7,96.9,65.7,Heavy Rain
Punjab,Ludhiana,2024-09-14,30.6,105.9,74.7,Cloudy
Karnataka,Bengaluru,2024-09-13,29.0,148.7,87.4,Cloudy
Uttarakhand,Nainital,2024-09-13,29.5,160.3,68.9,Cloudy
Gujarat,Rajkot,2024-09-12,33.8,98.0,66.8,Stormy
Nagaland,Kohima,2024-09-11,28.0,103.3,72.1,Heavy Rain
Tamil Nadu,Coimbatore,2024-09-11,29.0,159.8,68.4,Rainy
Uttar Pradesh,Lucknow,2024-09-10,23.2,165.1,73.7,Cloudy
Delhi (NCT),Rohini,2024-09-10,33.3,108.6,77.4,Rainy
Haryana,Panipat,2024-09-09,31.2,106.5,75.3,Heavy Rain
Madhya Pradesh,Gwalior,2024-09-09,28.5,170.4,79.0,Stormy
Mizoram,Aizawl,2024-09-09,23.8,99.1,67.9,Cloudy
Sikkim,Gangtok,2024-09-08,32.8,97.0,65.8,Rainy
Jammu and Kashmir,Srinagar,2024-09-08,30.6,40.7,84.3,Rainy
Jharkhand,Jamshedpur,2024-09-07,28.0,158.8,67.4,Stormy
Goa,Panaji,2024-09-06,31.3,51.1,80.1,Cloudy
Haryana,Gurugram,2024-09-06,32.3,118.7,87.5,Cloudy
Telangana,Warangal,2024-09-05,27.0,135.6,74.3,Stormy
Meghalaya,Shillong,2024-09-04,28.6,137.2,75.9,Stormy
Uttar Pradesh,Varanasi,2024-09-03,30.7,172.6,81.2,Rainy
Andhra Pradesh,Tirupati,2024-09-02,28.6,16.5,90.2,Stormy
Uttarakhand,Haridwar,2024-09-02,28.6,159.4,68.0,Rainy
Andhra Pradesh,Guntur,2024-09-01,30.2,161.0,69.6,Rainy
Jharkhand,Ranchi,2024-08-31,27.1,113.5,82.3,Cloudy
Odisha,Cuttack,2024-08-31,30.8,95.0,93.9,Rainy
Delhi (NCT),Dwarka,2024-08-31,30.8,106.1,74.9,Heavy Rain
Arunachal Pradesh,Itanagar,2024-08-30,33.9,44.0,87.6,Cloudy
Uttar Pradesh,Kanpur,2024-08-30,32.9,152.6,91.3,Rainy
West Bengal,Darjeeling,2024-08-30,26.0,167.9,76.5,Cloudy
Ladakh,Kargil,2024-08-30,28.2,81.3,80.2,Heavy Rain
Himachal Pradesh,Shimla,2024-08-29,23.9,176.9,85.5,Heavy Rain
Rajasthan,Udaipur,2024-08-29,30.8,128.3,67.0,Cloudy
West Bengal,Siliguri,2024-08-29,30.8,150.5,89.2,Heavy Rain
Ladakh,Leh,2024-08-29,29.3,49.1,78.1,Cloudy
Andhra Pradesh,Visakhapatnam,2024-08-28,33.9,66.2,79.7,Heavy Rain
Tamil Nadu,Madurai,2024-08-28,28.7,126.2,95.0,Rainy
Kerala,Kochi,2024-08-27,29.3,71.3,70.2,Heavy Rain
Uttar Pradesh,Noida,2024-08-27,30.3,138.9,77.6,Heavy Rain
Bihar,Bhagalpur,2024-08-26,27.7,103.0,71.8,Rainy
Assam,Dibrugarh,2024-08-25,29.3,104.6,73.4,Rainy
Arunachal Pradesh,Naharlagun,2024-08-24,32.9,65.2,78.7,Cloudy
Assam,Guwahati,2024-08-24,30.9,95.1,94.0,Cloudy
Assam,Silchar,2024-08-24,30.4,83.5,82.4,Cloudy
Karnataka,Mangaluru,2024-08-24,27.7,147.4,86.1,Rainy
Nagaland,Dimapur,2024-08-24,27.2,113.6,82.4,Stormy
Andhra Pradesh,Vijayawada,2024-08-23,34.0,33.0,76.6,Heavy Rain
Bihar,Patna,2024-08-22,29.9,60.8,89.8,Stormy
Gujarat,Surat,2024-08-22,33.6,86.7,85.6,Cloudy
Punjab,Jalandhar,2024-08-22,26.7,113.1,81.9,Cloudy
Telangana,Nizamabad,2024-08-22,23.5,143.2,81.9,Stormy
Himachal Pradesh,Manali,2024-08-21,33.0,174.9,83.5,Heavy Rain
Maharashtra,Nagpur,2024-08-21,28.8,137.4,76.1,Rainy
Rajasthan,Jaipur,2024-08-20,29.9,116.3,85.1,Cloudy
Telangana,Hyderabad,2024-08-20,23.0,142.7,81.4,Cloudy
Karnataka,Hubballi,2024-08-19,24.6,133.2,71.9,Stormy
Maharashtra,Pune,2024-08-18,29.4,115.8,84.6,Rainy
Rajasthan,Jodhpur,2024-08-18,29.9,127.4,66.1,Rainy
Tripura,Agartala,2024-08-18,29.4,115.8,84.6,Rainy
Gujarat,Vadodara,2024-08-17,27.3,113.7,82.5,Heavy Rain
Manipur,Imphal,2024-08-17,31.0,95.2,94.1,Stormy
West Bengal,Kolkata,2024-08-17,27.8,136.4,75.1,Stormy
Kerala,Thiruvananthapuram,2024-08-16,26.7,47.9,91.5,Rainy
Uttarakhand,Dehradun,2024-08-16,26.2,157.0,65.6,Rainy
West Bengal,Howrah,2024-08-16,29.4,126.9,65.6,Heavy Rain
Jammu and Kashmir,Jammu,2024-08-16,29.9,171.8,80.4,Rainy
Goa,Margao,2024-08-15,29.5,49.3,78.3,Heavy Rain
Madhya Pradesh,Jabalpur,2024-08-15,24.1,177.1,85.7,Cloudy
Punjab,Amritsar,2024-08-15,30.5,105.8,74.6,Rainy
Karnataka,Mysuru,2024-08-14,32.1,118.5,87.3,Heavy Rain
Uttar Pradesh,Agra,2024-08-14,28.9,126.4,65.1,Stormy
Himachal Pradesh,Dharamshala,2024-08-13,28.3,60.6,74.1,Heavy Rain
Chhattisgarh,Raipur,2024-08-12,28.4,148.1,86.8,Heavy Rain
Madhya Pradesh,Indore,2024-08-12,25.2,156.0,94.7,Stormy
Tamil Nadu,Tiruchirappalli,2024-08-12,25.7,46.9,90.5,Stormy
Bihar,Gaya,2024-08-11,28.5,48.3,77.3,Cloudy
Chhattisgarh,Bilaspur,2024-08-11,26.8,168.7,77.3,Cloudy
Maharashtra,Nashik,2024-08-11,26.3,134.9,73.6,Heavy Rain
Odisha,Bhubaneswar,2024-08-11,26.3,134.9,73.6,Heavy Rain
Odisha,Rourkela,2024-08-11,29.5,104.8,73.6,Stormy
Chhattisgarh,Durg,2024-08-10,27.9,125.4,94.2,Rainy
Kerala,Kozhikode,2024-08-10,27.4,113.8,82.6,Rainy
Maharashtra,Aurangabad,2024-08-10,32.1,174.0,82.6,Stormy
Delhi (NCT),New Delhi,2024-08-10,27.9,125.4,94.2,Rainy
Maharashtra,Mumbai,2024-08-09,25.8,134.4,73.1,Stormy
Rajasthan,Kota,2024-08-09,29.0,93.2,92.1,Stormy
Punjab,Ludhiana,2024-08-08,26.9,102.2,71.0,Rainy
Karnataka,Bengaluru,2024-08-07,25.3,145.0,83.7,Rainy
Tamil Nadu,Chennai,2024-08-07,25.3,122.8,91.6,Stormy
Uttarakhand,Nainital,2024-08-07,25.8,156.6,65.2,Rainy
Gujarat,Rajkot,2024-08-06,30.1,94.3,93.2,Cloudy
Nagaland,Kohima,2024-08-05,24.3,99.6,68.4,Stormy
Tamil Nadu,Coimbatore,2024-08-05,25.3,156.1,94.8,Heavy Rain
Uttar Pradesh,Lucknow,2024-08-04,30.6,161.4,70.0,Rainy
Delhi (NCT),Rohini,2024-08-04,29.6,104.9,73.7,Heavy Rain
Haryana,Panipat,2024-08-03,27.5,102.8,71.6,Stormy
Madhya Pradesh,Gwalior,2024-08-03,24.8,166.7,75.3,Cloudy
Mizoram,Aizawl,2024-08-03,31.2,95.4,94.3,Rainy
Sikkim,Gangtok,2024-08-02,29.1,93.3,92.2,Heavy Rain
Jammu and Kashmir,Srinagar,2024-08-02,26.9,37.0,80.6,Heavy Rain
Jharkhand,Jamshedpur,2024-08-01,24.3,155.1,93.8,Cloudy
Goa,Panaji,2024-07-31,27.6,47.4,76.4,Rainy
Haryana,Gurugram,2024-07-31,28.6,115.0,83.8,Rainy
Telangana,Warangal,2024-07-30,23.3,131.9,70.6,Cloudy
Meghalaya,Shillong,2024-07-29,24.9,133.5,72.2,Cloudy
Uttar Pradesh,Varanasi,2024-07-28,27.0,168.9,77.5,Heavy Rain
Andhra Pradesh,Tirupati,2024-07-27,24.9,177.9,86.5,Cloudy
Uttarakhand,Haridwar,2024-07-27,24.9,155.7,94.4,Heavy Rain
Andhra Pradesh,Guntur,2024-07-26,26.5,157.3,65.9,Heavy Rain
Jharkhand,Ranchi,2024-07-25,23.4,109.8,78.6,Rainy
Odisha,Cuttack,2024-07-25,27.1,91.3,90.2,Heavy Rain
Delhi (NCT),Dwarka,2024-07-25,27.1,102.4,71.2,Stormy
Arunachal Pradesh,Itanagar,2024-07-24,30.2,40.3,83.9,Rainy
Uttar Pradesh,Kanpur,2024-07-24,29.2,148.9,87.6,Heavy Rain
West Bengal,Darjeeling,2024-07-24,33.4,164.2,72.8,Rainy
Ladakh,Kargil,2024-07-24,24.5,77.6,76.5,Stormy
Himachal Pradesh,Shimla,2024-07-23,31.3,173.2,81.8,Stormy
Rajasthan,Udaipur,2024-07-23,27.1,124.6,93.4,Rainy
West Bengal,Siliguri,2024-07-23,27.1,146.8,85.5,Stormy
Ladakh,Leh,2024-07-23,25.6,45.4,74.4,Rainy
Andhra Pradesh,Visakhapatnam,2024-07-22,30.2,62.5,76.0,Stormy
Tamil Nadu,Madurai,2024-07-22,25.0,122.5,91.3,Heavy Rain
Kerala,Kochi,2024-07-21,25.6,67.6,66.5,Stormy
Uttar Pradesh,Noida,2024-07-21,26.6,135.2,73.9,Stormy
Bihar,Bhagalpur,2024-07-20,24.0,99.3,68.1,Heavy Rain
Assam,Dibrugarh,2024-07-19,25.6,100.9,69.7,Heavy Rain
Arunachal Pradesh,Naharlagun,2024-07-18,29.2,61.5,75.0,Rainy
Assam,Guwahati,2024-07-18,27.2,91.4,90.3,Rainy
Assam,Silchar,2024-07-18,26.7,79.8,78.7,Rainy
Karnataka,Mangaluru,2024-07-18,24.0,143.7,82.4,Heavy Rain
Nagaland,Dimapur,2024-07-18,23.5,109.9,78.7,Cloudy
Andhra Pradesh,Vijayawada,2024-07-17,30.3,29.3,72.9,Stormy
Bihar,Patna,2024-07-16,26.2,57.1,86.1,Cloudy
Gujarat,Surat,2024-07-16,29.9,83.0,81.9,Rainy
Punjab,Jalandhar,2024-07-16,23.0,109.4,78.2,Rainy
Telangana,Nizamabad,2024-07-16,30.9,139.5,78.2,Cloudy
Himachal Pradesh,Manali,2024-07-15,29.3,171.2,79.8,Stormy
Maharashtra,Nagpur,2024-07-15,25.1,133.7,72.4,Heavy Rain
Rajasthan,Jaipur,2024-07-14,26.2,112.6,81.4,Rainy
Telangana,Hyderabad,2024-07-14,30.4,139.0,77.7,Rainy
Karnataka,Hubballi,2024-07-13,32.0,129.5,68.2,Cloudy
Maharashtra,Pune,2024-07-12,25.7,112.1,80.9,Heavy Rain
Rajasthan,Jodhpur,2024-07-12,26.2,123.7,92.5,Heavy Rain
Tripura,Agartala,2024-07-12,25.7,112.1,80.9,Heavy Rain
Gujarat,Vadodara,2024-07-11,23.6,110.0,78.8,Stormy
Manipur,Imphal,2024-07-11,27.3,91.5,90.4,Cloudy
West Bengal,Kolkata,2024-07-11,24.1,132.7,71.4,Cloudy
Kerala,Thiruvananthapuram,2024-07-10,23.0,44.2,87.8,Heavy Rain
Uttarakhand,Dehradun,2024-07-10,33.6,153.3,92.0,Heavy Rain
West Bengal,Howrah,2024-07-10,25.7,123.2,92.0,Stormy
Jammu and Kashmir,Jammu,2024-07-10,26.2,168.1,76.7,Heavy Rain
Goa,Margao,2024-07-09,25.8,45.6,74.6,Stormy
Madhya Pradesh,Jabalpur,2024-07-09,31.5,173.4,82.0,Rainy
Punjab,Amritsar,2024-07-09,26.8,102.1,70.9,Heavy Rain
Karnataka,Mysuru,2024-07-08,28.4,114.8,83.6,Stormy
Uttar Pradesh,Agra,2024-07-08,25.2,122.7,91.5,Cloudy
Himachal Pradesh,Dharamshala,2024-07-07,24.6,56.9,70.4,Stormy
Chhattisgarh,Raipur,2024-07-06,24.7,144.4,83.1,Stormy
Madhya Pradesh,Indore,2024-07-06,32.6,152.3,91.0,Cloudy
Tamil Nadu,Tiruchirappalli,2024-07-06,33.1,43.2,86.8,Cloudy
Bihar,Gaya,2024-07-05,24.8,44.6,73.6,Rainy
Chhattisgarh,Bilaspur,2024-07-05,23.1,165.0,73.6,Rainy
Maharashtra,Nashik,2024-07-05,33.7,131.2,69.9,Stormy
Odisha,Bhubaneswar,2024-07-05,33.7,131.2,69.9,Stormy
Odisha,Rourkela,2024-07-05,25.8,101.1,69.9,Cloudy
Chhattisgarh,Durg,2024-07-04,24.2,121.7,90.5,Heavy Rain
Kerala,Kozhikode,2024-07-04,23.7,110.1,78.9,Heavy Rain
Maharashtra,Aurangabad,2024-07-04,28.4,170.3,78.9,Cloudy
Delhi (NCT),New Delhi,2024-07-04,24.2,121.7,90.5,Heavy Rain
Maharashtra,Mumbai,2024-07-03,33.2,130.7,69.4,Cloudy
Rajasthan,Kota,2024-07-03,25.3,89.5,88.4,Cloudy
Punjab,Ludhiana,2024-07-02,23.2,98.5,67.3,Heavy Rain
Karnataka,Bengaluru,2024-07-01,32.7,141.3,80.0,Heavy Rain
Tamil Nadu,Chennai,2024-07-01,32.7,119.1,87.9,Cloudy
Uttarakhand,Nainital,2024-07-01,33.2,152.9,91.6,Heavy Rain
Gujarat,Rajkot,2024-06-30,26.4,90.6,89.5,Rainy
Nagaland,Kohima,2024-06-29,31.7,95.9,94.8,Cloudy
Tamil Nadu,Coimbatore,2024-06-29,32.7,152.4,91.1,Stormy
Uttar Pradesh,Lucknow,2024-06-28,26.9,157.7,66.3,Heavy Rain
Delhi (NCT),Rohini,2024-06-28,25.9,101.2,70.0,Stormy
Haryana,Panipat,2024-06-27,23.8,99.1,67.9,Cloudy
Madhya Pradesh,Gwalior,2024-06-27,32.2,163.0,71.6,Rainy
Mizoram,Aizawl,2024-06-27,27.5,91.7,90.6,Heavy Rain
Sikkim,Gangtok,2024-06-26,25.4,89.6,88.5,Stormy
Jammu and Kashmir,Srinagar,2024-06-26,23.2,33.3,76.9,Stormy
Jharkhand,Jamshedpur,2024-06-25,31.7,151.4,90.1,Rainy
Goa,Panaji,2024-06-24,23.9,43.7,72.7,Heavy Rain
Haryana,Gurugram,2024-06-24,24.9,111.3,80.1,Heavy Rain
Telangana,Warangal,2024-06-23,30.7,128.2,66.9,Rainy
Meghalaya,Shillong,2024-06-22,32.3,129.8,68.5,Rainy
Uttar Pradesh,Varanasi,2024-06-21,23.3,165.2,73.8,Stormy
Andhra Pradesh,Tirupati,2024-06-20,32.3,174.2,82.8,Rainy
Uttarakhand,Haridwar,2024-06-20,32.3,152.0,90.7,Stormy
Andhra Pradesh,Guntur,2024-06-19,33.9,153.6,92.3,Stormy
Jharkhand,Ranchi,2024-06-18,30.8,106.1,74.9,Heavy Rain
Odisha,Cuttack,2024-06-18,23.4,87.6,86.5,Stormy
Delhi (NCT),Dwarka,2024-06-18,23.4,98.7,67.5,Cloudy
Arunachal Pradesh,Itanagar,2024-06-17,26.5,36.6,80.2,Heavy Rain
Uttar Pradesh,Kanpur,2024-06-17,25.5,145.2,83.9,Stormy
West Bengal,Darjeeling,2024-06-17,29.7,160.5,69.1,Heavy Rain
Ladakh,Kargil,2024-06-17,31.9,73.9,72.8,Cloudy
Himachal Pradesh,Shimla,2024-06-16,27.6,169.5,78.1,Cloudy
Rajasthan,Udaipur,2024-06-16,23.4,120.9,89.7,Heavy Rain
West Bengal,Siliguri,2024-06-16,23.4,143.1,81.8,Cloudy
Ladakh,Leh,2024-06-16,33.0,41.7,70.7,Heavy Rain
Andhra Pradesh,Visakhapatnam,2024-06-15,26.5,58.8,72.3,Cloudy
Tamil Nadu,Madurai,2024-06-15,32.4,118.8,87.6,Stormy
Kerala,Kochi,2024-06-14,33.0,63.9,92.9,Cloudy
Uttar Pradesh,Noida,2024-06-14,34.0,131.5,70.2,Cloudy
Bihar,Bhagalpur,2024-06-13,31.4,95.6,94.5,Stormy
Assam,Dibrugarh,2024-06-12,33.0,97.2,66.0,Stormy
Arunachal Pradesh,Naharlagun,2024-06-11,25.5,57.8,71.3,Heavy Rain
Assam,Guwahati,2024-06-11,23.5,87.7,86.6,Heavy Rain
Assam,Silchar,2024-06-11,23.0,76.1,75.0,Heavy Rain
Karnataka,Mangaluru,2024-06-11,31.4,140.0,78.7,Stormy
Nagaland,Dimapur,2024-06-11,30.9,106.2,75.0,Rainy
Andhra Pradesh,Vijayawada,2024-06-10,26.6,25.6,69.2,Cloudy
Bihar,Patna,2024-06-09,33.6,53.4,82.4,Rainy
Gujarat,Surat,2024-06-09,26.2,79.3,78.2,Heavy Rain
Punjab,Jalandhar,2024-06-09,30.4,105.7,74.5,Heavy Rain
Telangana,Nizamabad,2024-06-09,27.2,135.8,74.5,Rainy
Himachal Pradesh,Manali,2024-06-08,25.6,167.5,76.1,Cloudy
Maharashtra,Nagpur,2024-06-08,32.5,130.0,68.7,Stormy
Rajasthan,Jaipur,2024-06-07,33.6,108.9,77.7,Heavy Rain
Telangana,Hyderabad,2024-06-07,26.7,135.3,74.0,Heavy Rain
Karnataka,Hubballi,2024-06-06,28.3,125.8,94.6,Rainy
Maharashtra,Pune,2024-06-05,33.1,108.4,77.2,Stormy
Rajasthan,Jodhpur,2024-06-05,33.6,120.0,88.8,Stormy
Tripura,Agartala,2024-06-05,33.1,108.4,77.2,Stormy
Gujarat,Vadodara,2024-06-04,31.0,106.3,75.1,Cloudy
Manipur,Imphal,2024-06-04,23.6,87.8,86.7,Rainy
West Bengal,Kolkata,2024-06-04,31.5,129.0,67.7,Rainy
Kerala,Thiruvananthapuram,2024-06-03,30.4,40.5,84.1,Stormy
Uttarakhand,Dehradun,2024-06-03,29.9,149.6,88.3,Stormy
West Bengal,Howrah,2024-06-03,33.1,119.5,88.3,Cloudy
Jammu and Kashmir,Jammu,2024-06-03,33.6,164.4,73.0,Stormy
Goa,Margao,2024-06-02,33.2,41.9,70.9,Cloudy
Madhya Pradesh,Jabalpur,2024-06-02,27.8,169.7,78.3,Heavy Rain
Punjab,Amritsar,2024-06-02,23.1,98.4,67.2,Stormy
Karnataka,Mysuru,2024-06-01,24.7,111.1,79.9,Cloudy
Uttar Pradesh,Agra,2024-06-01,32.6,119.0,87.8,Rainy
Himachal Pradesh,Dharamshala,2024-05-31,40.4,7.2,16.8,Hot
Chhattisgarh,Raipur,2024-05-30,35.2,2.2,44.5,Hot
Madhya Pradesh,Indore,2024-05-30,43.1,10.1,17.3,Sunny
Tamil Nadu,Tiruchirappalli,2024-05-30,44.8,5.6,38.2,Sunny
Bihar,Gaya,2024-05-29,44.0,11.3,50.0,Dry
Chhattisgarh,Bilaspur,2024-05-29,37.7,10.7,30.0,Dry
Maharashtra,Nashik,2024-05-29,40.1,1.1,31.3,Hot
Odisha,Bhubaneswar,2024-05-29,40.1,1.1,31.3,Hot
Odisha,Rourkela,2024-05-29,28.1,7.3,36.3,Sunny
Chhattisgarh,Durg,2024-05-28,30.6,3.7,21.8,Clear
Kerala,Kozhikode,2024-05-28,37.1,4.2,45.3,Clear
Maharashtra,Aurangabad,2024-05-28,43.0,3.9,35.3,Sunny
Delhi (NCT),New Delhi,2024-05-28,30.6,3.7,21.8,Clear
Maharashtra,Mumbai,2024-05-27,39.6,0.6,30.8,Sunny
Rajasthan,Kota,2024-05-27,34.6,7.8,24.7,Sunny
Punjab,Ludhiana,2024-05-26,43.6,4.7,33.7,Clear
Karnataka,Bengaluru,2024-05-25,32.1,11.2,41.4,Clear
Tamil Nadu,Chennai,2024-05-25,28.0,1.1,19.2,Sunny
Uttarakhand,Nainital,2024-05-25,43.7,10.7,17.9,Clear
Gujarat,Rajkot,2024-05-24,35.7,8.9,25.8,Dry
Nagaland,Kohima,2024-05-23,41.0,2.1,31.1,Sunny
Tamil Nadu,Coimbatore,2024-05-23,43.2,10.2,17.4,Hot
Uttar Pradesh,Lucknow,2024-05-22,30.4,3.4,22.7,Clear
Delhi (NCT),Rohini,2024-05-22,28.2,7.4,36.4,Hot
Haryana,Panipat,2024-05-21,44.2,5.3,34.3,Sunny
Madhya Pradesh,Gwalior,2024-05-21,35.7,8.7,28.0,Dry
Mizoram,Aizawl,2024-05-21,36.8,10.0,26.9,Clear
Sikkim,Gangtok,2024-05-20,34.7,7.9,24.8,Hot
Jammu and Kashmir,Srinagar,2024-05-20,34.9,7.8,28.3,Hot
Jharkhand,Jamshedpur,2024-05-19,42.2,9.2,16.4,Dry
Goa,Panaji,2024-05-18,43.1,10.4,49.1,Clear
Haryana,Gurugram,2024-05-18,38.3,5.4,46.5,Clear
Telangana,Warangal,2024-05-17,37.1,10.2,28.3,Dry
Meghalaya,Shillong,2024-05-16,38.7,11.8,29.9,Dry
Uttar Pradesh,Varanasi,2024-05-15,37.9,10.9,30.2,Hot
Andhra Pradesh,Tirupati,2024-05-14,28.8,7.8,39.2,Dry
Uttarakhand,Haridwar,2024-05-14,42.8,9.8,17.0,Hot
Andhra Pradesh,Guntur,2024-05-13,44.4,11.4,18.6,Hot
Jharkhand,Ranchi,2024-05-12,33.1,0.2,41.3,Clear
Odisha,Cuttack,2024-05-12,32.7,5.9,22.8,Hot
Delhi (NCT),Dwarka,2024-05-12,43.8,4.9,33.9,Sunny
Arunachal Pradesh,Itanagar,2024-05-11,38.2,11.1,31.6,Clear
Uttar Pradesh,Kanpur,2024-05-11,36.0,3.0,45.3,Hot
West Bengal,Darjeeling,2024-05-11,33.2,6.2,25.5,Clear
Ladakh,Kargil,2024-05-11,37.1,4.3,44.2,Sunny
Himachal Pradesh,Shimla,2024-05-10,42.2,3.1,34.5,Sunny
Rajasthan,Udaipur,2024-05-10,29.8,2.9,21.0,Clear
West Bengal,Siliguri,2024-05-10,33.9,0.9,43.2,Sunny
Ladakh,Leh,2024-05-10,41.1,8.4,47.1,Clear
Andhra Pradesh,Visakhapatnam,2024-05-09,42.3,9.1,18.7,Sunny
Tamil Nadu,Madurai,2024-05-09,45.8,0.8,18.9,Hot
Kerala,Kochi,2024-05-08,45.2,6.4,34.2,Sunny
Uttar Pradesh,Noida,2024-05-08,40.4,1.4,31.6,Sunny
Bihar,Bhagalpur,2024-05-07,40.7,1.8,30.8,Hot
Assam,Dibrugarh,2024-05-06,42.3,3.4,32.4,Hot
Arunachal Pradesh,Naharlagun,2024-05-05,41.3,8.1,17.7,Clear
Assam,Guwahati,2024-05-05,32.8,6.0,22.9,Clear
Assam,Silchar,2024-05-05,39.3,6.5,46.4,Clear
Karnataka,Mangaluru,2024-05-05,30.8,9.9,40.1,Hot
Nagaland,Dimapur,2024-05-05,33.2,0.3,41.4,Dry
Andhra Pradesh,Vijayawada,2024-05-04,45.3,0.1,20.6,Sunny
Bihar,Patna,2024-05-03,34.7,8.0,23.7,Dry
Punjab,Jalandhar,2024-05-03,32.7,11.9,40.9,Clear
Telangana,Nizamabad,2024-05-03,44.7,5.7,35.9,Dry
Himachal Pradesh,Manali,2024-05-02,40.2,1.1,32.5,Sunny
Maharashtra,Nagpur,2024-05-02,38.9,12.0,30.1,Hot
Rajasthan,Jaipur,2024-05-01,35.9,3.0,44.1,Clear
Telangana,Hyderabad,2024-05-01,44.2,5.2,35.4,Clear
Karnataka,Hubballi,2024-04-30,34.7,7.8,25.9,Dry
Maharashtra,Pune,2024-04-29,35.4,2.5,43.6,Hot
Rajasthan,Jodhpur,2024-04-29,28.9,2.0,20.1,Hot
Tripura,Agartala,2024-04-29,35.4,2.5,43.6,Hot
Gujarat,Vadodara,2024-04-28,33.3,0.4,41.5,Sunny
Manipur,Imphal,2024-04-28,32.9,6.1,23.0,Dry
West Bengal,Kolkata,2024-04-28,37.9,11.0,29.1,Dry
Kerala,Thiruvananthapuram,2024-04-27,42.1,2.9,35.5,Hot
Uttarakhand,Dehradun,2024-04-27,40.4,7.4,49.7,Hot
West Bengal,Howrah,2024-04-27,28.4,1.5,19.6,Sunny
Jammu and Kashmir,Jammu,2024-04-27,37.1,10.1,29.4,Hot
Goa,Margao,2024-04-26,41.3,8.6,47.3,Sunny
Madhya Pradesh,Jabalpur,2024-04-26,42.4,3.3,34.7,Clear
Punjab,Amritsar,2024-04-26,43.5,4.6,33.6,Hot
Uttar Pradesh,Agra,2024-04-25,46.0,1.0,19.1,Dry
Himachal Pradesh,Dharamshala,2024-04-24,36.7,3.5,48.2,Sunny
Chhattisgarh,Raipur,2024-04-23,31.5,10.6,40.8,Sunny
Madhya Pradesh,Indore,2024-04-23,39.4,6.4,48.7,Dry
Tamil Nadu,Tiruchirappalli,2024-04-23,41.1,1.9,34.5,Dry
Bihar,Gaya,2024-04-22,40.3,7.6,46.3,Clear
Chhattisgarh,Bilaspur,2024-04-22,34.0,7.0,26.3,Clear
Maharashtra,Nashik,2024-04-22,36.4,9.5,27.6,Sunny
Odisha,Bhubaneswar,2024-04-22,36.4,9.5,27.6,Sunny
Odisha,Rourkela,2024-04-22,42.5,3.6,32.6,Dry
Chhattisgarh,Durg,2024-04-21,45.0,0.0,18.1,Hot
Kerala,Kozhikode,2024-04-21,33.4,0.5,41.6,Hot
Maharashtra,Aurangabad,2024-04-21,39.3,0.2,31.6,Dry
Delhi (NCT),New Delhi,2024-04-21,45.0,0.0,18.1,Hot
Maharashtra,Mumbai,2024-04-20,35.9,9.0,27.1,Dry
Rajasthan,Kota,2024-04-20,30.9,4.1,21.0,Dry
Punjab,Ludhiana,2024-04-19,39.9,1.0,30.0,Hot
Karnataka,Bengaluru,2024-04-18,28.4,7.5,37.7,Hot
Tamil Nadu,Chennai,2024-04-18,42.4,9.5,15.5,Dry
Uttarakhand,Nainital,2024-04-18,40.0,7.0,49.3,Hot
Gujarat,Rajkot,2024-04-17,32.0,5.2,22.1,Clear
Nagaland,Kohima,2024-04-16,37.3,10.5,27.4,Dry
Tamil Nadu,Coimbatore,2024-04-16,39.5,6.5,48.8,Sunny
Uttar Pradesh,Lucknow,2024-04-15,44.8,11.8,19.0,Hot
Delhi (NCT),Rohini,2024-04-15,42.6,3.7,32.7,Sunny
Haryana,Panipat,2024-04-14,40.5,1.6,30.6,Dry
Madhya Pradesh,Gwalior,2024-04-14,32.0,5.0,24.3,Clear
Mizoram,Aizawl,2024-04-14,33.1,6.3,23.2,Hot
Sikkim,Gangtok,2024-04-13,31.0,4.2,21.1,Sunny
Jammu and Kashmir,Srinagar,2024-04-13,31.2,4.1,24.6,Sunny
Jharkhand,Jamshedpur,2024-04-12,38.5,5.5,47.8,Clear
Goa,Panaji,2024-04-11,39.4,6.7,45.4,Hot
Haryana,Gurugram,2024-04-11,34.6,1.7,42.8,Hot
Telangana,Warangal,2024-04-10,33.4,6.5,24.6,Clear
Meghalaya,Shillong,2024-04-09,35.0,8.1,26.2,Clear
Uttar Pradesh,Varanasi,2024-04-08,34.2,7.2,26.5,Sunny
Andhra Pradesh,Tirupati,2024-04-07,43.2,4.1,35.5,Clear
Uttarakhand,Haridwar,2024-04-07,39.1,6.1,48.4,Sunny
Andhra Pradesh,Guntur,2024-04-06,40.7,7.7,50.0,Sunny
Jharkhand,Ranchi,2024-04-05,29.4,8.6,37.6,Hot
Odisha,Cuttack,2024-04-05,29.0,2.2,19.1,Sunny
Delhi (NCT),Dwarka,2024-04-05,40.1,1.2,30.2,Dry
Arunachal Pradesh,Itanagar,2024-04-04,34.5,7.4,27.9,Hot
West Bengal,Darjeeling,2024-04-04,29.5,2.5,21.8,Hot
Ladakh,Kargil,2024-04-04,33.4,0.6,40.5,Dry
Himachal Pradesh,Shimla,2024-04-03,38.5,11.5,30.8,Dry
Rajasthan,Udaipur,2024-04-03,44.2,11.3,17.3,Hot
West Bengal,Siliguri,2024-04-03,30.2,9.3,39.5,Dry
Ladakh,Leh,2024-04-03,37.4,4.7,43.4,Hot
Andhra Pradesh,Visakhapatnam,2024-04-02,38.6,5.4,15.0,Dry
Tamil Nadu,Madurai,2024-04-02,42.1,9.2,15.2,Sunny
Kerala,Kochi,2024-04-01,41.5,2.7,30.5,Dry
Uttar Pradesh,Noida,2024-04-01,36.7,9.8,27.9,Dry
Bihar,Bhagalpur,2024-03-31,37.0,10.2,27.1,Sunny
Assam,Dibrugarh,2024-03-30,38.6,11.8,28.7,Sunny
Arunachal Pradesh,Naharlagun,2024-03-29,37.6,4.4,49.1,Hot
Assam,Guwahati,2024-03-29,29.1,2.3,19.2,Hot
Assam,Silchar,2024-03-29,35.6,2.8,42.7,Hot
Karnataka,Mangaluru,2024-03-29,45.2,6.2,36.4,Sunny
Nagaland,Dimapur,2024-03-29,29.5,8.7,37.7,Clear
Andhra Pradesh,Vijayawada,2024-03-28,41.6,8.5,16.9,Dry
Bihar,Patna,2024-03-27,31.0,4.3,20.0,Clear
Punjab,Jalandhar,2024-03-27,29.0,8.2,37.2,Hot
Telangana,Nizamabad,2024-03-27,41.0,2.0,32.2,Clear
Himachal Pradesh,Manali,2024-03-26,36.5,9.5,28.8,Dry
Maharashtra,Nagpur,2024-03-26,35.2,8.3,26.4,Sunny
Rajasthan,Jaipur,2024-03-25,32.2,11.4,40.4,Hot
Telangana,Hyderabad,2024-03-25,40.5,1.5,31.7,Hot
Karnataka,Hubballi,2024-03-24,31.0,4.1,22.2,Clear
Maharashtra,Pune,2024-03-23,31.7,10.9,39.9,Sunny
Rajasthan,Jodhpur,2024-03-23,43.3,10.4,16.4,Sunny
Tripura,Agartala,2024-03-23,31.7,10.9,39.9,Sunny
Gujarat,Vadodara,2024-03-22,29.6,8.8,37.8,Dry
Madhya Pradesh,Bhopal,2024-03-22,35.1,2.1,44.4,Sunny
Manipur,Imphal,2024-03-22,29.2,2.4,19.3,Clear
West Bengal,Kolkata,2024-03-22,34.2,7.3,25.4,Clear
Kerala,Thiruvananthapuram,2024-03-21,38.4,11.3,31.8,Sunny
Uttarakhand,Dehradun,2024-03-21,36.7,3.7,46.0,Sunny
West Bengal,Howrah,2024-03-21,42.8,9.9,15.9,Dry
Jammu and Kashmir,Jammu,2024-03-21,33.4,6.4,25.7,Sunny
Goa,Margao,2024-03-20,37.6,4.9,43.6,Dry
Madhya Pradesh,Jabalpur,2024-03-20,38.7,11.7,31.0,Hot
Punjab,Amritsar,2024-03-20,39.8,0.9,29.9,Sunny
Uttar Pradesh,Agra,2024-03-19,42.3,9.4,15.4,Clear
Himachal Pradesh,Dharamshala,2024-03-18,33.0,11.9,44.5,Dry
Chhattisgarh,Raipur,2024-03-17,45.9,6.9,37.1,Dry
Madhya Pradesh,Indore,2024-03-17,35.7,2.7,45.0,Clear
Tamil Nadu,Tiruchirappalli,2024-03-17,37.4,10.3,30.8,Clear
Bihar,Gaya,2024-03-16,36.6,3.9,42.6,Hot
Chhattisgarh,Bilaspur,2024-03-16,30.3,3.3,22.6,Hot
Maharashtra,Nashik,2024-03-16,32.7,5.8,23.9,Dry
Odisha,Bhubaneswar,2024-03-16,32.7,5.8,23.9,Dry
Odisha,Rourkela,2024-03-16,38.8,12.0,28.9,Clear
Chhattisgarh,Durg,2024-03-15,41.3,8.4,49.5,Sunny
Kerala,Kozhikode,2024-03-15,29.7,8.9,37.9,Sunny
Maharashtra,Aurangabad,2024-03-15,35.6,8.6,27.9,Clear
Delhi (NCT),New Delhi,2024-03-15,41.3,8.4,49.5,Sunny
Maharashtra,Mumbai,2024-03-14,32.2,5.3,23.4,Clear
Rajasthan,Kota,2024-03-14,45.3,0.4,17.3,Clear
Punjab,Ludhiana,2024-03-13,36.2,9.4,26.3,Sunny
Karnataka,Bengaluru,2024-03-12,42.8,3.8,34.0,Sunny
Tamil Nadu,Chennai,2024-03-12,38.7,5.8,46.9,Clear
Uttarakhand,Nainital,2024-03-12,36.3,3.3,45.6,Sunny
Gujarat,Rajkot,2024-03-11,28.3,1.5,18.4,Hot
Nagaland,Kohima,2024-03-10,33.6,6.8,23.7,Clear
Tamil Nadu,Coimbatore,2024-03-10,35.8,2.8,45.1,Dry
Uttar Pradesh,Lucknow,2024-03-09,41.1,8.1,15.3,Sunny
Delhi (NCT),Rohini,2024-03-09,38.9,0.0,29.0,Dry
Haryana,Panipat,2024-03-08,36.8,10.0,26.9,Clear
Madhya Pradesh,Gwalior,2024-03-08,28.3,1.3,20.6,Hot
Mizoram,Aizawl,2024-03-08,29.4,2.6,19.5,Sunny
Sikkim,Gangtok,2024-03-07,45.4,0.5,17.4,Dry
Jammu and Kashmir,Srinagar,2024-03-07,45.6,0.4,20.9,Dry
Jharkhand,Jamshedpur,2024-03-06,34.8,1.8,44.1,Hot
Goa,Panaji,2024-03-05,35.7,3.0,41.7,Sunny
Haryana,Gurugram,2024-03-05,30.9,10.1,39.1,Sunny
Punjab,Chandigarh,2024-03-04,36.7,3.8,44.9,Clear
Telangana,Warangal,2024-03-04,29.7,2.8,20.9,Hot
Meghalaya,Shillong,2024-03-03,31.3,4.4,22.5,Hot
Uttar Pradesh,Varanasi,2024-03-02,30.5,3.5,22.8,Dry
Andhra Pradesh,Tirupati,2024-03-01,39.5,0.4,31.8,Hot
Uttarakhand,Haridwar,2024-03-01,35.4,2.4,44.7,Dry
Andhra Pradesh,Guntur,2024-02-29,12.3,1.6,61.3,Clear
Jharkhand,Ranchi,2024-02-28,18.8,2.7,48.9,Sunny
Odisha,Cuttack,2024-02-28,18.3,0.4,30.4,Clear
Delhi (NCT),Dwarka,2024-02-28,11.4,3.4,41.5,Cloudy
Arunachal Pradesh,Itanagar,2024-02-27,24.4,1.1,39.2,Sunny
West Bengal,Darjeeling,2024-02-27,19.2,0.4,33.1,Sunny
Ladakh,Kargil,2024-02-27,22.6,2.9,51.8,Cloudy
Himachal Pradesh,Shimla,2024-02-26,10.2,1.3,42.1,Cloudy
Rajasthan,Udaipur,2024-02-26,15.6,1.3,63.7,Sunny
West Bengal,Siliguri,2024-02-26,19.8,7.3,50.8,Cloudy
Ladakh,Leh,2024-02-26,8.4,3.1,54.7,Sunny
Andhra Pradesh,Visakhapatnam,2024-02-25,10.6,7.1,61.4,Cloudy
Tamil Nadu,Madurai,2024-02-25,13.5,7.3,61.6,Clear
Kerala,Kochi,2024-02-24,12.6,1.0,41.8,Cloudy
Uttar Pradesh,Noida,2024-02-24,8.2,3.8,39.2,Cloudy
Bihar,Bhagalpur,2024-02-23,8.3,0.3,38.4,Clear
Assam,Dibrugarh,2024-02-22,9.9,1.9,40.0,Clear
Arunachal Pradesh,Naharlagun,2024-02-21,9.6,6.1,60.4,Sunny
Assam,Guwahati,2024-02-21,18.4,0.5,30.5,Sunny
Assam,Silchar,2024-02-21,24.8,5.1,54.0,Sunny
Karnataka,Mangaluru,2024-02-21,16.7,4.2,47.7,Clear
Nagaland,Dimapur,2024-02-21,18.9,2.8,49.0,Foggy
Andhra Pradesh,Vijayawada,2024-02-20,13.4,6.3,63.3,Cloudy
Bihar,Patna,2024-02-19,20.1,6.7,31.3,Foggy
Punjab,Jalandhar,2024-02-19,18.4,2.3,48.5,Sunny
Telangana,Nizamabad,2024-02-19,12.5,0.0,43.5,Foggy
Himachal Pradesh,Manali,2024-02-18,8.2,7.4,40.1,Cloudy
Maharashtra,Nagpur,2024-02-18,24.7,2.3,37.7,Clear
Rajasthan,Jaipur,2024-02-17,21.6,5.5,51.7,Sunny
Telangana,Hyderabad,2024-02-17,12.0,7.6,43.0,Sunny
Karnataka,Hubballi,2024-02-16,20.5,6.2,33.5,Foggy
Maharashtra,Pune,2024-02-15,21.1,5.0,51.2,Clear
Rajasthan,Jodhpur,2024-02-15,14.7,0.4,62.8,Clear
Tripura,Agartala,2024-02-15,21.1,5.0,51.2,Clear
Gujarat,Vadodara,2024-02-14,19.0,2.9,49.1,Cloudy
Madhya Pradesh,Bhopal,2024-02-14,24.7,4.1,55.7,Clear
Manipur,Imphal,2024-02-14,18.5,0.6,30.6,Foggy
West Bengal,Kolkata,2024-02-14,23.7,1.3,36.7,Foggy
Kerala,Thiruvananthapuram,2024-02-13,10.3,5.0,43.1,Clear
Uttarakhand,Dehradun,2024-02-13,8.3,5.7,57.3,Clear
West Bengal,Howrah,2024-02-13,14.2,8.0,62.3,Cloudy
Jammu and Kashmir,Jammu,2024-02-13,23.1,4.3,37.0,Clear
Goa,Margao,2024-02-12,8.6,3.3,54.9,Cloudy
Madhya Pradesh,Jabalpur,2024-02-12,10.4,1.5,42.3,Sunny
Punjab,Amritsar,2024-02-12,11.1,3.1,41.2,Clear
Uttar Pradesh,Agra,2024-02-11,13.7,7.5,61.8,Foggy
Himachal Pradesh,Dharamshala,2024-02-10,23.0,1.5,55.8,Cloudy
Chhattisgarh,Raipur,2024-02-09,17.4,4.9,48.4,Cloudy
Madhya Pradesh,Indore,2024-02-09,25.3,4.7,56.3,Foggy
Tamil Nadu,Tiruchirappalli,2024-02-09,9.3,4.0,42.1,Foggy
Bihar,Gaya,2024-02-08,25.6,2.3,53.9,Sunny
Chhattisgarh,Bilaspur,2024-02-08,20.0,1.2,33.9,Sunny
Maharashtra,Nashik,2024-02-08,22.2,7.9,35.2,Cloudy
Odisha,Bhubaneswar,2024-02-08,22.2,7.9,35.2,Cloudy
Odisha,Rourkela,2024-02-08,10.1,2.1,40.2,Foggy
Chhattisgarh,Durg,2024-02-07,12.7,6.5,60.8,Clear
Kerala,Kozhikode,2024-02-07,19.1,3.0,49.2,Clear
Maharashtra,Aurangabad,2024-02-07,25.3,6.5,39.2,Foggy
Delhi (NCT),New Delhi,2024-02-07,12.7,6.5,60.8,Clear
Maharashtra,Mumbai,2024-02-06,21.7,7.4,34.7,Foggy
Rajasthan,Kota,2024-02-06,16.5,6.7,63.7,Foggy
Punjab,Ludhiana,2024-02-05,25.5,7.6,37.6,Clear
Karnataka,Bengaluru,2024-02-04,14.3,1.8,45.3,Clear
Tamil Nadu,Chennai,2024-02-04,10.1,3.9,58.2,Foggy
Uttarakhand,Nainital,2024-02-04,25.9,5.3,56.9,Clear
Gujarat,Rajkot,2024-02-03,17.6,7.8,64.8,Sunny
Nagaland,Kohima,2024-02-02,22.9,5.0,35.0,Foggy
Tamil Nadu,Coimbatore,2024-02-02,25.4,4.8,56.4,Cloudy
Uttar Pradesh,Lucknow,2024-02-01,12.7,2.0,61.7,Clear
Delhi (NCT),Rohini,2024-02-01,10.2,2.2,40.3,Cloudy
Haryana,Panipat,2024-01-31,8.1,0.1,38.2,Foggy
Madhya Pradesh,Gwalior,2024-01-31,18.0,7.3,31.9,Sunny
Mizoram,Aizawl,2024-01-31,18.7,0.8,30.8,Clear
Sikkim,Gangtok,2024-01-30,16.6,6.8,63.8,Cloudy
Jammu and Kashmir,Srinagar,2024-01-30,17.4,2.2,32.2,Cloudy
Jharkhand,Jamshedpur,2024-01-29,24.4,3.8,55.4,Sunny
Goa,Panaji,2024-01-28,24.7,1.4,53.0,Clear
Haryana,Gurugram,2024-01-28,20.3,4.2,50.4,Clear
Punjab,Chandigarh,2024-01-27,8.1,1.9,56.2,Foggy
Telangana,Warangal,2024-01-27,19.2,4.9,32.2,Sunny
Meghalaya,Shillong,2024-01-26,20.8,6.5,33.8,Sunny
Uttar Pradesh,Varanasi,2024-01-25,20.2,1.4,34.1,Cloudy
Andhra Pradesh,Tirupati,2024-01-24,11.2,2.3,43.1,Sunny
Uttarakhand,Haridwar,2024-01-24,25.0,4.4,56.0,Cloudy
Andhra Pradesh,Guntur,2024-01-23,8.6,6.0,57.6,Cloudy
Jharkhand,Ranchi,2024-01-22,15.1,7.1,45.2,Clear
Odisha,Cuttack,2024-01-22,14.6,4.8,61.8,Cloudy
Delhi (NCT),Dwarka,2024-01-22,25.7,7.8,37.8,Foggy
Arunachal Pradesh,Itanagar,2024-01-21,20.7,5.5,35.5,Clear
West Bengal,Darjeeling,2024-01-21,15.5,4.8,64.5,Clear
Ladakh,Kargil,2024-01-21,18.9,7.3,48.1,Foggy
Himachal Pradesh,Shimla,2024-01-20,24.5,5.7,38.4,Foggy
Rajasthan,Udaipur,2024-01-20,11.9,5.7,60.0,Clear
West Bengal,Siliguri,2024-01-20,16.1,3.6,47.1,Foggy
Ladakh,Leh,2024-01-20,22.7,7.5,51.0,Clear
Andhra Pradesh,Visakhapatnam,2024-01-19,24.9,3.4,57.7,Foggy
Tamil Nadu,Madurai,2024-01-19,9.8,3.6,57.9,Cloudy
Kerala,Kochi,2024-01-18,8.9,5.4,38.1,Foggy
Uttar Pradesh,Noida,2024-01-18,22.5,0.1,35.5,Foggy
Bihar,Bhagalpur,2024-01-17,22.6,4.7,34.7,Cloudy
Assam,Dibrugarh,2024-01-16,24.2,6.3,36.3,Cloudy
Arunachal Pradesh,Naharlagun,2024-01-15,23.9,2.4,56.7,Clear
Assam,Guwahati,2024-01-15,14.7,4.9,61.9,Clear
Assam,Silchar,2024-01-15,21.1,1.4,50.3,Clear
Karnataka,Mangaluru,2024-01-15,13.0,0.5,44.0,Cloudy
Nagaland,Dimapur,2024-01-15,15.2,7.2,45.3,Sunny
Andhra Pradesh,Vijayawada,2024-01-14,9.7,2.6,59.6,Foggy
Bihar,Patna,2024-01-13,16.4,3.0,62.7,Sunny
Punjab,Jalandhar,2024-01-13,14.7,6.7,44.8,Clear
Telangana,Nizamabad,2024-01-13,8.8,4.4,39.8,Sunny
Himachal Pradesh,Manali,2024-01-12,22.5,3.7,36.4,Foggy
Maharashtra,Nagpur,2024-01-12,21.0,6.7,34.0,Cloudy
Rajasthan,Jaipur,2024-01-11,17.9,1.8,48.0,Clear
Telangana,Hyderabad,2024-01-11,8.3,3.9,39.3,Clear
Karnataka,Hubballi,2024-01-10,16.8,2.5,64.9,Sunny
Maharashtra,Pune,2024-01-09,17.4,1.3,47.5,Cloudy
Rajasthan,Jodhpur,2024-01-09,11.0,4.8,59.1,Cloudy
Tripura,Agartala,2024-01-09,17.4,1.3,47.5,Cloudy
Gujarat,Vadodara,2024-01-08,15.3,7.3,45.4,Foggy
Madhya Pradesh,Bhopal,2024-01-08,21.0,0.4,52.0,Cloudy
Manipur,Imphal,2024-01-08,14.8,5.0,62.0,Sunny
West Bengal,Kolkata,2024-01-08,20.0,5.7,33.0,Sunny
Kerala,Thiruvananthapuram,2024-01-07,24.6,1.3,39.4,Cloudy
Uttarakhand,Dehradun,2024-01-07,22.6,2.0,53.6,Cloudy
West Bengal,Howrah,2024-01-07,10.5,4.3,58.6,Foggy
Jammu and Kashmir,Jammu,2024-01-07,19.4,0.6,33.3,Cloudy
Goa,Margao,2024-01-06,22.9,7.7,51.2,Foggy
Madhya Pradesh,Jabalpur,2024-01-06,24.7,5.9,38.6,Clear
Punjab,Amritsar,2024-01-06,25.4,7.5,37.5,Cloudy
Uttar Pradesh,Agra,2024-01-05,10.0,3.8,58.1,Sunny
Himachal Pradesh,Dharamshala,2024-01-04,19.3,5.9,52.1,Foggy
Chhattisgarh,Raipur,2024-01-03,13.7,1.2,44.7,Foggy
Madhya Pradesh,Indore,2024-01-03,21.6,1.0,52.6,Sunny
Tamil Nadu,Tiruchirappalli,2024-01-03,23.6,0.3,38.4,Sunny
Bihar,Gaya,2024-01-02,21.9,6.7,50.2,Clear
Chhattisgarh,Bilaspur,2024-01-02,16.3,5.6,30.2,Clear
Maharashtra,Nashik,2024-01-02,18.5,4.2,31.5,Foggy
Odisha,Bhubaneswar,2024-01-02,18.5,4.2,31.5,Foggy
Odisha,Rourkela,2024-01-02,24.4,6.5,36.5,Sunny
Chhattisgarh,Durg,2024-01-01,9.0,2.8,57.1,Cloudy
Kerala,Kozhikode,2024-01-01,15.4,7.4,45.5,Cloudy
Maharashtra,Aurangabad,2024-01-01,21.6,2.8,35.5,Sunny
Delhi (NCT),New Delhi,2024-01-01,9.0,2.8,57.1,Cloudy
Maharashtra,Mumbai,2023-12-31,18.0,3.7,31.0,Sunny
Rajasthan,Kota,2023-12-31,12.8,3.0,60.0,Sunny
Punjab,Ludhiana,2023-12-30,21.8,3.9,33.9,Cloudy
Karnataka,Bengaluru,2023-12-29,10.6,6.2,41.6,Cloudy
Tamil Nadu,Chennai,2023-12-29,24.4,0.2,54.5,Sunny
Uttarakhand,Nainital,2023-12-29,22.2,1.6,53.2,Cloudy
Gujarat,Rajkot,2023-12-28,13.9,4.1,61.1,Clear
Nagaland,Kohima,2023-12-27,19.2,1.3,31.3,Sunny
Tamil Nadu,Coimbatore,2023-12-27,21.7,1.1,52.7,Foggy
Uttar Pradesh,Lucknow,2023-12-26,9.0,6.4,58.0,Cloudy
Delhi (NCT),Rohini,2023-12-26,24.5,6.6,36.6,Foggy
Haryana,Panipat,2023-12-25,22.4,4.5,34.5,Sunny
Madhya Pradesh,Gwalior,2023-12-25,14.3,3.6,63.3,Clear
Mizoram,Aizawl,2023-12-25,15.0,5.2,62.2,Cloudy
Sikkim,Gangtok,2023-12-24,12.9,3.1,60.1,Foggy
Jammu and Kashmir,Srinagar,2023-12-24,13.7,6.6,63.6,Foggy
Jharkhand,Jamshedpur,2023-12-23,20.7,0.1,51.7,Clear
Goa,Panaji,2023-12-22,21.0,5.8,49.3,Cloudy
Haryana,Gurugram,2023-12-22,16.6,0.5,46.7,Cloudy
Punjab,Chandigarh,2023-12-21,22.4,6.3,52.5,Sunny
Telangana,Warangal,2023-12-21,15.5,1.2,63.6,Clear
Meghalaya,Shillong,2023-12-20,17.1,2.8,30.1,Clear
Uttar Pradesh,Varanasi,2023-12-19,16.5,5.8,30.4,Foggy
Andhra Pradesh,Tirupati,2023-12-18,25.5,6.7,39.4,Clear
Uttarakhand,Haridwar,2023-12-18,21.3,0.7,52.3,Foggy
Andhra Pradesh,Guntur,2023-12-17,22.9,2.3,53.9,Foggy
Jharkhand,Ranchi,2023-12-16,11.4,3.4,41.5,Cloudy
Odisha,Cuttack,2023-12-16,10.9,1.1,58.1,Foggy
Delhi (NCT),Dwarka,2023-12-16,22.0,4.1,34.1,Sunny
Arunachal Pradesh,Itanagar,2023-12-15,17.0,1.8,31.8,Cloudy
West Bengal,Darjeeling,2023-12-15,11.8,1.1,60.8,Cloudy
Ladakh,Kargil,2023-12-15,15.2,3.6,44.4,Sunny
Himachal Pradesh,Shimla,2023-12-14,20.8,2.0,34.7,Sunny
Rajasthan,Udaipur,2023-12-14,8.2,2.0,56.3,Cloudy
West Bengal,Siliguri,2023-12-14,12.4,8.0,43.4,Sunny
Ladakh,Leh,2023-12-14,19.0,3.8,47.3,Cloudy
Andhra Pradesh,Visakhapatnam,2023-12-13,21.2,7.8,54.0,Sunny
Tamil Nadu,Madurai,2023-12-13,24.1,8.0,54.2,Foggy
Kerala,Kochi,2023-12-12,23.2,1.7,34.4,Sunny
Uttar Pradesh,Noida,2023-12-12,18.8,4.5,31.8,Sunny
Bihar,Bhagalpur,2023-12-11,18.9,1.0,31.0,Foggy
Assam,Dibrugarh,2023-12-10,20.5,2.6,32.6,Foggy
Arunachal Pradesh,Naharlagun,2023-12-09,20.2,6.8,53.0,Cloudy
Assam,Guwahati,2023-12-09,11.0,1.2,58.2,Cloudy
Assam,Silchar,2023-12-09,17.4,5.8,46.6,Cloudy
Karnataka,Mangaluru,2023-12-09,9.3,4.9,40.3,Foggy
Nagaland,Dimapur,2023-12-09,11.5,3.5,41.6,Clear
Andhra Pradesh,Vijayawada,2023-12-08,24.0,7.0,55.9,Sunny
Bihar,Patna,2023-12-07,12.7,7.4,59.0,Clear
Punjab,Jalandhar,2023-12-07,11.0,3.0,41.1,Cloudy
Telangana,Nizamabad,2023-12-07,23.1,0.7,36.1,Clear
Himachal Pradesh,Manali,2023-12-06,18.8,0.0,32.7,Sunny
Maharashtra,Nagpur,2023-12-06,17.3,3.0,30.3,Foggy
Rajasthan,Jaipur,2023-12-05,14.2,6.2,44.3,Cloudy
Telangana,Hyderabad,2023-12-05,22.6,0.2,35.6,Cloudy
Karnataka,Hubballi,2023-12-04,13.1,6.9,61.2,Clear
Maharashtra,Pune,2023-12-03,13.7,5.7,43.8,Foggy
Rajasthan,Jodhpur,2023-12-03,25.3,1.1,55.4,Foggy
Tripura,Agartala,2023-12-03,13.7,5.7,43.8,Foggy
Gujarat,Vadodara,2023-12-02,11.6,3.6,41.7,Sunny
Madhya Pradesh,Bhopal,2023-12-02,17.3,4.8,48.3,Foggy
Manipur,Imphal,2023-12-02,11.1,1.3,58.3,Clear
West Bengal,Kolkata,2023-12-02,16.3,2.0,64.4,Clear
Kerala,Thiruvananthapuram,2023-12-01,20.9,5.7,35.7,Foggy
Uttarakhand,Dehradun,2023-12-01,18.9,6.4,49.9,Foggy
West Bengal,Howrah,2023-12-01,24.8,0.6,54.9,Sunny
Jammu and Kashmir,Jammu,2023-12-01,15.7,5.0,64.7,Foggy
Goa,Margao,2023-11-30,31.4,3.5,62.5,Cloudy
Madhya Pradesh,Jabalpur,2023-11-30,23.3,5.8,69.9,Clear
Punjab,Amritsar,2023-11-30,27.5,9.8,58.8,Sunny
Uttar Pradesh,Agra,2023-11-29,33.0,5.3,49.3,Humid
Himachal Pradesh,Dharamshala,2023-11-28,26.6,4.2,58.3,Cloudy
Chhattisgarh,Raipur,2023-11-27,24.5,1.9,71.0,Cloudy
Madhya Pradesh,Indore,2023-11-27,32.4,9.8,48.8,Humid
Tamil Nadu,Tiruchirappalli,2023-11-27,28.0,15.6,74.7,Humid
Bihar,Gaya,2023-11-26,30.4,2.5,61.5,Clear
Chhattisgarh,Bilaspur,2023-11-26,30.0,22.5,61.5,Clear
Maharashtra,Nashik,2023-11-26,26.4,13.8,57.8,Cloudy
Odisha,Bhubaneswar,2023-11-26,26.4,13.8,57.8,Cloudy
Odisha,Rourkela,2023-11-26,26.5,8.8,57.8,Humid
Chhattisgarh,Durg,2023-11-25,32.0,4.3,48.3,Sunny
Kerala,Kozhikode,2023-11-25,20.4,17.8,66.8,Sunny
Maharashtra,Aurangabad,2023-11-25,20.2,2.7,66.8,Humid
Delhi (NCT),New Delhi,2023-11-25,32.0,4.3,48.3,Sunny
Maharashtra,Mumbai,2023-11-24,25.9,13.3,57.3,Humid
Rajasthan,Kota,2023-11-24,30.0,22.3,46.2,Humid
Punjab,Ludhiana,2023-11-23,23.9,6.2,55.2,Sunny
Karnataka,Bengaluru,2023-11-22,21.4,23.9,67.9,Sunny
Tamil Nadu,Chennai,2023-11-22,29.4,1.7,45.7,Humid
Uttarakhand,Nainital,2023-11-22,33.0,10.4,49.4,Sunny
Gujarat,Rajkot,2023-11-21,31.1,23.4,47.3,Clear
Nagaland,Kohima,2023-11-20,21.3,3.6,52.6,Humid
Tamil Nadu,Coimbatore,2023-11-20,32.5,9.9,48.9,Cloudy
Uttar Pradesh,Lucknow,2023-11-19,22.7,15.2,54.2,Sunny
Delhi (NCT),Rohini,2023-11-19,26.6,8.9,57.9,Cloudy
Haryana,Panipat,2023-11-18,24.5,6.8,55.8,Humid
Madhya Pradesh,Gwalior,2023-11-18,28.0,20.5,59.5,Clear
Mizoram,Aizawl,2023-11-18,32.2,24.5,48.4,Sunny
Sikkim,Gangtok,2023-11-17,30.1,22.4,46.3,Cloudy
Jammu and Kashmir,Srinagar,2023-11-17,18.1,5.7,64.8,Cloudy
Jharkhand,Jamshedpur,2023-11-16,31.5,8.9,47.9,Clear
Goa,Panaji,2023-11-15,29.5,1.6,60.6,Sunny
Haryana,Gurugram,2023-11-15,21.6,19.0,68.0,Sunny
Punjab,Chandigarh,2023-11-14,27.4,24.8,73.8,Humid
Telangana,Warangal,2023-11-14,23.4,10.8,54.8,Clear
Meghalaya,Shillong,2023-11-13,25.0,12.4,56.4,Clear
Uttar Pradesh,Varanasi,2023-11-12,30.2,22.7,61.7,Cloudy
Andhra Pradesh,Tirupati,2023-11-11,24.1,6.6,70.7,Clear
Uttarakhand,Haridwar,2023-11-11,32.1,9.5,48.5,Cloudy
Andhra Pradesh,Guntur,2023-11-10,18.6,11.1,50.1,Cloudy
Jharkhand,Ranchi,2023-11-09,31.5,13.8,62.8,Sunny
Odisha,Cuttack,2023-11-09,28.1,20.4,74.4,Cloudy
Delhi (NCT),Dwarka,2023-11-09,24.1,6.4,55.4,Humid
Arunachal Pradesh,Itanagar,2023-11-08,21.4,9.0,68.1,Sunny
West Bengal,Darjeeling,2023-11-08,25.5,18.0,57.0,Sunny
Ladakh,Kargil,2023-11-08,29.5,6.7,60.7,Humid
Himachal Pradesh,Shimla,2023-11-07,19.4,1.9,66.0,Humid
Rajasthan,Udaipur,2023-11-07,31.2,3.5,47.5,Sunny
West Bengal,Siliguri,2023-11-07,23.2,0.6,69.7,Humid
Ladakh,Leh,2023-11-07,27.5,24.7,58.6,Sunny
Andhra Pradesh,Visakhapatnam,2023-11-06,28.5,6.1,60.2,Humid
Tamil Nadu,Madurai,2023-11-06,29.1,1.4,45.4,Cloudy
Kerala,Kochi,2023-11-05,19.5,21.8,50.7,Humid
Uttar Pradesh,Noida,2023-11-05,26.7,14.1,58.1,Humid
Bihar,Bhagalpur,2023-11-04,21.0,3.3,52.3,Cloudy
Assam,Dibrugarh,2023-11-03,22.6,4.9,53.9,Cloudy
Arunachal Pradesh,Naharlagun,2023-11-02,27.5,5.1,59.2,Sunny
Assam,Guwahati,2023-11-02,28.2,20.5,74.5,Sunny
Assam,Silchar,2023-11-02,31.7,8.9,62.9,Sunny
Karnataka,Mangaluru,2023-11-02,20.1,22.6,66.6,Cloudy
Nagaland,Dimapur,2023-11-02,31.6,13.9,62.9,Clear
Andhra Pradesh,Vijayawada,2023-11-01,25.5,23.1,57.1,Humid
Bihar,Patna,2023-10-31,24.1,11.3,70.3,Clear
Punjab,Jalandhar,2023-10-31,31.1,13.4,62.4,Sunny
Telangana,Nizamabad,2023-10-31,31.0,18.4,62.4,Clear
Himachal Pradesh,Manali,2023-10-30,32.5,25.0,64.0,Humid
Maharashtra,Nagpur,2023-10-30,25.2,12.6,56.6,Cloudy
Rajasthan,Jaipur,2023-10-29,19.2,16.6,65.6,Sunny
Telangana,Hyderabad,2023-10-29,30.5,17.9,61.9,Sunny
Karnataka,Hubballi,2023-10-28,21.0,8.4,52.4,Clear
Maharashtra,Pune,2023-10-27,18.7,16.1,65.1,Cloudy
Rajasthan,Jodhpur,2023-10-27,30.3,2.6,46.6,Cloudy
Tripura,Agartala,2023-10-27,18.7,16.1,65.1,Cloudy
Gujarat,Vadodara,2023-10-26,31.7,14.0,63.0,Humid
Madhya Pradesh,Bhopal,2023-10-26,28.1,5.5,74.6,Cloudy
Manipur,Imphal,2023-10-26,28.3,20.6,74.6,Clear
West Bengal,Kolkata,2023-10-26,24.2,11.6,55.6,Clear
Kerala,Thiruvananthapuram,2023-10-25,25.3,12.9,72.0,Cloudy
Uttarakhand,Dehradun,2023-10-25,29.7,7.1,46.1,Cloudy
West Bengal,Howrah,2023-10-25,29.8,2.1,46.1,Humid
Jammu and Kashmir,Jammu,2023-10-25,29.4,21.9,60.9,Cloudy
Goa,Margao,2023-10-24,27.7,24.9,58.8,Humid
Madhya Pradesh,Jabalpur,2023-10-24,19.6,2.1,66.2,Sunny
Punjab,Amritsar,2023-10-24,23.8,6.1,55.1,Cloudy
Uttar Pradesh,Agra,2023-10-23,29.3,1.6,45.6,Clear
Himachal Pradesh,Dharamshala,2023-10-22,22.9,0.5,54.6,Humid
Chhattisgarh,Raipur,2023-10-21,20.8,23.3,67.3,Humid
Madhya Pradesh,Indore,2023-10-21,28.7,6.1,45.1,Clear
Tamil Nadu,Tiruchirappalli,2023-10-21,24.3,11.9,71.0,Clear
Bihar,Gaya,2023-10-20,26.7,23.9,57.8,Sunny
Chhattisgarh,Bilaspur,2023-10-20,26.3,18.8,57.8,Sunny
Maharashtra,Nashik,2023-10-20,22.7,10.1,54.1,Humid
Odisha,Bhubaneswar,2023-10-20,22.7,10.1,54.1,Humid
Odisha,Rourkela,2023-10-20,22.8,5.1,54.1,Clear
Chhattisgarh,Durg,2023-10-19,28.3,0.6,74.7,Cloudy
Kerala,Kozhikode,2023-10-19,31.8,14.1,63.1,Cloudy
Maharashtra,Aurangabad,2023-10-19,31.6,24.1,63.1,Clear
Delhi (NCT),New Delhi,2023-10-19,28.3,0.6,74.7,Cloudy
Maharashtra,Mumbai,2023-10-18,22.2,9.6,53.6,Clear
Rajasthan,Kota,2023-10-18,26.3,18.6,72.6,Clear
Punjab,Ludhiana,2023-10-17,20.2,2.5,51.5,Cloudy
Karnataka,Bengaluru,2023-10-16,32.8,20.2,64.2,Cloudy
Tamil Nadu,Chennai,2023-10-16,25.7,23.1,72.1,Clear
Uttarakhand,Nainital,2023-10-16,29.3,6.7,45.7,Cloudy
Gujarat,Rajkot,2023-10-15,27.4,19.7,73.7,Sunny
Nagaland,Kohima,2023-10-14,32.7,25.0,48.9,Clear
Tamil Nadu,Coimbatore,2023-10-14,28.8,6.2,45.2,Humid
Uttar Pradesh,Lucknow,2023-10-13,19.0,11.5,50.5,Cloudy
Delhi (NCT),Rohini,2023-10-13,22.9,5.2,54.2,Humid
Haryana,Panipat,2023-10-12,20.8,3.1,52.1,Clear
Madhya Pradesh,Gwalior,2023-10-12,24.3,16.8,55.8,Sunny
Mizoram,Aizawl,2023-10-12,28.5,20.8,74.8,Cloudy
Sikkim,Gangtok,2023-10-11,26.4,18.7,72.7,Humid
Jammu and Kashmir,Srinagar,2023-10-11,29.5,2.0,61.1,Humid
Jharkhand,Jamshedpur,2023-10-10,27.8,5.2,74.3,Sunny
Goa,Panaji,2023-10-09,25.8,23.0,56.9,Cloudy
Haryana,Gurugram,2023-10-09,33.0,15.3,64.3,Cloudy
Punjab,Chandigarh,2023-10-08,23.7,21.1,70.1,Clear
Telangana,Warangal,2023-10-08,19.7,7.1,51.1,Sunny
Meghalaya,Shillong,2023-10-07,21.3,8.7,52.7,Sunny
Uttar Pradesh,Varanasi,2023-10-06,26.5,19.0,58.0,Humid
Andhra Pradesh,Tirupati,2023-10-05,20.4,2.9,67.0,Sunny
Uttarakhand,Haridwar,2023-10-05,28.4,5.8,74.9,Humid
Andhra Pradesh,Guntur,2023-10-04,30.0,7.4,46.4,Humid
Jharkhand,Ranchi,2023-10-03,27.8,10.1,59.1,Cloudy
Odisha,Cuttack,2023-10-03,24.4,16.7,70.7,Humid
Delhi (NCT),Dwarka,2023-10-03,20.4,2.7,51.7,Clear
Arunachal Pradesh,Itanagar,2023-10-02,32.8,5.3,64.4,Cloudy
West Bengal,Darjeeling,2023-10-02,21.8,14.3,53.3,Cloudy
Ladakh,Kargil,2023-10-02,25.8,3.0,57.0,Clear
Himachal Pradesh,Shimla,2023-10-01,30.8,23.3,62.3,Clear
Rajasthan,Udaipur,2023-10-01,27.5,24.9,73.9,Cloudy
West Bengal,Siliguri,2023-10-01,19.5,22.0,66.0,Clear
Ladakh,Leh,2023-10-01,23.8,21.0,54.9,Cloudy
Andhra Pradesh,Visakhapatnam,2023-09-30,33.9,32.9,76.5,Stormy
Tamil Nadu,Madurai,2023-09-30,28.7,92.9,91.8,Heavy Rain
Kerala,Kochi,2023-09-29,29.3,38.0,67.0,Stormy
Uttar Pradesh,Noida,2023-09-29,30.3,105.6,74.4,Stormy
Bihar,Bhagalpur,2023-09-28,27.7,69.7,68.6,Heavy Rain
Assam,Dibrugarh,2023-09-27,29.3,71.3,70.2,Heavy Rain
Arunachal Pradesh,Naharlagun,2023-09-26,32.9,31.9,75.5,Rainy
Assam,Guwahati,2023-09-26,30.9,61.8,90.8,Rainy
Assam,Silchar,2023-09-26,30.4,50.2,79.2,Rainy
Karnataka,Mangaluru,2023-09-26,27.7,114.1,82.9,Heavy Rain
Nagaland,Dimapur,2023-09-26,27.2,80.3,79.2,Cloudy
Andhra Pradesh,Vijayawada,2023-09-25,34.0,164.8,73.4,Stormy
Bihar,Patna,2023-09-24,29.9,27.5,86.6,Cloudy
Punjab,Jalandhar,2023-09-24,26.7,79.8,78.7,Rainy
Telangana,Nizamabad,2023-09-24,23.5,109.9,78.7,Cloudy
Himachal Pradesh,Manali,2023-09-23,33.0,141.6,80.3,Stormy
Maharashtra,Nagpur,2023-09-23,28.8,104.1,72.9,Heavy Rain
Rajasthan,Jaipur,2023-09-22,29.9,83.0,81.9,Rainy
Telangana,Hyderabad,2023-09-22,23.0,109.4,78.2,Rainy
Karnataka,Hubballi,2023-09-21,24.6,99.9,68.7,Cloudy
Maharashtra,Pune,2023-09-20,29.4,82.5,81.4,Heavy Rain
Rajasthan,Jodhpur,2023-09-20,29.9,94.1,93.0,Heavy Rain
Tripura,Agartala,2023-09-20,29.4,82.5,81.4,Heavy Rain
Gujarat,Vadodara,2023-09-19,27.3,80.4,79.3,Stormy
Madhya Pradesh,Bhopal,2023-09-19,24.6,122.1,90.9,Heavy Rain
Manipur,Imphal,2023-09-19,31.0,61.9,90.9,Cloudy
West Bengal,Kolkata,2023-09-19,27.8,103.1,71.9,Cloudy
Kerala,Thiruvananthapuram,2023-09-18,26.7,179.7,88.3,Heavy Rain
Uttarakhand,Dehradun,2023-09-18,26.2,123.7,92.5,Heavy Rain
West Bengal,Howrah,2023-09-18,29.4,93.6,92.5,Stormy
Jammu and Kashmir,Jammu,2023-09-18,29.9,138.5,77.2,Heavy Rain
Goa,Margao,2023-09-17,29.5,16.0,75.1,Stormy
Madhya Pradesh,Jabalpur,2023-09-17,24.1,143.8,82.5,Rainy
Punjab,Amritsar,2023-09-17,30.5,72.5,71.4,Heavy Rain
Uttar Pradesh,Agra,2023-09-16,28.9,93.1,92.0,Cloudy
Himachal Pradesh,Dharamshala,2023-09-15,28.3,27.3,70.9,Stormy
Chhattisgarh,Raipur,2023-09-14,28.4,114.8,83.6,Stormy
Madhya Pradesh,Indore,2023-09-14,25.2,122.7,91.5,Cloudy
Tamil Nadu,Tiruchirappalli,2023-09-14,25.7,178.7,87.3,Cloudy
Bihar,Gaya,2023-09-13,28.5,15.0,74.1,Rainy
Chhattisgarh,Bilaspur,2023-09-13,26.8,135.4,74.1,Rainy
Maharashtra,Nashik,2023-09-13,26.3,101.6,70.4,Stormy
Odisha,Bhubaneswar,2023-09-13,26.3,101.6,70.4,Stormy
Odisha,Rourkela,2023-09-13,29.5,71.5,70.4,Cloudy
Chhattisgarh,Durg,2023-09-12,27.9,92.1,91.0,Heavy Rain
Kerala,Kozhikode,2023-09-12,27.4,80.5,79.4,Heavy Rain
Maharashtra,Aurangabad,2023-09-12,32.1,140.7,79.4,Cloudy
Delhi (NCT),New Delhi,2023-09-12,27.9,92.1,91.0,Heavy Rain
Maharashtra,Mumbai,2023-09-11,25.8,101.1,69.9,Cloudy
Rajasthan,Kota,2023-09-11,29.0,59.9,88.9,Cloudy
Punjab,Ludhiana,2023-09-10,26.9,68.9,67.8,Heavy Rain
Karnataka,Bengaluru,2023-09-09,25.3,111.7,80.5,Heavy Rain
Tamil Nadu,Chennai,2023-09-09,25.3,89.5,88.4,Cloudy
Uttarakhand,Nainital,2023-09-09,25.8,123.3,92.1,Heavy Rain
Gujarat,Rajkot,2023-09-08,30.1,61.0,90.0,Rainy
Nagaland,Kohima,2023-09-07,24.3,66.3,65.2,Cloudy
Tamil Nadu,Coimbatore,2023-09-07,25.3,122.8,91.6,Stormy
Uttar Pradesh,Lucknow,2023-09-06,30.6,128.1,66.8,Heavy Rain
Delhi (NCT),Rohini,2023-09-06,29.6,71.6,70.5,Stormy
Haryana,Panipat,2023-09-05,27.5,69.5,68.4,Cloudy
Madhya Pradesh,Gwalior,2023-09-05,24.8,133.4,72.1,Rainy
Mizoram,Aizawl,2023-09-05,31.2,62.1,91.1,Heavy Rain
Sikkim,Gangtok,2023-09-04,29.1,60.0,89.0,Stormy
Jammu and Kashmir,Srinagar,2023-09-04,26.9,168.8,77.4,Stormy
Jharkhand,Jamshedpur,2023-09-03,24.3,121.8,90.6,Rainy
Goa,Panaji,2023-09-02,27.6,179.2,73.2,Heavy Rain
Haryana,Gurugram,2023-09-02,28.6,81.7,80.6,Heavy Rain
Punjab,Chandigarh,2023-09-01,23.3,87.5,86.4,Cloudy
Telangana,Warangal,2023-09-01,23.3,98.6,67.4,Rainy
Meghalaya,Shillong,2023-08-31,24.9,100.2,69.0,Rainy
Uttar Pradesh,Varanasi,2023-08-30,27.0,135.6,74.3,Stormy
Andhra Pradesh,Tirupati,2023-08-29,24.9,144.6,83.3,Rainy
Uttarakhand,Haridwar,2023-08-29,24.9,122.4,91.2,Stormy
Andhra Pradesh,Guntur,2023-08-28,26.5,124.0,92.8,Stormy
Jharkhand,Ranchi,2023-08-27,23.4,76.5,75.4,Heavy Rain
Odisha,Cuttack,2023-08-27,27.1,58.0,87.0,Stormy
Delhi (NCT),Dwarka,2023-08-27,27.1,69.1,68.0,Cloudy
Arunachal Pradesh,Itanagar,2023-08-26,30.2,172.1,80.7,Heavy Rain
West Bengal,Darjeeling,2023-08-26,33.4,130.9,69.6,Heavy Rain
Ladakh,Kargil,2023-08-26,24.5,44.3,73.3,Cloudy
Himachal Pradesh,Shimla,2023-08-25,31.3,139.9,78.6,Cloudy
Rajasthan,Udaipur,2023-08-25,27.1,91.3,90.2,Heavy Rain
West Bengal,Siliguri,2023-08-25,27.1,113.5,82.3,Cloudy
Ladakh,Leh,2023-08-25,25.6,177.2,71.2,Heavy Rain
Andhra Pradesh,Visakhapatnam,2023-08-24,30.2,29.2,72.8,Cloudy
Tamil Nadu,Madurai,2023-08-24,25.0,89.2,88.1,Stormy
Kerala,Kochi,2023-08-23,25.6,34.3,93.4,Cloudy
Uttar Pradesh,Noida,2023-08-23,26.6,101.9,70.7,Cloudy
Bihar,Bhagalpur,2023-08-22,24.0,66.0,95.0,Stormy
Assam,Dibrugarh,2023-08-21,25.6,67.6,66.5,Stormy
Arunachal Pradesh,Naharlagun,2023-08-20,29.2,28.2,71.8,Heavy Rain
Assam,Guwahati,2023-08-20,27.2,58.1,87.1,Heavy Rain
Assam,Silchar,2023-08-20,26.7,46.5,75.5,Heavy Rain
Karnataka,Mangaluru,2023-08-20,24.0,110.4,79.2,Stormy
Nagaland,Dimapur,2023-08-20,23.5,76.6,75.5,Rainy
Andhra Pradesh,Vijayawada,2023-08-19,30.3,161.1,69.7,Cloudy
Bihar,Patna,2023-08-18,26.2,23.8,82.9,Rainy
Punjab,Jalandhar,2023-08-18,23.0,76.1,75.0,Heavy Rain
Telangana,Nizamabad,2023-08-18,30.9,106.2,75.0,Rainy
Himachal Pradesh,Manali,2023-08-17,29.3,137.9,76.6,Cloudy
Maharashtra,Nagpur,2023-08-17,25.1,100.4,69.2,Stormy
Rajasthan,Jaipur,2023-08-16,26.2,79.3,78.2,Heavy Rain
Telangana,Hyderabad,2023-08-16,30.4,105.7,74.5,Heavy Rain
Karnataka,Hubballi,2023-08-15,32.0,96.2,65.0,Rainy
Maharashtra,Pune,2023-08-14,25.7,78.8,77.7,Stormy
Rajasthan,Jodhpur,2023-08-14,26.2,90.4,89.3,Stormy
Tripura,Agartala,2023-08-14,25.7,78.8,77.7,Stormy
Gujarat,Vadodara,2023-08-13,23.6,76.7,75.6,Cloudy
Madhya Pradesh,Bhopal,2023-08-13,32.0,118.4,87.2,Stormy
Manipur,Imphal,2023-08-13,27.3,58.2,87.2,Rainy
West Bengal,Kolkata,2023-08-13,24.1,99.4,68.2,Rainy
Kerala,Thiruvananthapuram,2023-08-12,23.0,176.0,84.6,Stormy
Uttarakhand,Dehradun,2023-08-12,33.6,120.0,88.8,Stormy
West Bengal,Howrah,2023-08-12,25.7,89.9,88.8,Cloudy
Jammu and Kashmir,Jammu,2023-08-12,26.2,134.8,73.5,Stormy
Goa,Margao,2023-08-11,25.8,177.4,71.4,Cloudy
Madhya Pradesh,Jabalpur,2023-08-11,31.5,140.1,78.8,Heavy Rain
Punjab,Amritsar,2023-08-11,26.8,68.8,67.7,Stormy
Uttar Pradesh,Agra,2023-08-10,25.2,89.4,88.3,Rainy
Himachal Pradesh,Dharamshala,2023-08-09,24.6,23.6,67.2,Cloudy
Chhattisgarh,Raipur,2023-08-08,24.7,111.1,79.9,Cloudy
Madhya Pradesh,Indore,2023-08-08,32.6,119.0,87.8,Rainy
Tamil Nadu,Tiruchirappalli,2023-08-08,33.1,175.0,83.6,Rainy
Bihar,Gaya,2023-08-07,24.8,176.4,70.4,Heavy Rain
Chhattisgarh,Bilaspur,2023-08-07,23.1,131.7,70.4,Heavy Rain
Maharashtra,Nashik,2023-08-07,33.7,97.9,66.7,Cloudy
Odisha,Bhubaneswar,2023-08-07,33.7,97.9,66.7,Cloudy
Odisha,Rourkela,2023-08-07,25.8,67.8,66.7,Rainy
Chhattisgarh,Durg,2023-08-06,24.2,88.4,87.3,Stormy
Kerala,Kozhikode,2023-08-06,23.7,76.8,75.7,Stormy
Maharashtra,Aurangabad,2023-08-06,28.4,137.0,75.7,Rainy
Delhi (NCT),New Delhi,2023-08-06,24.2,88.4,87.3,Stormy
Maharashtra,Mumbai,2023-08-05,33.2,97.4,66.2,Rainy
Rajasthan,Kota,2023-08-05,25.3,56.2,85.2,Rainy
Punjab,Ludhiana,2023-08-04,23.2,65.2,94.2,Stormy
Karnataka,Bengaluru,2023-08-03,32.7,108.0,76.8,Stormy
Tamil Nadu,Chennai,2023-08-03,32.7,85.8,84.7,Rainy
Uttarakhand,Nainital,2023-08-03,33.2,119.6,88.4,Stormy
Gujarat,Rajkot,2023-08-02,26.4,57.3,86.3,Heavy Rain
Nagaland,Kohima,2023-08-01,31.7,62.6,91.6,Rainy
Tamil Nadu,Coimbatore,2023-08-01,32.7,119.1,87.9,Cloudy
Uttar Pradesh,Lucknow,2023-07-31,26.9,124.4,93.2,Stormy
Delhi (NCT),Rohini,2023-07-31,25.9,67.9,66.8,Cloudy
Haryana,Panipat,2023-07-30,23.8,65.8,94.8,Rainy
Madhya Pradesh,Gwalior,2023-07-30,32.2,129.7,68.4,Heavy Rain
Mizoram,Aizawl,2023-07-30,27.5,58.4,87.4,Stormy
Sikkim,Gangtok,2023-07-29,25.4,56.3,85.3,Cloudy
Jammu and Kashmir,Srinagar,2023-07-29,23.2,165.1,73.7,Cloudy
Jharkhand,Jamshedpur,2023-07-28,31.7,118.1,86.9,Heavy Rain
Goa,Panaji,2023-07-27,23.9,175.5,69.5,Stormy
Punjab,Chandigarh,2023-07-26,30.7,83.8,82.7,Rainy
Telangana,Warangal,2023-07-26,30.7,94.9,93.8,Heavy Rain
Meghalaya,Shillong,2023-07-25,32.3,96.5,65.3,Heavy Rain
Uttar Pradesh,Varanasi,2023-07-24,23.3,131.9,70.6,Cloudy
Andhra Pradesh,Tirupati,2023-07-23,32.3,140.9,79.6,Heavy Rain
Uttarakhand,Haridwar,2023-07-23,32.3,118.7,87.5,Cloudy
Andhra Pradesh,Guntur,2023-07-22,33.9,120.3,89.1,Cloudy
Jharkhand,Ranchi,2023-07-21,30.8,72.8,71.7,Stormy
Odisha,Cuttack,2023-07-21,23.4,54.3,83.3,Cloudy
Delhi (NCT),Dwarka,2023-07-21,23.4,65.4,94.4,Rainy
Arunachal Pradesh,Itanagar,2023-07-20,26.5,168.4,77.0,Stormy
West Bengal,Darjeeling,2023-07-20,29.7,127.2,65.9,Stormy
Ladakh,Kargil,2023-07-20,31.9,40.6,69.6,Rainy
Himachal Pradesh,Shimla,2023-07-19,27.6,136.2,74.9,Rainy
Rajasthan,Udaipur,2023-07-19,23.4,87.6,86.5,Stormy
Ladakh,Leh,2023-07-19,33.0,173.5,67.5,Stormy
Andhra Pradesh,Visakhapatnam,2023-07-18,26.5,25.5,69.1,Rainy
Tamil Nadu,Madurai,2023-07-18,32.4,85.5,84.4,Cloudy
Kerala,Kochi,2023-07-17,33.0,30.6,89.7,Rainy
Uttar Pradesh,Noida,2023-07-17,34.0,98.2,67.0,Rainy
Bihar,Bhagalpur,2023-07-16,31.4,62.3,91.3,Cloudy
Assam,Dibrugarh,2023-07-15,33.0,63.9,92.9,Cloudy
Arunachal Pradesh,Naharlagun,2023-07-14,25.5,24.5,68.1,Stormy
Assam,Guwahati,2023-07-14,23.5,54.4,83.4,Stormy
Assam,Silchar,2023-07-14,23.0,42.8,71.8,Stormy
Karnataka,Mangaluru,2023-07-14,31.4,106.7,75.5,Cloudy
Nagaland,Dimapur,2023-07-14,30.9,72.9,71.8,Heavy Rain
Andhra Pradesh,Vijayawada,2023-07-13,26.6,157.4,66.0,Rainy
Bihar,Patna,2023-07-12,33.6,20.1,79.2,Heavy Rain
Punjab,Jalandhar,2023-07-12,30.4,72.4,71.3,Stormy
Telangana,Nizamabad,2023-07-12,27.2,102.5,71.3,Heavy Rain
Himachal Pradesh,Manali,2023-07-11,25.6,134.2,72.9,Rainy
Maharashtra,Nagpur,2023-07-11,32.5,96.7,65.5,Cloudy
Rajasthan,Jaipur,2023-07-10,33.6,75.6,74.5,Stormy
Telangana,Hyderabad,2023-07-10,26.7,102.0,70.8,Stormy
Karnataka,Hubballi,2023-07-09,28.3,92.5,91.4,Heavy Rain
Maharashtra,Pune,2023-07-08,33.1,75.1,74.0,Cloudy
Rajasthan,Jodhpur,2023-07-08,33.6,86.7,85.6,Cloudy
Tripura,Agartala,2023-07-08,33.1,75.1,74.0,Cloudy
Gujarat,Vadodara,2023-07-07,31.0,73.0,71.9,Rainy
Madhya Pradesh,Bhopal,2023-07-07,28.3,114.7,83.5,Cloudy
Manipur,Imphal,2023-07-07,23.6,54.5,83.5,Heavy Rain
West Bengal,Kolkata,2023-07-07,31.5,95.7,94.6,Heavy Rain
Kerala,Thiruvananthapuram,2023-07-06,30.4,172.3,80.9,Cloudy
Uttarakhand,Dehradun,2023-07-06,29.9,116.3,85.1,Cloudy
West Bengal,Howrah,2023-07-06,33.1,86.2,85.1,Rainy
Jammu and Kashmir,Jammu,2023-07-06,33.6,131.1,69.8,Cloudy
Goa,Margao,2023-07-05,33.2,173.7,67.7,Rainy
Madhya Pradesh,Jabalpur,2023-07-05,27.8,136.4,75.1,Stormy
Punjab,Amritsar,2023-07-05,23.1,65.1,94.1,Cloudy
Uttar Pradesh,Agra,2023-07-04,32.6,85.7,84.6,Heavy Rain
Himachal Pradesh,Dharamshala,2023-07-03,32.0,19.9,93.6,Rainy
Chhattisgarh,Raipur,2023-07-02,32.1,107.4,76.2,Rainy
Madhya Pradesh,Indore,2023-07-02,28.9,115.3,84.1,Heavy Rain
Tamil Nadu,Tiruchirappalli,2023-07-02,29.4,171.3,79.9,Heavy Rain
Bihar,Gaya,2023-07-01,32.2,172.7,66.7,Stormy
Chhattisgarh,Bilaspur,2023-07-01,30.5,128.0,66.7,Stormy
Maharashtra,Nashik,2023-07-01,30.0,94.2,93.1,Rainy
Odisha,Bhubaneswar,2023-07-01,30.0,94.2,93.1,Rainy
Odisha,Rourkela,2023-07-01,33.2,64.1,93.1,Heavy Rain
Chhattisgarh,Durg,2023-06-30,31.6,84.7,83.6,Cloudy
Kerala,Kozhikode,2023-06-30,31.1,73.1,72.0,Cloudy
Maharashtra,Aurangabad,2023-06-30,24.7,133.3,72.0,Heavy Rain
Delhi (NCT),New Delhi,2023-06-30,31.6,84.7,83.6,Cloudy
Maharashtra,Mumbai,2023-06-29,29.5,93.7,92.6,Heavy Rain
Rajasthan,Kota,2023-06-29,32.7,52.5,81.5,Heavy Rain
Punjab,Ludhiana,2023-06-28,30.6,61.5,90.5,Cloudy
Karnataka,Bengaluru,2023-06-27,29.0,104.3,73.1,Cloudy
Tamil Nadu,Chennai,2023-06-27,29.0,82.1,81.0,Heavy Rain
Uttarakhand,Nainital,2023-06-27,29.5,115.9,84.7,Cloudy
Gujarat,Rajkot,2023-06-26,33.8,53.6,82.6,Stormy
Nagaland,Kohima,2023-06-25,28.0,58.9,87.9,Heavy Rain
Tamil Nadu,Coimbatore,2023-06-25,29.0,115.4,84.2,Rainy
Uttar Pradesh,Lucknow,2023-06-24,23.2,120.7,89.5,Cloudy
Delhi (NCT),Rohini,2023-06-24,33.3,64.2,93.2,Rainy
Haryana,Panipat,2023-06-23,31.2,62.1,91.1,Heavy Rain
Madhya Pradesh,Gwalior,2023-06-23,28.5,126.0,94.8,Stormy
Mizoram,Aizawl,2023-06-23,23.8,54.7,83.7,Cloudy
Sikkim,Gangtok,2023-06-22,32.8,52.6,81.6,Rainy
Jammu and Kashmir,Srinagar,2023-06-22,30.6,161.4,70.0,Rainy
Jharkhand,Jamshedpur,2023-06-21,28.0,114.4,83.2,Stormy
Goa,Panaji,2023-06-20,31.3,171.8,65.8,Cloudy
Punjab,Chandigarh,2023-06-19,27.0,80.1,79.0,Heavy Rain
Telangana,Warangal,2023-06-19,27.0,91.2,90.1,Stormy
Gujarat,Ahmedabad,2023-06-18,24.9,78.0,76.9,Stormy
Meghalaya,Shillong,2023-06-18,28.6,92.8,91.7,Stormy
Uttar Pradesh,Varanasi,2023-06-17,30.7,128.2,66.9,Rainy
Andhra Pradesh,Tirupati,2023-06-16,28.6,137.2,75.9,Stormy
Uttarakhand,Haridwar,2023-06-16,28.6,115.0,83.8,Rainy
Andhra Pradesh,Guntur,2023-06-15,30.2,116.6,85.4,Rainy
Jharkhand,Ranchi,2023-06-14,27.1,69.1,68.0,Cloudy
Odisha,Cuttack,2023-06-14,30.8,50.6,79.6,Rainy
Delhi (NCT),Dwarka,2023-06-14,30.8,61.7,90.7,Heavy Rain
Arunachal Pradesh,Itanagar,2023-06-13,33.9,164.7,73.3,Cloudy
West Bengal,Darjeeling,2023-06-13,26.0,123.5,92.3,Cloudy
Ladakh,Kargil,2023-06-13,28.2,36.9,65.9,Heavy Rain
Himachal Pradesh,Shimla,2023-06-12,23.9,132.5,71.2,Heavy Rain
Rajasthan,Udaipur,2023-06-12,30.8,83.9,82.8,Cloudy
Ladakh,Leh,2023-06-12,29.3,169.8,93.9,Cloudy
Andhra Pradesh,Visakhapatnam,2023-06-11,33.9,21.8,65.4,Heavy Rain
Tamil Nadu,Madurai,2023-06-11,28.7,81.8,80.7,Rainy
Kerala,Kochi,2023-06-10,29.3,26.9,86.0,Heavy Rain
Uttar Pradesh,Noida,2023-06-10,30.3,94.5,93.4,Heavy Rain
Bihar,Bhagalpur,2023-06-09,27.7,58.6,87.6,Rainy
Assam,Dibrugarh,2023-06-08,29.3,60.2,89.2,Rainy
Arunachal Pradesh,Naharlagun,2023-06-07,32.9,20.8,94.5,Cloudy
Assam,Guwahati,2023-06-07,30.9,50.7,79.7,Cloudy
Assam,Silchar,2023-06-07,30.4,39.1,68.1,Cloudy
Karnataka,Mangaluru,2023-06-07,27.7,103.0,71.8,Rainy
Nagaland,Dimapur,2023-06-07,27.2,69.2,68.1,Stormy
Andhra Pradesh,Vijayawada,2023-06-06,34.0,153.7,92.4,Heavy Rain
Bihar,Patna,2023-06-05,29.9,16.4,75.5,Stormy
Punjab,Jalandhar,2023-06-05,26.7,68.7,67.6,Cloudy
Telangana,Nizamabad,2023-06-05,23.5,98.8,67.6,Stormy
Himachal Pradesh,Manali,2023-06-04,33.0,130.5,69.2,Heavy Rain
Maharashtra,Nagpur,2023-06-04,28.8,93.0,91.9,Rainy
Rajasthan,Jaipur,2023-06-03,29.9,71.9,70.8,Cloudy
Telangana,Hyderabad,2023-06-03,23.0,98.3,67.1,Cloudy
Karnataka,Hubballi,2023-06-02,24.6,88.8,87.7,Stormy
Maharashtra,Pune,2023-06-01,29.4,71.4,70.3,Rainy
Rajasthan,Jodhpur,2023-06-01,29.9,83.0,81.9,Rainy
Tripura,Agartala,2023-06-01,29.4,71.4,70.3,Rainy
Gujarat,Vadodara,2023-05-31,36.2,3.4,43.3,Dry
Madhya Pradesh,Bhopal,2023-05-31,41.7,8.8,49.9,Sunny
Manipur,Imphal,2023-05-31,35.8,9.1,24.8,Clear
West Bengal,Kolkata,2023-05-31,40.8,1.9,30.9,Clear
Kerala,Thiruvananthapuram,2023-05-30,45.0,5.9,37.3,Sunny
Uttarakhand,Dehradun,2023-05-30,43.3,10.4,16.4,Sunny
West Bengal,Howrah,2023-05-30,31.3,4.5,21.4,Dry
Jammu and Kashmir,Jammu,2023-05-30,40.0,1.0,31.2,Sunny
Goa,Margao,2023-05-29,44.2,11.6,49.1,Dry
Madhya Pradesh,Jabalpur,2023-05-29,45.3,6.3,36.5,Hot
Punjab,Amritsar,2023-05-29,28.3,7.6,35.4,Sunny
Uttar Pradesh,Agra,2023-05-28,30.8,4.0,20.9,Clear
Himachal Pradesh,Dharamshala,2023-05-27,39.6,6.5,50.0,Dry
Chhattisgarh,Raipur,2023-05-26,34.4,1.5,42.6,Dry
Madhya Pradesh,Indore,2023-05-26,42.3,9.4,15.4,Clear
Tamil Nadu,Tiruchirappalli,2023-05-26,44.0,4.9,36.3,Clear
Bihar,Gaya,2023-05-25,43.2,10.6,48.1,Hot
Chhattisgarh,Bilaspur,2023-05-25,36.9,10.0,28.1,Hot
Maharashtra,Nashik,2023-05-25,39.3,0.4,29.4,Dry
Odisha,Bhubaneswar,2023-05-25,39.3,0.4,29.4,Dry
Odisha,Rourkela,2023-05-25,45.4,6.6,34.4,Clear
Chhattisgarh,Durg,2023-05-24,29.8,3.0,19.9,Sunny
Kerala,Kozhikode,2023-05-24,36.3,3.5,43.4,Sunny
Maharashtra,Aurangabad,2023-05-24,42.2,3.2,33.4,Clear
Delhi (NCT),New Delhi,2023-05-24,29.8,3.0,19.9,Sunny
Maharashtra,Mumbai,2023-05-23,38.8,12.0,28.9,Clear
Rajasthan,Kota,2023-05-23,33.8,7.1,22.8,Clear
Punjab,Ludhiana,2023-05-22,42.8,4.0,31.8,Sunny
Karnataka,Bengaluru,2023-05-21,31.3,10.5,39.5,Sunny
Tamil Nadu,Chennai,2023-05-21,45.3,0.4,17.3,Clear
Uttarakhand,Nainital,2023-05-21,42.9,10.0,16.0,Sunny
Gujarat,Rajkot,2023-05-20,34.9,8.2,23.9,Hot
Nagaland,Kohima,2023-05-19,40.2,1.4,29.2,Clear
Tamil Nadu,Coimbatore,2023-05-19,42.4,9.5,15.5,Dry
Uttar Pradesh,Lucknow,2023-05-18,29.6,2.7,20.8,Sunny
Delhi (NCT),Rohini,2023-05-18,45.5,6.7,34.5,Dry
Haryana,Panipat,2023-05-17,43.4,4.6,32.4,Clear
Madhya Pradesh,Gwalior,2023-05-17,34.9,8.0,26.1,Hot
Mizoram,Aizawl,2023-05-17,36.0,9.3,25.0,Sunny
Sikkim,Gangtok,2023-05-16,33.9,7.2,22.9,Dry
Jammu and Kashmir,Srinagar,2023-05-16,34.1,7.1,26.4,Dry
Jharkhand,Jamshedpur,2023-05-15,41.4,8.5,49.6,Hot
Goa,Panaji,2023-05-14,42.3,9.7,47.2,Sunny
Punjab,Chandigarh,2023-05-13,43.3,10.5,15.3,Clear
Telangana,Warangal,2023-05-13,36.3,9.5,26.4,Hot
Gujarat,Ahmedabad,2023-05-12,41.2,8.4,48.3,Hot
Meghalaya,Shillong,2023-05-12,37.9,11.1,28.0,Hot
Uttar Pradesh,Varanasi,2023-05-11,37.1,10.2,28.3,Dry
Andhra Pradesh,Tirupati,2023-05-10,28.0,7.1,37.3,Hot
Haryana,Faridabad,2023-05-10,40.7,7.9,47.8,Sunny
Uttarakhand,Haridwar,2023-05-10,42.0,9.1,15.1,Dry
Andhra Pradesh,Guntur,2023-05-09,43.6,10.7,16.7,Dry
Jharkhand,Ranchi,2023-05-08,32.3,11.6,39.4,Sunny
Odisha,Cuttack,2023-05-08,31.9,5.2,20.9,Dry
Delhi (NCT),Dwarka,2023-05-08,43.0,4.2,32.0,Clear
Arunachal Pradesh,Itanagar,2023-05-07,37.4,10.4,29.7,Sunny
West Bengal,Darjeeling,2023-05-07,32.4,5.5,23.6,Sunny
Ladakh,Kargil,2023-05-07,36.3,3.6,42.3,Clear
Himachal Pradesh,Shimla,2023-05-06,41.4,2.4,32.6,Clear
Rajasthan,Udaipur,2023-05-06,29.0,2.2,19.1,Sunny
Ladakh,Leh,2023-05-06,40.3,7.7,45.2,Sunny
Andhra Pradesh,Visakhapatnam,2023-05-05,41.5,8.4,16.8,Clear
Tamil Nadu,Madurai,2023-05-05,45.0,0.1,17.0,Dry
Kerala,Kochi,2023-05-04,44.4,5.7,32.3,Clear
Uttar Pradesh,Noida,2023-05-04,39.6,0.7,29.7,Clear
Bihar,Bhagalpur,2023-05-03,39.9,1.1,28.9,Dry
Assam,Dibrugarh,2023-05-02,41.5,2.7,30.5,Dry
Arunachal Pradesh,Naharlagun,2023-05-01,40.5,7.4,15.8,Sunny
Assam,Guwahati,2023-05-01,32.0,5.3,21.0,Sunny
Assam,Silchar,2023-05-01,38.5,5.8,44.5,Sunny
Karnataka,Mangaluru,2023-05-01,30.0,9.2,38.2,Dry
Nagaland,Dimapur,2023-05-01,32.4,11.7,39.5,Hot
Andhra Pradesh,Vijayawada,2023-04-30,44.5,11.5,18.7,Clear
Bihar,Patna,2023-04-29,33.9,7.3,21.8,Hot
Punjab,Jalandhar,2023-04-29,31.9,11.2,39.0,Sunny
Telangana,Nizamabad,2023-04-29,43.9,5.0,34.0,Hot
Himachal Pradesh,Manali,2023-04-28,39.4,0.4,30.6,Clear
Maharashtra,Nagpur,2023-04-28,38.1,11.3,28.2,Dry
Telangana,Hyderabad,2023-04-27,43.4,4.5,33.5,Sunny
Karnataka,Hubballi,2023-04-26,33.9,7.1,24.0,Hot
Maharashtra,Pune,2023-04-25,34.6,1.8,41.7,Dry
Rajasthan,Jodhpur,2023-04-25,28.1,1.3,18.2,Dry
Tripura,Agartala,2023-04-25,34.6,1.8,41.7,Dry
Gujarat,Vadodara,2023-04-24,32.5,11.8,39.6,Clear
Madhya Pradesh,Bhopal,2023-04-24,38.0,5.1,46.2,Dry
Manipur,Imphal,2023-04-24,32.1,5.4,21.1,Hot
West Bengal,Kolkata,2023-04-24,37.1,10.3,27.2,Hot
Kerala,Thiruvananthapuram,2023-04-23,41.3,2.2,33.6,Dry
Uttarakhand,Dehradun,2023-04-23,39.6,6.7,47.8,Dry
West Bengal,Howrah,2023-04-23,45.7,0.8,17.7,Clear
Jammu and Kashmir,Jammu,2023-04-23,36.3,9.4,27.5,Dry
Goa,Margao,2023-04-22,40.5,7.9,45.4,Clear
Madhya Pradesh,Jabalpur,2023-04-22,41.6,2.6,32.8,Sunny
Punjab,Amritsar,2023-04-22,42.7,3.9,31.7,Dry
Uttar Pradesh,Agra,2023-04-21,45.2,0.3,17.2,Hot
Himachal Pradesh,Dharamshala,2023-04-20,35.9,2.8,46.3,Clear
Madhya Pradesh,Indore,2023-04-19,38.6,5.7,46.8,Hot
Tamil Nadu,Tiruchirappalli,2023-04-19,40.3,1.2,32.6,Hot
Bihar,Gaya,2023-04-18,39.5,6.9,44.4,Sunny
Chhattisgarh,Bilaspur,2023-04-18,33.2,6.3,24.4,Sunny
Maharashtra,Nashik,2023-04-18,35.6,8.8,25.7,Clear
Odisha,Bhubaneswar,2023-04-18,35.6,8.8,25.7,Clear
Odisha,Rourkela,2023-04-18,41.7,2.9,30.7,Hot
Chhattisgarh,Durg,2023-04-17,44.2,11.4,16.2,Dry
Kerala,Kozhikode,2023-04-17,32.6,11.9,39.7,Dry
Maharashtra,Aurangabad,2023-04-17,38.5,11.6,29.7,Hot
Delhi (NCT),New Delhi,2023-04-17,44.2,11.4,16.2,Dry
Maharashtra,Mumbai,2023-04-16,35.1,8.3,25.2,Hot
Rajasthan,Kota,2023-04-16,30.1,3.4,19.1,Hot
Punjab,Ludhiana,2023-04-15,39.1,0.3,28.1,Dry
Karnataka,Bengaluru,2023-04-14,45.7,6.8,35.8,Dry
Tamil Nadu,Chennai,2023-04-14,41.6,8.8,48.7,Hot
Uttarakhand,Nainital,2023-04-14,39.2,6.3,47.4,Dry
Gujarat,Rajkot,2023-04-13,31.2,4.5,20.2,Sunny
Nagaland,Kohima,2023-04-12,36.5,9.8,25.5,Hot
Tamil Nadu,Coimbatore,2023-04-12,38.7,5.8,46.9,Clear
Uttar Pradesh,Lucknow,2023-04-11,44.0,11.1,17.1,Dry
Delhi (NCT),Rohini,2023-04-11,41.8,3.0,30.8,Clear
Haryana,Panipat,2023-04-10,39.7,0.9,28.7,Hot
Madhya Pradesh,Gwalior,2023-04-10,31.2,4.3,22.4,Sunny
Mizoram,Aizawl,2023-04-10,32.3,5.6,21.3,Dry
Sikkim,Gangtok,2023-04-09,30.2,3.5,19.2,Clear
Jammu and Kashmir,Srinagar,2023-04-09,30.4,3.4,22.7,Clear
Jharkhand,Jamshedpur,2023-04-08,37.7,4.8,45.9,Sunny
Goa,Panaji,2023-04-07,38.6,6.0,43.5,Dry
Punjab,Chandigarh,2023-04-06,39.6,6.8,46.7,Hot
Telangana,Warangal,2023-04-06,32.6,5.8,22.7,Sunny
Gujarat,Ahmedabad,2023-04-05,37.5,4.7,44.6,Sunny
Meghalaya,Shillong,2023-04-05,34.2,7.4,24.3,Sunny
Uttar Pradesh,Varanasi,2023-04-04,33.4,6.5,24.6,Clear
Andhra Pradesh,Tirupati,2023-04-03,42.4,3.4,33.6,Sunny
Haryana,Faridabad,2023-04-03,37.0,4.2,44.1,Dry
Uttarakhand,Haridwar,2023-04-03,38.3,5.4,46.5,Clear
Andhra Pradesh,Guntur,2023-04-02,39.9,7.0,48.1,Clear
Jharkhand,Ranchi,2023-04-01,28.6,7.9,35.7,Dry
Odisha,Cuttack,2023-04-01,28.2,1.5,17.2,Clear
Delhi (NCT),Dwarka,2023-04-01,39.3,0.5,28.3,Hot
Arunachal Pradesh,Itanagar,2023-03-31,33.7,6.7,26.0,Dry
West Bengal,Darjeeling,2023-03-31,28.7,1.8,19.9,Dry
Ladakh,Kargil,2023-03-31,32.6,12.0,38.6,Hot
Himachal Pradesh,Shimla,2023-03-30,37.7,10.8,28.9,Hot
Rajasthan,Udaipur,2023-03-30,43.4,10.6,15.4,Dry
Ladakh,Leh,2023-03-30,36.6,4.0,41.5,Dry
Andhra Pradesh,Visakhapatnam,2023-03-29,37.8,4.7,48.2,Hot
Tamil Nadu,Madurai,2023-03-29,41.3,8.5,48.4,Clear
Kerala,Kochi,2023-03-28,40.7,2.0,28.6,Hot
Uttar Pradesh,Noida,2023-03-28,35.9,9.1,26.0,Hot
Bihar,Bhagalpur,2023-03-27,36.2,9.5,25.2,Clear
Assam,Dibrugarh,2023-03-26,37.8,11.1,26.8,Clear
Arunachal Pradesh,Naharlagun,2023-03-25,36.8,3.7,47.2,Dry
Assam,Guwahati,2023-03-25,28.3,1.6,17.3,Dry
Assam,Silchar,2023-03-25,34.8,2.1,40.8,Dry
Karnataka,Mangaluru,2023-03-25,44.4,5.5,34.5,Clear
Nagaland,Dimapur,2023-03-25,28.7,8.0,35.8,Sunny
Andhra Pradesh,Vijayawada,2023-03-24,40.8,7.8,15.0,Hot
Bihar,Patna,2023-03-23,30.2,3.6,18.1,Sunny
Punjab,Jalandhar,2023-03-23,28.2,7.5,35.3,Dry
Telangana,Nizamabad,2023-03-23,40.2,1.3,30.3,Sunny
Himachal Pradesh,Manali,2023-03-22,35.7,8.8,26.9,Hot
Maharashtra,Nagpur,2023-03-22,34.4,7.6,24.5,Clear
Telangana,Hyderabad,2023-03-21,39.7,0.8,29.8,Dry
Karnataka,Hubballi,2023-03-20,30.2,3.4,20.3,Sunny
Rajasthan,Jodhpur,2023-03-19,42.5,9.7,49.6,Clear
Gujarat,Vadodara,2023-03-18,28.8,8.1,35.9,Hot
Madhya Pradesh,Bhopal,2023-03-18,34.3,1.4,42.5,Clear
Manipur,Imphal,2023-03-18,28.4,1.7,17.4,Sunny
West Bengal,Kolkata,2023-03-18,33.4,6.6,23.5,Sunny
Kerala,Thiruvananthapuram,2023-03-17,37.6,10.6,29.9,Clear
Uttarakhand,Dehradun,2023-03-17,35.9,3.0,44.1,Clear
West Bengal,Howrah,2023-03-17,42.0,9.2,49.1,Hot
Jammu and Kashmir,Jammu,2023-03-17,32.6,5.7,23.8,Clear
Goa,Margao,2023-03-16,36.8,4.2,41.7,Hot
Madhya Pradesh,Jabalpur,2023-03-16,37.9,11.0,29.1,Dry
Punjab,Amritsar,2023-03-16,39.0,0.2,28.0,Clear
Uttar Pradesh,Agra,2023-03-15,41.5,8.7,48.6,Sunny
Himachal Pradesh,Dharamshala,2023-03-14,32.2,11.2,42.6,Hot
Madhya Pradesh,Indore,2023-03-13,34.9,2.0,43.1,Sunny
Tamil Nadu,Tiruchirappalli,2023-03-13,36.6,9.6,28.9,Sunny
Bihar,Gaya,2023-03-12,35.8,3.2,40.7,Dry
Chhattisgarh,Bilaspur,2023-03-12,29.5,2.6,20.7,Dry
Maharashtra,Nashik,2023-03-12,31.9,5.1,22.0,Hot
Odisha,Bhubaneswar,2023-03-12,31.9,5.1,22.0,Hot
Odisha,Rourkela,2023-03-12,38.0,11.3,27.0,Sunny
Chhattisgarh,Durg,2023-03-11,40.5,7.7,47.6,Clear
Kerala,Kozhikode,2023-03-11,28.9,8.2,36.0,Clear
Maharashtra,Aurangabad,2023-03-11,34.8,7.9,26.0,Sunny
Delhi (NCT),New Delhi,2023-03-11,40.5,7.7,47.6,Clear
Maharashtra,Mumbai,2023-03-10,31.4,4.6,21.5,Sunny
Rajasthan,Kota,2023-03-10,44.5,11.8,15.4,Sunny
Punjab,Ludhiana,2023-03-09,35.4,8.7,24.4,Clear
Karnataka,Bengaluru,2023-03-08,42.0,3.1,32.1,Clear
Tamil Nadu,Chennai,2023-03-08,37.9,5.1,45.0,Sunny
Uttarakhand,Nainital,2023-03-08,35.5,2.6,43.7,Clear
Gujarat,Rajkot,2023-03-07,45.6,0.8,16.5,Dry
Jharkhand,Dhanbad,2023-03-06,33.7,0.9,40.8,Clear
Nagaland,Kohima,2023-03-06,32.8,6.1,21.8,Sunny
Tamil Nadu,Coimbatore,2023-03-06,35.0,2.1,43.2,Hot
Uttar Pradesh,Lucknow,2023-03-05,40.3,7.4,48.5,Clear
Delhi (NCT),Rohini,2023-03-05,38.1,11.4,27.1,Hot
Haryana,Panipat,2023-03-04,36.0,9.3,25.0,Sunny
Madhya Pradesh,Gwalior,2023-03-04,45.6,0.6,18.7,Dry
Mizoram,Aizawl,2023-03-04,28.6,1.9,17.6,Clear
Sikkim,Gangtok,2023-03-03,44.6,11.9,15.5,Hot
Jammu and Kashmir,Srinagar,2023-03-03,44.8,11.8,19.0,Hot
Jharkhand,Jamshedpur,2023-03-02,34.0,1.1,42.2,Dry
Goa,Panaji,2023-03-01,34.9,2.3,39.8,Clear
Punjab,Chandigarh,2023-02-28,10.8,1.0,58.0,Sunny
Telangana,Warangal,2023-02-28,21.9,4.0,34.0,Clear
Gujarat,Ahmedabad,2023-02-27,8.7,7.0,55.9,Clear
Meghalaya,Shillong,2023-02-27,23.5,5.6,35.6,Clear
Uttar Pradesh,Varanasi,2023-02-26,22.9,0.5,35.9,Foggy
Andhra Pradesh,Tirupati,2023-02-25,13.9,1.4,44.9,Clear
Haryana,Faridabad,2023-02-25,8.2,6.5,55.4,Cloudy
Uttarakhand,Haridwar,2023-02-25,9.7,3.5,57.8,Foggy
Andhra Pradesh,Guntur,2023-02-24,11.3,5.1,59.4,Foggy
Jharkhand,Ranchi,2023-02-23,17.8,6.2,47.0,Cloudy
Odisha,Cuttack,2023-02-23,17.3,3.9,63.6,Foggy
Delhi (NCT),Dwarka,2023-02-23,10.4,6.9,39.6,Sunny
Arunachal Pradesh,Itanagar,2023-02-22,23.4,4.6,37.3,Cloudy
West Bengal,Darjeeling,2023-02-22,18.2,3.9,31.2,Cloudy
Ladakh,Kargil,2023-02-22,21.6,6.4,49.9,Sunny
Himachal Pradesh,Shimla,2023-02-21,9.2,4.8,40.2,Sunny
Rajasthan,Udaipur,2023-02-21,14.6,4.8,61.8,Cloudy
Ladakh,Leh,2023-02-21,25.4,6.6,52.8,Cloudy
Andhra Pradesh,Visakhapatnam,2023-02-20,9.6,2.5,59.5,Sunny
Tamil Nadu,Madurai,2023-02-20,12.5,2.7,59.7,Foggy
Kerala,Kochi,2023-02-19,11.6,4.5,39.9,Sunny
Uttar Pradesh,Noida,2023-02-19,25.2,7.3,37.3,Sunny
Bihar,Bhagalpur,2023-02-18,25.3,3.8,36.5,Foggy
Assam,Dibrugarh,2023-02-17,8.9,5.4,38.1,Foggy
Arunachal Pradesh,Naharlagun,2023-02-16,8.6,1.5,58.5,Cloudy
Assam,Guwahati,2023-02-16,17.4,4.0,63.7,Cloudy
Karnataka,Mangaluru,2023-02-16,15.7,7.7,45.8,Foggy
Nagaland,Dimapur,2023-02-16,17.9,6.3,47.1,Clear
Andhra Pradesh,Vijayawada,2023-02-15,12.4,1.7,61.4,Sunny
Bihar,Patna,2023-02-14,19.1,2.1,64.5,Clear
Punjab,Jalandhar,2023-02-14,17.4,5.8,46.6,Cloudy
Telangana,Nizamabad,2023-02-14,11.5,3.5,41.6,Clear
Himachal Pradesh,Manali,2023-02-13,25.2,2.8,38.2,Sunny
Maharashtra,Nagpur,2023-02-13,23.7,5.8,35.8,Foggy
Telangana,Hyderabad,2023-02-12,11.0,3.0,41.1,Cloudy
Karnataka,Hubballi,2023-02-11,19.5,1.6,31.6,Clear
Rajasthan,Jodhpur,2023-02-10,13.7,3.9,60.9,Foggy
Gujarat,Vadodara,2023-02-09,18.0,6.4,47.2,Sunny
Madhya Pradesh,Bhopal,2023-02-09,23.7,7.6,53.8,Foggy
Manipur,Imphal,2023-02-09,17.5,4.1,63.8,Clear
West Bengal,Kolkata,2023-02-09,22.7,4.8,34.8,Clear
Kerala,Thiruvananthapuram,2023-02-08,9.3,0.4,41.2,Foggy
Uttarakhand,Dehradun,2023-02-08,25.3,1.1,55.4,Foggy
West Bengal,Howrah,2023-02-08,13.2,3.4,60.4,Sunny
Jammu and Kashmir,Jammu,2023-02-08,22.1,7.8,35.1,Foggy
Goa,Margao,2023-02-07,25.6,6.8,53.0,Sunny
Madhya Pradesh,Jabalpur,2023-02-07,9.4,5.0,40.4,Cloudy
Punjab,Amritsar,2023-02-07,10.1,6.6,39.3,Foggy
Uttar Pradesh,Agra,2023-02-06,12.7,2.9,59.9,Clear
Himachal Pradesh,Dharamshala,2023-02-05,22.0,5.0,53.9,Sunny
Madhya Pradesh,Indore,2023-02-04,24.3,0.1,54.4,Clear
Tamil Nadu,Tiruchirappalli,2023-02-04,8.3,7.5,40.2,Clear
Bihar,Gaya,2023-02-03,24.6,5.8,52.0,Cloudy
Chhattisgarh,Bilaspur,2023-02-03,19.0,4.7,32.0,Cloudy
Maharashtra,Nashik,2023-02-03,21.2,3.3,33.3,Sunny
Odisha,Bhubaneswar,2023-02-03,21.2,3.3,33.3,Sunny
Odisha,Rourkela,2023-02-03,9.1,5.6,38.3,Clear
Chhattisgarh,Durg,2023-02-02,11.7,1.9,58.9,Foggy
Kerala,Kozhikode,2023-02-02,18.1,6.5,47.3,Foggy
Maharashtra,Aurangabad,2023-02-02,24.3,1.9,37.3,Clear
Delhi (NCT),New Delhi,2023-02-02,11.7,1.9,58.9,Foggy
Maharashtra,Mumbai,2023-02-01,20.7,2.8,32.8,Clear
Rajasthan,Kota,2023-02-01,15.5,2.1,61.8,Clear
Punjab,Ludhiana,2023-01-31,24.5,3.0,35.7,Foggy
Karnataka,Bengaluru,2023-01-30,13.3,5.3,43.4,Foggy
Tamil Nadu,Chennai,2023-01-30,9.1,7.4,56.3,Clear
Uttarakhand,Nainital,2023-01-30,24.9,0.7,55.0,Foggy
Gujarat,Rajkot,2023-01-29,16.6,3.2,62.9,Cloudy
Jharkhand,Dhanbad,2023-01-28,22.9,3.2,52.1,Foggy
Nagaland,Kohima,2023-01-28,21.9,0.4,33.1,Clear
Tamil Nadu,Coimbatore,2023-01-28,24.4,0.2,54.5,Sunny
Uttar Pradesh,Lucknow,2023-01-27,11.7,5.5,59.8,Foggy
Delhi (NCT),Rohini,2023-01-27,9.2,5.7,38.4,Sunny
Haryana,Panipat,2023-01-26,25.1,3.6,36.3,Clear
Madhya Pradesh,Gwalior,2023-01-26,17.0,2.7,30.0,Cloudy
Mizoram,Aizawl,2023-01-26,17.7,4.3,64.0,Foggy
Sikkim,Gangtok,2023-01-25,15.6,2.2,61.9,Sunny
Jammu and Kashmir,Srinagar,2023-01-25,16.4,5.7,30.3,Sunny
Jharkhand,Jamshedpur,2023-01-24,23.4,7.3,53.5,Cloudy
Goa,Panaji,2023-01-23,23.7,4.9,51.1,Foggy
Punjab,Chandigarh,2023-01-22,25.1,5.4,54.3,Clear
Telangana,Warangal,2023-01-22,18.2,0.3,30.3,Cloudy
Gujarat,Ahmedabad,2023-01-21,23.0,3.3,52.2,Cloudy
Meghalaya,Shillong,2023-01-21,19.8,1.9,31.9,Cloudy
Uttar Pradesh,Varanasi,2023-01-20,19.2,4.9,32.2,Sunny
Andhra Pradesh,Tirupati,2023-01-19,10.2,5.8,41.2,Cloudy
Haryana,Faridabad,2023-01-19,22.5,2.8,51.7,Foggy
Uttarakhand,Haridwar,2023-01-19,24.0,7.9,54.1,Sunny
Andhra Pradesh,Guntur,2023-01-18,25.6,1.4,55.7,Sunny
Jharkhand,Ranchi,2023-01-17,14.1,2.5,43.3,Foggy
Odisha,Cuttack,2023-01-17,13.6,0.2,59.9,Sunny
Delhi (NCT),Dwarka,2023-01-17,24.7,3.2,35.9,Clear
Arunachal Pradesh,Itanagar,2023-01-16,19.7,0.9,33.6,Foggy
West Bengal,Darjeeling,2023-01-16,14.5,0.2,62.6,Foggy
Ladakh,Kargil,2023-01-16,17.9,2.7,46.2,Clear
Himachal Pradesh,Shimla,2023-01-15,23.5,1.1,36.5,Clear
Rajasthan,Udaipur,2023-01-15,10.9,1.1,58.1,Foggy
Ladakh,Leh,2023-01-15,21.7,2.9,49.1,Foggy
Andhra Pradesh,Visakhapatnam,2023-01-14,23.9,6.9,55.8,Clear
Tamil Nadu,Madurai,2023-01-14,8.8,7.1,56.0,Sunny
Kerala,Kochi,2023-01-13,25.9,0.8,36.2,Clear
Uttar Pradesh,Noida,2023-01-13,21.5,3.6,33.6,Clear
Bihar,Bhagalpur,2023-01-12,21.6,0.1,32.8,Sunny
Assam,Dibrugarh,2023-01-11,23.2,1.7,34.4,Sunny
Arunachal Pradesh,Naharlagun,2023-01-10,22.9,5.9,54.8,Foggy
Assam,Guwahati,2023-01-10,13.7,0.3,60.0,Foggy
Karnataka,Mangaluru,2023-01-10,12.0,4.0,42.1,Sunny
Nagaland,Dimapur,2023-01-10,14.2,2.6,43.4,Cloudy
Andhra Pradesh,Vijayawada,2023-01-09,8.7,6.1,57.7,Clear
Bihar,Patna,2023-01-08,15.4,6.5,60.8,Cloudy
Punjab,Jalandhar,2023-01-08,13.7,2.1,42.9,Foggy
Telangana,Nizamabad,2023-01-08,25.8,7.9,37.9,Cloudy
Himachal Pradesh,Manali,2023-01-07,21.5,7.2,34.5,Clear
Maharashtra,Nagpur,2023-01-07,20.0,2.1,32.1,Sunny
Telangana,Hyderabad,2023-01-06,25.3,7.4,37.4,Foggy
Karnataka,Hubballi,2023-01-05,15.8,6.0,63.0,Cloudy
Rajasthan,Jodhpur,2023-01-04,10.0,0.2,57.2,Sunny
Gujarat,Vadodara,2023-01-03,14.3,2.7,43.5,Clear
Madhya Pradesh,Bhopal,2023-01-03,20.0,3.9,50.1,Sunny
Manipur,Imphal,2023-01-03,13.8,0.4,60.1,Cloudy
West Bengal,Kolkata,2023-01-03,19.0,1.1,31.1,Cloudy
Uttarakhand,Dehradun,2023-01-02,21.6,5.5,51.7,Sunny
West Bengal,Howrah,2023-01-02,9.5,7.8,56.7,Clear
Jammu and Kashmir,Jammu,2023-01-02,18.4,4.1,31.4,Sunny
Goa,Margao,2023-01-01,21.9,3.1,49.3,Clear
Madhya Pradesh,Jabalpur,2023-01-01,23.7,1.3,36.7,Foggy
Punjab,Amritsar,2023-01-01,24.4,2.9,35.6,Sunny
Uttar Pradesh,Agra,2022-12-31,9.0,7.3,56.2,Cloudy
Himachal Pradesh,Dharamshala,2022-12-30,18.3,1.3,50.2,Clear
Madhya Pradesh,Indore,2022-12-29,20.6,4.5,50.7,Cloudy
Tamil Nadu,Tiruchirappalli,2022-12-29,22.6,3.8,36.5,Cloudy
Bihar,Gaya,2022-12-28,20.9,2.1,48.3,Foggy
Chhattisgarh,Bilaspur,2022-12-28,15.3,1.0,63.4,Foggy
Maharashtra,Nashik,2022-12-28,17.5,7.7,64.7,Clear
Odisha,Bhubaneswar,2022-12-28,17.5,7.7,64.7,Clear
Odisha,Rourkela,2022-12-28,23.4,1.9,34.6,Cloudy
Chhattisgarh,Durg,2022-12-27,8.0,6.3,55.2,Sunny
Kerala,Kozhikode,2022-12-27,14.4,2.8,43.6,Sunny
Maharashtra,Aurangabad,2022-12-27,20.6,6.3,33.6,Cloudy
Delhi (NCT),New Delhi,2022-12-27,8.0,6.3,55.2,Sunny
Maharashtra,Mumbai,2022-12-26,17.0,7.2,64.2,Cloudy
Rajasthan,Kota,2022-12-26,11.8,6.5,58.1,Cloudy
Punjab,Ludhiana,2022-12-25,20.8,7.4,32.0,Sunny
Karnataka,Bengaluru,2022-12-24,9.6,1.6,39.7,Sunny
Tamil Nadu,Chennai,2022-12-24,23.4,3.7,52.6,Cloudy
Uttarakhand,Nainital,2022-12-24,21.2,5.1,51.3,Sunny
Gujarat,Rajkot,2022-12-23,12.9,7.6,59.2,Foggy
Jharkhand,Dhanbad,2022-12-22,19.2,7.6,48.4,Sunny
Nagaland,Kohima,2022-12-22,18.2,4.8,64.5,Cloudy
Tamil Nadu,Coimbatore,2022-12-22,20.7,4.6,50.8,Clear
Uttar Pradesh,Lucknow,2022-12-21,8.0,1.8,56.1,Sunny
Delhi (NCT),Rohini,2022-12-21,23.5,2.0,34.7,Clear
Haryana,Panipat,2022-12-20,21.4,8.0,32.6,Cloudy
Madhya Pradesh,Gwalior,2022-12-20,13.3,7.1,61.4,Foggy
Mizoram,Aizawl,2022-12-20,14.0,0.6,60.3,Sunny
Sikkim,Gangtok,2022-12-19,11.9,6.6,58.2,Clear
Jammu and Kashmir,Srinagar,2022-12-19,12.7,2.0,61.7,Clear
Jharkhand,Jamshedpur,2022-12-18,19.7,3.6,49.8,Foggy
Goa,Panaji,2022-12-17,20.0,1.2,47.4,Sunny
Punjab,Chandigarh,2022-12-16,21.4,1.7,50.6,Cloudy
Telangana,Warangal,2022-12-16,14.5,4.7,61.7,Foggy
Gujarat,Ahmedabad,2022-12-15,19.3,7.7,48.5,Foggy
Meghalaya,Shillong,2022-12-15,16.1,6.3,63.3,Foggy
Uttar Pradesh,Varanasi,2022-12-14,15.5,1.2,63.6,Clear
Andhra Pradesh,Tirupati,2022-12-13,24.5,2.1,37.5,Foggy
Haryana,Faridabad,2022-12-13,18.8,7.2,48.0,Sunny
Uttarakhand,Haridwar,2022-12-13,20.3,4.2,50.4,Clear
Andhra Pradesh,Guntur,2022-12-12,21.9,5.8,52.0,Clear
Jharkhand,Ranchi,2022-12-11,10.4,6.9,39.6,Sunny
Odisha,Cuttack,2022-12-11,9.9,4.6,56.2,Clear
Delhi (NCT),Dwarka,2022-12-11,21.0,7.6,32.2,Cloudy
Arunachal Pradesh,Itanagar,2022-12-10,16.0,5.3,65.0,Sunny
West Bengal,Darjeeling,2022-12-10,10.8,4.6,58.9,Sunny
Ladakh,Kargil,2022-12-10,14.2,7.1,42.5,Cloudy
Himachal Pradesh,Shimla,2022-12-09,19.8,5.5,32.8,Cloudy
Rajasthan,Udaipur,2022-12-09,25.2,5.5,54.4,Sunny
Ladakh,Leh,2022-12-09,18.0,7.3,45.4,Sunny
Andhra Pradesh,Visakhapatnam,2022-12-08,20.2,3.2,52.1,Cloudy
Tamil Nadu,Madurai,2022-12-08,23.1,3.4,52.3,Clear
Kerala,Kochi,2022-12-07,22.2,5.2,32.5,Cloudy
Uttar Pradesh,Noida,2022-12-07,17.8,8.0,65.0,Cloudy
Bihar,Bhagalpur,2022-12-06,17.9,4.5,64.2,Clear
Assam,Dibrugarh,2022-12-05,19.5,6.1,30.7,Clear
Arunachal Pradesh,Naharlagun,2022-12-04,19.2,2.2,51.1,Sunny
Assam,Guwahati,2022-12-04,10.0,4.7,56.3,Sunny
Karnataka,Mangaluru,2022-12-04,8.3,0.3,38.4,Clear
Nagaland,Dimapur,2022-12-04,10.5,7.0,39.7,Foggy
Andhra Pradesh,Vijayawada,2022-12-03,23.0,2.4,54.0,Cloudy
Bihar,Patna,2022-12-02,11.7,2.8,57.1,Foggy
Punjab,Jalandhar,2022-12-02,10.0,6.5,39.2,Sunny
Telangana,Nizamabad,2022-12-02,22.1,4.2,34.2,Foggy
Himachal Pradesh,Manali,2022-12-01,17.8,3.5,30.8,Cloudy
Maharashtra,Nagpur,2022-12-01,16.3,6.5,63.5,Clear
Telangana,Hyderabad,2022-11-30,27.4,9.7,58.7,Cloudy
Karnataka,Hubballi,2022-11-29,33.0,0.2,49.2,Sunny
Rajasthan,Jodhpur,2022-11-28,27.2,19.5,73.5,Humid
Gujarat,Vadodara,2022-11-27,28.6,5.8,59.8,Clear
Madhya Pradesh,Bhopal,2022-11-27,25.0,22.4,71.4,Humid
Manipur,Imphal,2022-11-27,25.2,12.4,71.4,Sunny
West Bengal,Kolkata,2022-11-27,21.1,3.4,52.4,Sunny
Uttarakhand,Dehradun,2022-11-26,26.6,24.0,73.0,Humid
West Bengal,Howrah,2022-11-26,26.7,19.0,73.0,Clear
Jammu and Kashmir,Jammu,2022-11-26,26.3,13.7,57.7,Humid
Madhya Pradesh,Jabalpur,2022-11-25,31.6,19.0,63.0,Cloudy
Punjab,Amritsar,2022-11-25,20.7,23.0,51.9,Humid
Uttar Pradesh,Agra,2022-11-24,26.2,18.5,72.5,Sunny
Himachal Pradesh,Dharamshala,2022-11-23,19.8,17.4,51.4,Clear
Madhya Pradesh,Indore,2022-11-22,25.6,23.0,72.0,Sunny
Tamil Nadu,Tiruchirappalli,2022-11-22,21.2,3.7,67.8,Sunny
Bihar,Gaya,2022-11-21,23.6,15.7,54.6,Cloudy
Chhattisgarh,Bilaspur,2022-11-21,23.2,10.6,54.6,Cloudy
Maharashtra,Nashik,2022-11-21,19.6,1.9,50.9,Clear
Odisha,Bhubaneswar,2022-11-21,19.6,1.9,50.9,Clear
Odisha,Rourkela,2022-11-21,19.7,22.0,50.9,Sunny
Chhattisgarh,Durg,2022-11-20,25.2,17.5,71.5,Humid
Kerala,Kozhikode,2022-11-20,28.7,5.9,59.9,Humid
Maharashtra,Aurangabad,2022-11-20,28.5,15.9,59.9,Sunny
Delhi (NCT),New Delhi,2022-11-20,25.2,17.5,71.5,Humid
Maharashtra,Mumbai,2022-11-19,19.1,1.4,50.4,Sunny
Rajasthan,Kota,2022-11-19,23.2,10.4,69.4,Sunny
Punjab,Ludhiana,2022-11-18,32.2,19.4,48.3,Humid
Karnataka,Bengaluru,2022-11-17,29.7,12.0,61.0,Humid
Tamil Nadu,Chennai,2022-11-17,22.6,14.9,68.9,Sunny
Uttarakhand,Nainital,2022-11-17,26.2,23.6,72.6,Humid
Gujarat,Rajkot,2022-11-16,24.3,11.5,70.5,Cloudy
Jharkhand,Dhanbad,2022-11-15,18.4,10.7,64.7,Humid
Nagaland,Kohima,2022-11-15,29.6,16.8,45.7,Sunny
Tamil Nadu,Coimbatore,2022-11-15,25.7,23.1,72.1,Clear
Uttar Pradesh,Lucknow,2022-11-14,31.0,3.3,47.3,Humid
Delhi (NCT),Rohini,2022-11-14,19.8,22.1,51.0,Clear
Haryana,Panipat,2022-11-13,32.8,20.0,48.9,Sunny
Madhya Pradesh,Gwalior,2022-11-13,21.2,8.6,52.6,Cloudy
Mizoram,Aizawl,2022-11-13,25.4,12.6,71.6,Humid
Sikkim,Gangtok,2022-11-12,23.3,10.5,69.5,Clear
Jammu and Kashmir,Srinagar,2022-11-12,26.4,18.9,57.9,Clear
Jharkhand,Jamshedpur,2022-11-11,24.7,22.1,71.1,Cloudy
Goa,Panaji,2022-11-10,22.7,14.8,53.7,Humid
Punjab,Chandigarh,2022-11-09,20.6,12.9,66.9,Sunny
Telangana,Warangal,2022-11-09,31.7,24.0,47.9,Cloudy
Gujarat,Ahmedabad,2022-11-08,18.5,10.8,64.8,Cloudy
Meghalaya,Shillong,2022-11-08,18.2,0.5,49.5,Cloudy
Uttar Pradesh,Varanasi,2022-11-07,23.4,10.8,54.8,Clear
Haryana,Faridabad,2022-11-06,18.0,10.3,64.3,Humid
Uttarakhand,Haridwar,2022-11-06,25.3,22.7,71.7,Clear
Andhra Pradesh,Guntur,2022-11-05,26.9,24.3,73.3,Clear
Gujarat,Surat,2022-11-04,29.0,1.1,60.1,Cloudy
Jharkhand,Ranchi,2022-11-04,24.7,1.9,55.9,Humid
Odisha,Cuttack,2022-11-04,21.3,8.5,67.5,Clear
Delhi (NCT),Dwarka,2022-11-04,32.4,19.6,48.5,Sunny
Arunachal Pradesh,Itanagar,2022-11-03,29.7,22.2,61.2,Humid
West Bengal,Darjeeling,2022-11-03,18.7,6.1,50.1,Humid
Ladakh,Kargil,2022-11-03,22.7,19.9,53.8,Sunny
Himachal Pradesh,Shimla,2022-11-02,27.7,15.1,59.1,Sunny
Rajasthan,Udaipur,2022-11-02,24.4,16.7,70.7,Humid
Ladakh,Leh,2022-11-02,20.7,12.8,51.7,Humid
Andhra Pradesh,Visakhapatnam,2022-11-01,21.7,19.3,53.3,Sunny
Tamil Nadu,Madurai,2022-11-01,22.3,14.6,68.6,Clear
Kerala,Kochi,2022-10-31,27.8,9.9,73.9,Sunny
Uttar Pradesh,Noida,2022-10-31,19.9,2.2,51.2,Sunny
Bihar,Bhagalpur,2022-10-30,29.3,16.5,45.4,Clear
Assam,Dibrugarh,2022-10-29,30.9,18.1,47.0,Clear
Arunachal Pradesh,Naharlagun,2022-10-28,20.7,18.3,52.3,Humid
Assam,Guwahati,2022-10-28,21.4,8.6,67.6,Humid
Karnataka,Mangaluru,2022-10-28,28.4,10.7,59.7,Clear
Nagaland,Dimapur,2022-10-28,24.8,2.0,56.0,Cloudy
Andhra Pradesh,Vijayawada,2022-10-27,18.7,11.2,50.2,Sunny
Karnataka,Mysuru,2022-10-27,30.6,7.8,61.8,Clear
Bihar,Patna,2022-10-26,32.4,24.5,63.4,Cloudy
Punjab,Jalandhar,2022-10-26,24.3,1.5,55.5,Humid
Telangana,Nizamabad,2022-10-26,24.2,6.5,55.5,Cloudy
Himachal Pradesh,Manali,2022-10-25,25.7,13.1,57.1,Sunny
Maharashtra,Nagpur,2022-10-25,18.4,0.7,49.7,Clear
Telangana,Hyderabad,2022-10-24,23.7,6.0,55.0,Humid
Karnataka,Hubballi,2022-10-23,29.3,21.6,45.5,Cloudy
Rajasthan,Jodhpur,2022-10-22,23.5,15.8,69.8,Clear
Gujarat,Vadodara,2022-10-21,24.9,2.1,56.1,Sunny
Madhya Pradesh,Bhopal,2022-10-21,21.3,18.7,67.7,Clear
Manipur,Imphal,2022-10-21,21.5,8.7,67.7,Cloudy
West Bengal,Kolkata,2022-10-21,32.5,24.8,48.7,Cloudy
Uttarakhand,Dehradun,2022-10-20,22.9,20.3,69.3,Clear
West Bengal,Howrah,2022-10-20,23.0,15.3,69.3,Sunny
Jammu and Kashmir,Jammu,2022-10-20,22.6,10.0,54.0,Clear
Madhya Pradesh,Jabalpur,2022-10-19,27.9,15.3,59.3,Humid
Punjab,Amritsar,2022-10-19,32.1,19.3,48.2,Clear
Uttar Pradesh,Agra,2022-10-18,22.5,14.8,68.8,Cloudy
Himachal Pradesh,Dharamshala,2022-10-17,31.2,13.7,47.7,Sunny
Madhya Pradesh,Indore,2022-10-16,21.9,19.3,68.3,Cloudy
Bihar,Gaya,2022-10-15,19.9,12.0,50.9,Humid
Chhattisgarh,Bilaspur,2022-10-15,19.5,6.9,50.9,Humid
Maharashtra,Nashik,2022-10-15,31.0,23.3,47.2,Sunny
Odisha,Bhubaneswar,2022-10-15,31.0,23.3,47.2,Sunny
Odisha,Rourkela,2022-10-15,31.1,18.3,47.2,Cloudy
Chhattisgarh,Durg,2022-10-14,21.5,13.8,67.8,Clear
Maharashtra,Aurangabad,2022-10-14,24.8,12.2,56.2,Cloudy
Delhi (NCT),New Delhi,2022-10-14,21.5,13.8,67.8,Clear
Maharashtra,Mumbai,2022-10-13,30.5,22.8,46.7,Cloudy
Rajasthan,Kota,2022-10-13,19.5,6.7,65.7,Cloudy
Punjab,Ludhiana,2022-10-12,28.5,15.7,74.7,Clear
Karnataka,Bengaluru,2022-10-11,26.0,8.3,57.3,Clear
Tamil Nadu,Chennai,2022-10-11,18.9,11.2,65.2,Cloudy
Uttarakhand,Nainital,2022-10-11,22.5,19.9,68.9,Clear
Gujarat,Rajkot,2022-10-10,20.6,7.8,66.8,Humid
Jharkhand,Dhanbad,2022-10-09,29.8,7.0,61.0,Clear
Nagaland,Kohima,2022-10-09,25.9,13.1,72.1,Cloudy
Tamil Nadu,Coimbatore,2022-10-09,22.0,19.4,68.4,Sunny
Uttar Pradesh,Lucknow,2022-10-08,27.3,24.7,73.7,Clear
Delhi (NCT),Rohini,2022-10-08,31.2,18.4,47.3,Sunny
Haryana,Panipat,2022-10-07,29.1,16.3,45.2,Cloudy
Madhya Pradesh,Gwalior,2022-10-07,32.6,4.9,48.9,Humid
Mizoram,Aizawl,2022-10-07,21.7,8.9,67.9,Clear
Sikkim,Gangtok,2022-10-06,19.6,6.8,65.8,Sunny
Uttar Pradesh,Kanpur,2022-10-06,30.8,13.1,62.1,Clear
Jammu and Kashmir,Srinagar,2022-10-06,22.7,15.2,54.2,Sunny
Jharkhand,Jamshedpur,2022-10-05,21.0,18.4,67.4,Humid
Punjab,Chandigarh,2022-10-03,32.0,9.2,63.2,Cloudy
Telangana,Warangal,2022-10-03,28.0,20.3,74.3,Humid
Gujarat,Ahmedabad,2022-10-02,29.9,7.1,61.1,Humid
Meghalaya,Shillong,2022-10-02,29.6,21.9,45.8,Humid
Uttar Pradesh,Varanasi,2022-10-01,19.7,7.1,51.1,Sunny
Haryana,Faridabad,2022-09-30,31.8,51.6,80.6,Stormy
Uttarakhand,Haridwar,2022-09-30,24.9,89.1,88.0,Cloudy
Andhra Pradesh,Guntur,2022-09-29,26.5,90.7,89.6,Cloudy
Gujarat,Surat,2022-09-28,30.8,17.3,76.4,Heavy Rain
Jharkhand,Ranchi,2022-09-28,23.4,43.2,72.2,Stormy
Odisha,Cuttack,2022-09-28,27.1,24.7,83.8,Cloudy
Delhi (NCT),Dwarka,2022-09-28,27.1,35.8,94.9,Rainy
Arunachal Pradesh,Itanagar,2022-09-27,30.2,138.8,77.5,Stormy
West Bengal,Darjeeling,2022-09-27,33.4,97.6,66.4,Stormy
Ladakh,Kargil,2022-09-27,24.5,176.1,70.1,Rainy
Himachal Pradesh,Shimla,2022-09-26,31.3,106.6,75.4,Rainy
Rajasthan,Udaipur,2022-09-26,27.1,58.0,87.0,Stormy
Ladakh,Leh,2022-09-26,25.6,143.9,68.0,Stormy
Andhra Pradesh,Visakhapatnam,2022-09-25,30.2,161.0,69.6,Rainy
Tamil Nadu,Madurai,2022-09-25,25.0,55.9,84.9,Cloudy
Kerala,Kochi,2022-09-24,25.6,166.1,90.2,Rainy
Uttar Pradesh,Noida,2022-09-24,26.6,68.6,67.5,Rainy
Bihar,Bhagalpur,2022-09-23,24.0,32.7,91.8,Cloudy
Assam,Dibrugarh,2022-09-22,25.6,34.3,93.4,Cloudy
Arunachal Pradesh,Naharlagun,2022-09-21,29.2,160.0,68.6,Stormy
Assam,Guwahati,2022-09-21,27.2,24.8,83.9,Stormy
Karnataka,Mangaluru,2022-09-21,24.0,77.1,76.0,Cloudy
Nagaland,Dimapur,2022-09-21,23.5,43.3,72.3,Heavy Rain
Andhra Pradesh,Vijayawada,2022-09-20,30.3,127.8,66.5,Rainy
Karnataka,Mysuru,2022-09-20,29.3,49.1,78.1,Cloudy
Bihar,Patna,2022-09-19,26.2,155.6,79.7,Heavy Rain
Punjab,Jalandhar,2022-09-19,23.0,42.8,71.8,Stormy
Telangana,Nizamabad,2022-09-19,30.9,72.9,71.8,Heavy Rain
Himachal Pradesh,Manali,2022-09-18,29.3,104.6,73.4,Rainy
Maharashtra,Nagpur,2022-09-18,25.1,67.1,66.0,Cloudy
Telangana,Hyderabad,2022-09-17,30.4,72.4,71.3,Stormy
Karnataka,Hubballi,2022-09-16,32.0,62.9,91.9,Heavy Rain
Rajasthan,Jodhpur,2022-09-15,26.2,57.1,86.1,Cloudy
Gujarat,Vadodara,2022-09-14,23.6,43.4,72.4,Rainy
Madhya Pradesh,Bhopal,2022-09-14,32.0,85.1,84.0,Cloudy
Manipur,Imphal,2022-09-14,27.3,24.9,84.0,Heavy Rain
West Bengal,Kolkata,2022-09-14,24.1,66.1,65.0,Heavy Rain
Uttarakhand,Dehradun,2022-09-13,33.6,86.7,85.6,Cloudy
West Bengal,Howrah,2022-09-13,25.7,56.6,85.6,Rainy
Jammu and Kashmir,Jammu,2022-09-13,26.2,101.5,70.3,Cloudy
Madhya Pradesh,Jabalpur,2022-09-12,31.5,106.8,75.6,Stormy
Punjab,Amritsar,2022-09-12,26.8,35.5,94.6,Cloudy
Uttar Pradesh,Agra,2022-09-11,25.2,56.1,85.1,Heavy Rain
Himachal Pradesh,Dharamshala,2022-09-10,24.6,155.4,94.1,Rainy
Madhya Pradesh,Indore,2022-09-09,32.6,85.7,84.6,Heavy Rain
Chhattisgarh,Bilaspur,2022-09-08,23.1,98.4,67.2,Stormy
Maharashtra,Nashik,2022-09-08,33.7,64.6,93.6,Rainy
Odisha,Bhubaneswar,2022-09-08,33.7,64.6,93.6,Rainy
Odisha,Rourkela,2022-09-08,25.8,34.5,93.6,Heavy Rain
Chhattisgarh,Durg,2022-09-07,24.2,55.1,84.1,Cloudy
Maharashtra,Aurangabad,2022-09-07,28.4,103.7,72.5,Heavy Rain
Delhi (NCT),New Delhi,2022-09-07,24.2,55.1,84.1,Cloudy
Maharashtra,Mumbai,2022-09-06,33.2,64.1,93.1,Heavy Rain
Rajasthan,Kota,2022-09-06,25.3,22.9,82.0,Heavy Rain
Punjab,Ludhiana,2022-09-05,23.2,31.9,91.0,Cloudy
Karnataka,Bengaluru,2022-09-04,32.7,74.7,73.6,Cloudy
Tamil Nadu,Chennai,2022-09-04,32.7,52.5,81.5,Heavy Rain
Uttarakhand,Nainital,2022-09-04,33.2,86.3,85.2,Cloudy
Gujarat,Rajkot,2022-09-03,26.4,24.0,83.1,Stormy
Jharkhand,Dhanbad,2022-09-02,28.5,48.3,77.3,Cloudy
Nagaland,Kohima,2022-09-02,31.7,29.3,88.4,Heavy Rain
Tamil Nadu,Coimbatore,2022-09-02,32.7,85.8,84.7,Rainy
Uttar Pradesh,Lucknow,2022-09-01,26.9,91.1,90.0,Cloudy
Delhi (NCT),Rohini,2022-09-01,25.9,34.6,93.7,Rainy
Haryana,Panipat,2022-08-31,23.8,32.5,91.6,Heavy Rain
Madhya Pradesh,Gwalior,2022-08-31,32.2,96.4,65.2,Stormy
Mizoram,Aizawl,2022-08-31,27.5,25.1,84.2,Cloudy
Sikkim,Gangtok,2022-08-30,25.4,23.0,82.1,Rainy
Uttar Pradesh,Kanpur,2022-08-30,26.4,79.5,78.4,Cloudy
Jammu and Kashmir,Srinagar,2022-08-30,23.2,131.8,70.5,Rainy
Jharkhand,Jamshedpur,2022-08-29,31.7,84.8,83.7,Stormy
Punjab,Chandigarh,2022-08-27,30.7,50.5,79.5,Heavy Rain
Telangana,Warangal,2022-08-27,30.7,61.6,90.6,Stormy
Gujarat,Ahmedabad,2022-08-26,28.6,48.4,77.4,Stormy
Meghalaya,Shillong,2022-08-26,32.3,63.2,92.2,Stormy
Uttar Pradesh,Varanasi,2022-08-25,23.3,98.6,67.4,Rainy
Haryana,Faridabad,2022-08-24,28.1,47.9,76.9,Cloudy
Uttarakhand,Haridwar,2022-08-24,32.3,85.4,84.3,Rainy
Andhra Pradesh,Guntur,2022-08-23,33.9,87.0,85.9,Rainy
Gujarat,Surat,2022-08-22,27.1,178.7,72.7,Stormy
Jharkhand,Ranchi,2022-08-22,30.8,39.5,68.5,Cloudy
Odisha,Cuttack,2022-08-22,23.4,21.0,80.1,Rainy
Delhi (NCT),Dwarka,2022-08-22,23.4,32.1,91.2,Heavy Rain
Arunachal Pradesh,Itanagar,2022-08-21,26.5,135.1,73.8,Cloudy
West Bengal,Darjeeling,2022-08-21,29.7,93.9,92.8,Cloudy
Ladakh,Kargil,2022-08-21,31.9,172.4,66.4,Heavy Rain
Himachal Pradesh,Shimla,2022-08-20,27.6,102.9,71.7,Heavy Rain
Rajasthan,Udaipur,2022-08-20,23.4,54.3,83.3,Cloudy
Ladakh,Leh,2022-08-20,33.0,140.2,94.4,Cloudy
Andhra Pradesh,Visakhapatnam,2022-08-19,26.5,157.3,65.9,Heavy Rain
Tamil Nadu,Madurai,2022-08-19,32.4,52.2,81.2,Rainy
Kerala,Kochi,2022-08-18,33.0,162.4,86.5,Heavy Rain
Uttar Pradesh,Noida,2022-08-18,34.0,64.9,93.9,Heavy Rain
Bihar,Bhagalpur,2022-08-17,31.4,29.0,88.1,Rainy
Assam,Dibrugarh,2022-08-16,33.0,30.6,89.7,Rainy
Arunachal Pradesh,Naharlagun,2022-08-15,25.5,156.3,95.0,Cloudy
Assam,Guwahati,2022-08-15,23.5,21.1,80.2,Cloudy
Nagaland,Dimapur,2022-08-15,30.9,39.6,68.6,Stormy
Andhra Pradesh,Vijayawada,2022-08-14,26.6,124.1,92.9,Heavy Rain
Karnataka,Mysuru,2022-08-14,25.6,45.4,74.4,Rainy
Bihar,Patna,2022-08-13,33.6,151.9,76.0,Stormy
Punjab,Jalandhar,2022-08-13,30.4,39.1,68.1,Cloudy
Telangana,Nizamabad,2022-08-13,27.2,69.2,68.1,Stormy
Himachal Pradesh,Manali,2022-08-12,25.6,100.9,69.7,Heavy Rain
Maharashtra,Nagpur,2022-08-12,32.5,63.4,92.4,Rainy
Telangana,Hyderabad,2022-08-11,26.7,68.7,67.6,Cloudy
Karnataka,Hubballi,2022-08-10,28.3,59.2,88.2,Stormy
Rajasthan,Jodhpur,2022-08-09,33.6,53.4,82.4,Rainy
Gujarat,Vadodara,2022-08-08,31.0,39.7,68.7,Heavy Rain
Madhya Pradesh,Bhopal,2022-08-08,28.3,81.4,80.3,Rainy
Manipur,Imphal,2022-08-08,23.6,21.2,80.3,Stormy
West Bengal,Kolkata,2022-08-08,31.5,62.4,91.4,Stormy
Uttarakhand,Dehradun,2022-08-07,29.9,83.0,81.9,Rainy
West Bengal,Howrah,2022-08-07,33.1,52.9,81.9,Heavy Rain
Jammu and Kashmir,Jammu,2022-08-07,33.6,97.8,66.6,Rainy
Madhya Pradesh,Jabalpur,2022-08-06,27.8,103.1,71.9,Cloudy
Punjab,Amritsar,2022-08-06,23.1,31.8,90.9,Rainy
Uttar Pradesh,Agra,2022-08-05,32.6,52.4,81.4,Stormy
Himachal Pradesh,Dharamshala,2022-08-04,32.0,151.7,90.4,Heavy Rain
Madhya Pradesh,Indore,2022-08-03,28.9,82.0,80.9,Stormy
Chhattisgarh,Bilaspur,2022-08-02,30.5,94.7,93.6,Cloudy
Maharashtra,Nashik,2022-08-02,30.0,60.9,89.9,Heavy Rain
Odisha,Bhubaneswar,2022-08-02,30.0,60.9,89.9,Heavy Rain
Odisha,Rourkela,2022-08-02,33.2,30.8,89.9,Stormy
Chhattisgarh,Durg,2022-08-01,31.6,51.4,80.4,Rainy
Maharashtra,Aurangabad,2022-08-01,24.7,100.0,68.8,Stormy
Delhi (NCT),New Delhi,2022-08-01,31.6,51.4,80.4,Rainy
Maharashtra,Mumbai,2022-07-31,29.5,60.4,89.4,Stormy
Rajasthan,Kota,2022-07-31,32.7,19.2,78.3,Stormy
Punjab,Ludhiana,2022-07-30,30.6,28.2,87.3,Rainy
Karnataka,Bengaluru,2022-07-29,29.0,71.0,69.9,Rainy
Tamil Nadu,Chennai,2022-07-29,29.0,48.8,77.8,Stormy
Uttarakhand,Nainital,2022-07-29,29.5,82.6,81.5,Rainy
Gujarat,Rajkot,2022-07-28,33.8,20.3,79.4,Cloudy
Jharkhand,Dhanbad,2022-07-27,24.8,44.6,73.6,Rainy
Nagaland,Kohima,2022-07-27,28.0,25.6,84.7,Stormy
Tamil Nadu,Coimbatore,2022-07-27,29.0,82.1,81.0,Heavy Rain
Uttar Pradesh,Lucknow,2022-07-26,23.2,87.4,86.3,Rainy
Delhi (NCT),Rohini,2022-07-26,33.3,30.9,90.0,Heavy Rain
Haryana,Panipat,2022-07-25,31.2,28.8,87.9,Stormy
Madhya Pradesh,Gwalior,2022-07-25,28.5,92.7,91.6,Cloudy
Mizoram,Aizawl,2022-07-25,23.8,21.4,80.5,Rainy
Sikkim,Gangtok,2022-07-24,32.8,19.3,78.4,Heavy Rain
Uttar Pradesh,Kanpur,2022-07-24,33.8,75.8,74.7,Rainy
Jammu and Kashmir,Srinagar,2022-07-24,30.6,128.1,66.8,Heavy Rain
Jharkhand,Jamshedpur,2022-07-23,28.0,81.1,80.0,Cloudy
Punjab,Chandigarh,2022-07-21,27.0,46.8,75.8,Stormy
Telangana,Warangal,2022-07-21,27.0,57.9,86.9,Cloudy
Gujarat,Ahmedabad,2022-07-20,24.9,44.7,73.7,Cloudy
Meghalaya,Shillong,2022-07-20,28.6,59.5,88.5,Cloudy
Uttar Pradesh,Varanasi,2022-07-19,30.7,94.9,93.8,Heavy Rain
Haryana,Faridabad,2022-07-18,24.4,44.2,73.2,Rainy
Uttarakhand,Haridwar,2022-07-18,28.6,81.7,80.6,Heavy Rain
Andhra Pradesh,Guntur,2022-07-17,30.2,83.3,82.2,Heavy Rain
Gujarat,Surat,2022-07-16,23.4,175.0,69.0,Cloudy
Jharkhand,Ranchi,2022-07-16,27.1,35.8,94.9,Rainy
Odisha,Cuttack,2022-07-16,30.8,17.3,76.4,Heavy Rain
Delhi (NCT),Dwarka,2022-07-16,30.8,28.4,87.5,Stormy
Arunachal Pradesh,Itanagar,2022-07-15,33.9,131.4,70.1,Rainy
West Bengal,Darjeeling,2022-07-15,26.0,90.2,89.1,Rainy
Ladakh,Kargil,2022-07-15,28.2,168.7,92.8,Stormy
Himachal Pradesh,Shimla,2022-07-14,23.9,99.2,68.0,Stormy
Rajasthan,Udaipur,2022-07-14,30.8,50.6,79.6,Rainy
Ladakh,Leh,2022-07-14,29.3,136.5,90.7,Rainy
Andhra Pradesh,Visakhapatnam,2022-07-13,33.9,153.6,92.3,Stormy
Tamil Nadu,Madurai,2022-07-13,28.7,48.5,77.5,Heavy Rain
Kerala,Kochi,2022-07-12,29.3,158.7,82.8,Stormy
Uttar Pradesh,Noida,2022-07-12,30.3,61.2,90.2,Stormy
Bihar,Bhagalpur,2022-07-11,27.7,25.3,84.4,Heavy Rain
Assam,Dibrugarh,2022-07-10,29.3,26.9,86.0,Heavy Rain
Arunachal Pradesh,Naharlagun,2022-07-09,32.9,152.6,91.3,Rainy
Assam,Guwahati,2022-07-09,30.9,17.4,76.5,Rainy
Nagaland,Dimapur,2022-07-09,27.2,35.9,95.0,Cloudy
Andhra Pradesh,Vijayawada,2022-07-08,34.0,120.4,89.2,Stormy
Karnataka,Mysuru,2022-07-08,33.0,41.7,70.7,Heavy Rain
Bihar,Patna,2022-07-07,29.9,148.2,72.3,Cloudy
Punjab,Jalandhar,2022-07-07,26.7,35.4,94.5,Rainy
Telangana,Nizamabad,2022-07-07,23.5,65.5,94.5,Cloudy
Himachal Pradesh,Manali,2022-07-06,33.0,97.2,66.0,Stormy
Maharashtra,Nagpur,2022-07-06,28.8,59.7,88.7,Heavy Rain
Telangana,Hyderabad,2022-07-05,23.0,65.0,94.0,Rainy
Karnataka,Hubballi,2022-07-04,24.6,55.5,84.5,Cloudy
Rajasthan,Jodhpur,2022-07-03,29.9,49.7,78.7,Heavy Rain
Madhya Pradesh,Bhopal,2022-07-02,24.6,77.7,76.6,Heavy Rain
Manipur,Imphal,2022-07-02,31.0,17.5,76.6,Cloudy
West Bengal,Kolkata,2022-07-02,27.8,58.7,87.7,Cloudy
Uttarakhand,Dehradun,2022-07-01,26.2,79.3,78.2,Heavy Rain
West Bengal,Howrah,2022-07-01,29.4,49.2,78.2,Stormy
Jammu and Kashmir,Jammu,2022-07-01,29.9,94.1,93.0,Heavy Rain
Madhya Pradesh,Jabalpur,2022-06-30,24.1,99.4,68.2,Rainy
Punjab,Amritsar,2022-06-30,30.5,28.1,87.2,Heavy Rain
Uttar Pradesh,Agra,2022-06-29,28.9,48.7,77.7,Cloudy
Himachal Pradesh,Dharamshala,2022-06-28,28.3,148.0,86.7,Stormy
Madhya Pradesh,Indore,2022-06-27,25.2,78.3,77.2,Cloudy
Chhattisgarh,Bilaspur,2022-06-26,26.8,91.0,89.9,Rainy
Maharashtra,Nashik,2022-06-26,26.3,57.2,86.2,Stormy
Odisha,Bhubaneswar,2022-06-26,26.3,57.2,86.2,Stormy
Odisha,Rourkela,2022-06-26,29.5,27.1,86.2,Cloudy
Chhattisgarh,Durg,2022-06-25,27.9,47.7,76.7,Heavy Rain
Maharashtra,Aurangabad,2022-06-25,32.1,96.3,65.1,Cloudy
Delhi (NCT),New Delhi,2022-06-25,27.9,47.7,76.7,Heavy Rain
Maharashtra,Mumbai,2022-06-24,25.8,56.7,85.7,Cloudy
Rajasthan,Kota,2022-06-24,29.0,15.5,74.6,Cloudy
Punjab,Ludhiana,2022-06-23,26.9,24.5,83.6,Heavy Rain
Karnataka,Bengaluru,2022-06-22,25.3,67.3,66.2,Heavy Rain
Tamil Nadu,Chennai,2022-06-22,25.3,45.1,74.1,Cloudy
Uttarakhand,Nainital,2022-06-22,25.8,78.9,77.8,Heavy Rain
Gujarat,Rajkot,2022-06-21,30.1,16.6,75.7,Rainy
Jharkhand,Dhanbad,2022-06-20,32.2,40.9,69.9,Heavy Rain
Nagaland,Kohima,2022-06-20,24.3,21.9,81.0,Cloudy
Tamil Nadu,Coimbatore,2022-06-20,25.3,78.4,77.3,Stormy
Uttar Pradesh,Lucknow,2022-06-19,30.6,83.7,82.6,Heavy Rain
Delhi (NCT),Rohini,2022-06-19,29.6,27.2,86.3,Stormy
Haryana,Panipat,2022-06-18,27.5,25.1,84.2,Cloudy
Madhya Pradesh,Gwalior,2022-06-18,24.8,89.0,87.9,Rainy
Mizoram,Aizawl,2022-06-18,31.2,17.7,76.8,Heavy Rain
Sikkim,Gangtok,2022-06-17,29.1,15.6,74.7,Stormy
Uttar Pradesh,Kanpur,2022-06-17,30.1,72.1,71.0,Heavy Rain
Jammu and Kashmir,Srinagar,2022-06-17,26.9,124.4,93.2,Stormy
Jharkhand,Jamshedpur,2022-06-16,24.3,77.4,76.3,Rainy
Punjab,Chandigarh,2022-06-14,23.3,43.1,72.1,Cloudy
Telangana,Warangal,2022-06-14,23.3,54.2,83.2,Rainy
Gujarat,Ahmedabad,2022-06-13,32.3,41.0,70.0,Rainy
Meghalaya,Shillong,2022-06-13,24.9,55.8,84.8,Rainy
Uttar Pradesh,Varanasi,2022-06-12,27.0,91.2,90.1,Stormy
Haryana,Faridabad,2022-06-11,31.8,40.5,69.5,Heavy Rain
Uttarakhand,Haridwar,2022-06-11,24.9,78.0,76.9,Stormy
Andhra Pradesh,Guntur,2022-06-10,26.5,79.6,78.5,Stormy
Gujarat,Surat,2022-06-09,30.8,171.3,65.3,Rainy
Jharkhand,Ranchi,2022-06-09,23.4,32.1,91.2,Heavy Rain
Odisha,Cuttack,2022-06-09,27.1,178.7,72.7,Stormy
Delhi (NCT),Dwarka,2022-06-09,27.1,24.7,83.8,Cloudy
Arunachal Pradesh,Itanagar,2022-06-08,30.2,127.7,66.4,Heavy Rain
West Bengal,Darjeeling,2022-06-08,33.4,86.5,85.4,Heavy Rain
Ladakh,Kargil,2022-06-08,24.5,165.0,89.1,Cloudy
Himachal Pradesh,Shimla,2022-06-07,31.3,95.5,94.4,Cloudy
Rajasthan,Udaipur,2022-06-07,27.1,46.9,75.9,Heavy Rain
Ladakh,Leh,2022-06-07,25.6,132.8,87.0,Heavy Rain
Andhra Pradesh,Visakhapatnam,2022-06-06,30.2,149.9,88.6,Cloudy
Tamil Nadu,Madurai,2022-06-06,25.0,44.8,73.8,Stormy
Kerala,Kochi,2022-06-05,25.6,155.0,79.1,Cloudy
Uttar Pradesh,Noida,2022-06-05,26.6,57.5,86.5,Cloudy
Bihar,Bhagalpur,2022-06-04,24.0,21.6,80.7,Stormy
Assam,Dibrugarh,2022-06-03,25.6,23.2,82.3,Stormy
Arunachal Pradesh,Naharlagun,2022-06-02,29.2,148.9,87.6,Heavy Rain
Assam,Guwahati,2022-06-02,27.2,178.8,72.8,Heavy Rain
Nagaland,Dimapur,2022-06-02,23.5,32.2,91.3,Rainy
Andhra Pradesh,Vijayawada,2022-06-01,30.3,116.7,85.5,Cloudy
Karnataka,Mysuru,2022-06-01,29.3,38.0,67.0,Stormy
Bihar,Patna,2022-05-31,36.8,10.3,23.6,Sunny
Punjab,Jalandhar,2022-05-31,34.8,2.1,40.8,Dry
Telangana,Nizamabad,2022-05-31,28.7,8.0,35.8,Sunny
Himachal Pradesh,Manali,2022-05-30,42.3,3.4,32.4,Hot
Maharashtra,Nagpur,2022-05-30,41.0,2.2,30.0,Clear
Telangana,Hyderabad,2022-05-29,28.2,7.5,35.3,Dry
Karnataka,Hubballi,2022-05-28,36.8,10.1,25.8,Sunny
Rajasthan,Jodhpur,2022-05-27,31.0,4.3,20.0,Clear
Madhya Pradesh,Bhopal,2022-05-26,40.9,8.1,48.0,Clear
Manipur,Imphal,2022-05-26,35.0,8.4,22.9,Sunny
West Bengal,Kolkata,2022-05-26,40.0,1.2,29.0,Sunny
Uttarakhand,Dehradun,2022-05-25,42.5,9.7,49.6,Clear
West Bengal,Howrah,2022-05-25,30.5,3.8,19.5,Hot
Jammu and Kashmir,Jammu,2022-05-25,39.2,0.3,29.3,Clear
Madhya Pradesh,Jabalpur,2022-05-24,44.5,5.6,34.6,Dry
Punjab,Amritsar,2022-05-24,45.6,6.9,33.5,Clear
Uttar Pradesh,Agra,2022-05-23,30.0,3.3,19.0,Sunny
Himachal Pradesh,Dharamshala,2022-05-22,38.8,5.8,48.1,Hot
Madhya Pradesh,Indore,2022-05-21,41.5,8.7,48.6,Sunny
Chhattisgarh,Bilaspur,2022-05-20,36.1,9.3,26.2,Dry
Maharashtra,Nashik,2022-05-20,38.5,11.8,27.5,Hot
Odisha,Bhubaneswar,2022-05-20,38.5,11.8,27.5,Hot
Odisha,Rourkela,2022-05-20,44.6,5.9,32.5,Sunny
Chhattisgarh,Durg,2022-05-19,29.0,2.3,18.0,Clear
Maharashtra,Aurangabad,2022-05-19,41.4,2.5,31.5,Sunny
Delhi (NCT),New Delhi,2022-05-19,29.0,2.3,18.0,Clear
Maharashtra,Mumbai,2022-05-18,38.0,11.3,27.0,Sunny
Rajasthan,Kota,2022-05-18,33.0,6.4,20.9,Sunny
Punjab,Ludhiana,2022-05-17,42.0,3.3,29.9,Clear
Tamil Nadu,Chennai,2022-05-16,44.5,11.8,15.4,Sunny
Uttarakhand,Nainital,2022-05-16,42.1,9.3,49.2,Clear
Gujarat,Rajkot,2022-05-15,34.1,7.5,22.0,Dry
Jharkhand,Dhanbad,2022-05-14,40.3,7.6,46.3,Clear
Nagaland,Kohima,2022-05-14,39.4,0.7,27.3,Sunny
Tamil Nadu,Coimbatore,2022-05-14,41.6,8.8,48.7,Hot
Uttar Pradesh,Lucknow,2022-05-13,28.8,2.0,18.9,Clear
Delhi (NCT),Rohini,2022-05-13,44.7,6.0,32.6,Hot
Haryana,Panipat,2022-05-12,42.6,3.9,30.5,Sunny
Madhya Pradesh,Gwalior,2022-05-12,34.1,7.3,24.2,Dry
Mizoram,Aizawl,2022-05-12,35.2,8.6,23.1,Clear
Sikkim,Gangtok,2022-05-11,33.1,6.5,21.0,Hot
Uttar Pradesh,Kanpur,2022-05-11,35.3,2.5,42.4,Clear
Jammu and Kashmir,Srinagar,2022-05-11,33.3,6.4,24.5,Hot
Jharkhand,Jamshedpur,2022-05-10,40.6,7.8,47.7,Dry
Punjab,Chandigarh,2022-05-08,42.5,9.8,48.5,Sunny
Telangana,Warangal,2022-05-08,35.5,8.8,24.5,Dry
Gujarat,Ahmedabad,2022-05-07,40.4,7.7,46.4,Dry
Meghalaya,Shillong,2022-05-07,37.1,10.4,26.1,Dry
Uttar Pradesh,Varanasi,2022-05-06,36.3,9.5,26.4,Hot
Haryana,Faridabad,2022-05-05,39.9,7.2,45.9,Clear
Uttarakhand,Haridwar,2022-05-05,41.2,8.4,48.3,Hot
Andhra Pradesh,Guntur,2022-05-04,42.8,10.0,49.9,Hot
Gujarat,Surat,2022-05-03,41.8,9.2,46.7,Dry
Jharkhand,Ranchi,2022-05-03,31.5,10.9,37.5,Clear
Odisha,Cuttack,2022-05-03,31.1,4.5,19.0,Hot
Delhi (NCT),Dwarka,2022-05-03,42.2,3.5,30.1,Sunny
Arunachal Pradesh,Itanagar,2022-05-02,36.6,9.7,27.8,Clear
West Bengal,Darjeeling,2022-05-02,31.6,4.8,21.7,Clear
Ladakh,Kargil,2022-05-02,35.5,2.9,40.4,Sunny
Himachal Pradesh,Shimla,2022-05-01,40.6,1.7,30.7,Sunny
Rajasthan,Udaipur,2022-05-01,28.2,1.5,17.2,Clear
Andhra Pradesh,Visakhapatnam,2022-04-30,40.7,7.7,50.0,Sunny
Tamil Nadu,Madurai,2022-04-30,44.2,11.5,15.1,Hot
Kerala,Kochi,2022-04-29,43.6,5.0,30.4,Sunny
Uttar Pradesh,Noida,2022-04-29,38.8,0.0,27.8,Sunny
Bihar,Bhagalpur,2022-04-28,39.1,0.4,27.0,Hot
Assam,Dibrugarh,2022-04-27,40.7,2.0,28.6,Hot
Arunachal Pradesh,Naharlagun,2022-04-26,39.7,6.7,49.0,Clear
Assam,Guwahati,2022-04-26,31.2,4.6,19.1,Clear
Nagaland,Dimapur,2022-04-26,31.6,11.0,37.6,Dry
Andhra Pradesh,Vijayawada,2022-04-25,43.7,10.8,16.8,Sunny
Karnataka,Mysuru,2022-04-25,37.4,4.7,43.4,Hot
Bihar,Patna,2022-04-24,33.1,6.6,19.9,Dry
Punjab,Jalandhar,2022-04-24,31.1,10.5,37.1,Clear
Telangana,Nizamabad,2022-04-24,43.1,4.3,32.1,Dry
Himachal Pradesh,Manali,2022-04-23,38.6,11.8,28.7,Sunny
Maharashtra,Nagpur,2022-04-23,37.3,10.6,26.3,Hot
Telangana,Hyderabad,2022-04-22,42.6,3.8,31.6,Clear
Karnataka,Hubballi,2022-04-21,33.1,6.4,22.1,Dry
Rajasthan,Jodhpur,2022-04-20,45.4,0.6,16.3,Hot
Madhya Pradesh,Bhopal,2022-04-19,37.2,4.4,44.3,Hot
Manipur,Imphal,2022-04-19,31.3,4.7,19.2,Dry
West Bengal,Kolkata,2022-04-19,36.3,9.6,25.3,Dry
Uttarakhand,Dehradun,2022-04-18,38.8,6.0,45.9,Hot
West Bengal,Howrah,2022-04-18,44.9,0.1,15.8,Sunny
Jammu and Kashmir,Jammu,2022-04-18,35.5,8.7,25.6,Hot
Madhya Pradesh,Jabalpur,2022-04-17,40.8,1.9,30.9,Clear
Punjab,Amritsar,2022-04-17,41.9,3.2,29.8,Hot
Uttar Pradesh,Agra,2022-04-16,44.4,11.7,15.3,Dry
Himachal Pradesh,Dharamshala,2022-04-15,35.1,2.1,44.4,Sunny
Madhya Pradesh,Indore,2022-04-14,37.8,5.0,44.9,Dry
Chhattisgarh,Bilaspur,2022-04-13,32.4,5.6,22.5,Clear
Maharashtra,Nashik,2022-04-13,34.8,8.1,23.8,Sunny
Odisha,Bhubaneswar,2022-04-13,34.8,8.1,23.8,Sunny
Odisha,Rourkela,2022-04-13,40.9,2.2,28.8,Dry
Chhattisgarh,Durg,2022-04-12,43.4,10.7,49.4,Hot
Maharashtra,Aurangabad,2022-04-12,37.7,10.9,27.8,Dry
Delhi (NCT),New Delhi,2022-04-12,43.4,10.7,49.4,Hot
Maharashtra,Mumbai,2022-04-11,34.3,7.6,23.3,Dry
Rajasthan,Kota,2022-04-11,29.3,2.7,17.2,Dry
Punjab,Ludhiana,2022-04-10,38.3,11.7,26.2,Hot
Tamil Nadu,Chennai,2022-04-09,40.8,8.1,46.8,Dry
Uttarakhand,Nainital,2022-04-09,38.4,5.6,45.5,Hot
Gujarat,Rajkot,2022-04-08,30.4,3.8,18.3,Clear
Jharkhand,Dhanbad,2022-04-07,36.6,3.9,42.6,Hot
Nagaland,Kohima,2022-04-07,35.7,9.1,23.6,Dry
Tamil Nadu,Coimbatore,2022-04-07,37.9,5.1,45.0,Sunny
Uttar Pradesh,Lucknow,2022-04-06,43.2,10.4,15.2,Hot
Delhi (NCT),Rohini,2022-04-06,41.0,2.3,28.9,Sunny
Haryana,Panipat,2022-04-05,38.9,0.2,26.8,Dry
Madhya Pradesh,Gwalior,2022-04-05,30.4,3.6,20.5,Clear
Mizoram,Aizawl,2022-04-05,31.5,4.9,19.4,Hot
Sikkim,Gangtok,2022-04-04,29.4,2.8,17.3,Sunny
Uttar Pradesh,Kanpur,2022-04-04,31.6,10.9,38.7,Hot
Jammu and Kashmir,Srinagar,2022-04-04,29.6,2.7,20.8,Sunny
Jharkhand,Jamshedpur,2022-04-03,36.9,4.1,44.0,Clear
Punjab,Chandigarh,2022-04-01,38.8,6.1,44.8,Dry
Telangana,Warangal,2022-04-01,31.8,5.1,20.8,Clear
Gujarat,Ahmedabad,2022-03-31,36.7,4.0,42.7,Clear
Meghalaya,Shillong,2022-03-31,33.4,6.7,22.4,Clear
Uttar Pradesh,Varanasi,2022-03-30,32.6,5.8,22.7,Sunny
Haryana,Faridabad,2022-03-29,36.2,3.5,42.2,Hot
Uttarakhand,Haridwar,2022-03-29,37.5,4.7,44.6,Sunny
Andhra Pradesh,Guntur,2022-03-28,39.1,6.3,46.2,Sunny
Gujarat,Surat,2022-03-27,38.1,5.5,43.0,Clear
Jharkhand,Ranchi,2022-03-27,45.9,7.2,33.8,Hot
Odisha,Cuttack,2022-03-27,45.5,0.8,15.3,Sunny
Delhi (NCT),Dwarka,2022-03-27,38.5,11.9,26.4,Dry
Arunachal Pradesh,Itanagar,2022-03-26,32.9,6.0,24.1,Hot
West Bengal,Darjeeling,2022-03-26,46.0,1.1,18.0,Hot
Ladakh,Kargil,2022-03-26,31.8,11.3,36.7,Dry
Himachal Pradesh,Shimla,2022-03-25,36.9,10.1,27.0,Dry
Rajasthan,Udaipur,2022-03-25,42.6,9.9,48.6,Hot
Andhra Pradesh,Visakhapatnam,2022-03-24,37.0,4.0,46.3,Dry
Tamil Nadu,Madurai,2022-03-24,40.5,7.8,46.5,Sunny
Kerala,Kochi,2022-03-23,39.9,1.3,26.7,Dry
Uttar Pradesh,Noida,2022-03-23,35.1,8.4,24.1,Dry
Bihar,Bhagalpur,2022-03-22,35.4,8.8,23.3,Sunny
Assam,Dibrugarh,2022-03-21,37.0,10.4,24.9,Sunny
Arunachal Pradesh,Naharlagun,2022-03-20,36.0,3.0,45.3,Hot
Assam,Guwahati,2022-03-20,45.6,0.9,15.4,Hot
Andhra Pradesh,Vijayawada,2022-03-19,40.0,7.1,48.2,Dry
Karnataka,Mysuru,2022-03-19,33.7,1.0,39.7,Sunny
Bihar,Patna,2022-03-18,29.4,2.9,16.2,Clear
Punjab,Jalandhar,2022-03-18,45.5,6.8,33.4,Hot
Telangana,Nizamabad,2022-03-18,39.4,0.6,28.4,Clear
Himachal Pradesh,Manali,2022-03-17,34.9,8.1,25.0,Dry
Maharashtra,Nagpur,2022-03-17,33.6,6.9,22.6,Sunny
Telangana,Hyderabad,2022-03-16,38.9,0.1,27.9,Hot
Karnataka,Hubballi,2022-03-15,29.4,2.7,18.4,Clear
Rajasthan,Jodhpur,2022-03-14,41.7,9.0,47.7,Sunny
Madhya Pradesh,Bhopal,2022-03-13,33.5,0.7,40.6,Sunny
Manipur,Imphal,2022-03-13,45.7,1.0,15.5,Clear
West Bengal,Kolkata,2022-03-13,32.6,5.9,21.6,Clear
Uttarakhand,Dehradun,2022-03-12,35.1,2.3,42.2,Sunny
West Bengal,Howrah,2022-03-12,41.2,8.5,47.2,Dry
Jammu and Kashmir,Jammu,2022-03-12,31.8,5.0,21.9,Sunny
Madhya Pradesh,Jabalpur,2022-03-11,37.1,10.3,27.2,Hot
Punjab,Amritsar,2022-03-11,38.2,11.6,26.1,Sunny
Uttar Pradesh,Agra,2022-03-10,40.7,8.0,46.7,Clear
Himachal Pradesh,Dharamshala,2022-03-09,31.4,10.5,40.7,Dry
Madhya Pradesh,Indore,2022-03-08,34.1,1.3,41.2,Clear
Chhattisgarh,Bilaspur,2022-03-07,28.7,1.9,18.8,Hot
Maharashtra,Nashik,2022-03-07,31.1,4.4,20.1,Dry
Odisha,Bhubaneswar,2022-03-07,31.1,4.4,20.1,Dry
Odisha,Rourkela,2022-03-07,37.2,10.6,25.1,Clear
Chhattisgarh,Durg,2022-03-06,39.7,7.0,45.7,Sunny
Maharashtra,Aurangabad,2022-03-06,34.0,7.2,24.1,Clear
Delhi (NCT),New Delhi,2022-03-06,39.7,7.0,45.7,Sunny
Maharashtra,Mumbai,2022-03-05,30.6,3.9,19.6,Clear
Rajasthan,Kota,2022-03-05,43.7,11.1,48.6,Clear
Punjab,Ludhiana,2022-03-04,34.6,8.0,22.5,Sunny
Tamil Nadu,Chennai,2022-03-03,37.1,4.4,43.1,Clear
Uttarakhand,Nainital,2022-03-03,34.7,1.9,41.8,Sunny
Gujarat,Rajkot,2022-03-02,44.8,0.1,49.7,Hot
Jharkhand,Dhanbad,2022-03-01,32.9,0.2,38.9,Sunny
Nagaland,Kohima,2022-03-01,32.0,5.4,19.9,Clear
Tamil Nadu,Coimbatore,2022-03-01,34.2,1.4,41.3,Dry
Uttar Pradesh,Lucknow,2022-02-28,14.4,4.6,61.6,Sunny
Delhi (NCT),Rohini,2022-02-28,11.9,4.8,40.2,Clear
Haryana,Panipat,2022-02-27,9.8,2.7,38.1,Cloudy
Madhya Pradesh,Gwalior,2022-02-27,19.7,1.8,31.8,Foggy
Mizoram,Aizawl,2022-02-27,20.4,3.4,30.7,Sunny
Sikkim,Gangtok,2022-02-26,18.3,1.3,63.7,Clear
Uttar Pradesh,Kanpur,2022-02-26,20.8,1.1,50.0,Sunny
Jammu and Kashmir,Srinagar,2022-02-26,19.1,4.8,32.1,Clear
Jharkhand,Jamshedpur,2022-02-25,8.1,6.4,55.3,Foggy
Punjab,Chandigarh,2022-02-23,9.8,4.5,56.1,Cloudy
Telangana,Warangal,2022-02-23,20.9,7.5,32.1,Foggy
Gujarat,Ahmedabad,2022-02-22,25.7,2.4,54.0,Foggy
Meghalaya,Shillong,2022-02-22,22.5,1.0,33.7,Foggy
Uttar Pradesh,Varanasi,2022-02-21,21.9,4.0,34.0,Clear
Haryana,Faridabad,2022-02-20,25.2,1.9,53.5,Sunny
Uttarakhand,Haridwar,2022-02-20,8.7,7.0,55.9,Clear
Andhra Pradesh,Guntur,2022-02-19,10.3,0.5,57.5,Clear
Gujarat,Surat,2022-02-18,8.9,0.0,54.3,Foggy
Jharkhand,Ranchi,2022-02-18,16.8,1.6,45.1,Sunny
Odisha,Cuttack,2022-02-18,16.3,7.4,61.7,Clear
Delhi (NCT),Dwarka,2022-02-18,9.4,2.3,37.7,Cloudy
Arunachal Pradesh,Itanagar,2022-02-17,22.4,0.0,35.4,Sunny
West Bengal,Darjeeling,2022-02-17,17.2,7.4,64.4,Sunny
Himachal Pradesh,Shimla,2022-02-16,8.2,0.2,38.3,Cloudy
Rajasthan,Udaipur,2022-02-16,13.6,0.2,59.9,Sunny
Andhra Pradesh,Visakhapatnam,2022-02-15,8.6,6.0,57.6,Cloudy
Tamil Nadu,Madurai,2022-02-15,11.5,6.2,57.8,Clear
Kerala,Kochi,2022-02-14,10.6,8.0,38.0,Cloudy
Uttar Pradesh,Noida,2022-02-14,24.2,2.7,35.4,Cloudy
Bihar,Bhagalpur,2022-02-13,24.3,7.3,34.6,Clear
Assam,Dibrugarh,2022-02-12,25.9,0.8,36.2,Clear
Arunachal Pradesh,Naharlagun,2022-02-11,25.6,5.0,56.6,Sunny
Assam,Guwahati,2022-02-11,16.4,7.5,61.8,Sunny
Andhra Pradesh,Vijayawada,2022-02-10,11.4,5.2,59.5,Cloudy
Karnataka,Mysuru,2022-02-10,22.7,7.5,51.0,Clear
Bihar,Patna,2022-02-09,18.1,5.6,62.6,Foggy
Telangana,Nizamabad,2022-02-09,10.5,7.0,39.7,Foggy
Himachal Pradesh,Manali,2022-02-08,24.2,6.3,36.3,Cloudy
Maharashtra,Nagpur,2022-02-08,22.7,1.2,33.9,Clear
Telangana,Hyderabad,2022-02-07,10.0,6.5,39.2,Sunny
Karnataka,Hubballi,2022-02-06,18.5,5.1,64.8,Foggy
Rajasthan,Jodhpur,2022-02-05,12.7,7.4,59.0,Clear
Madhya Pradesh,Bhopal,2022-02-04,22.7,3.0,51.9,Clear
Manipur,Imphal,2022-02-04,16.5,7.6,61.9,Foggy
West Bengal,Kolkata,2022-02-04,21.7,0.2,32.9,Foggy
Uttarakhand,Dehradun,2022-02-03,24.3,4.6,53.5,Clear
West Bengal,Howrah,2022-02-03,12.2,6.9,58.5,Cloudy
Jammu and Kashmir,Jammu,2022-02-03,21.1,3.2,33.2,Clear
Madhya Pradesh,Jabalpur,2022-02-02,8.4,0.4,38.5,Sunny
Punjab,Amritsar,2022-02-02,9.1,2.0,37.4,Clear
Uttar Pradesh,Agra,2022-02-01,11.7,6.4,58.0,Foggy
Himachal Pradesh,Dharamshala,2022-01-31,21.0,0.4,52.0,Cloudy
Madhya Pradesh,Indore,2022-01-30,23.3,3.6,52.5,Foggy
Chhattisgarh,Bilaspur,2022-01-29,18.0,0.1,30.1,Sunny
Maharashtra,Nashik,2022-01-29,20.2,6.8,31.4,Cloudy
Odisha,Bhubaneswar,2022-01-29,20.2,6.8,31.4,Cloudy
Odisha,Rourkela,2022-01-29,8.1,1.0,36.4,Foggy
Chhattisgarh,Durg,2022-01-28,10.7,5.4,57.0,Clear
Maharashtra,Aurangabad,2022-01-28,23.3,5.4,35.4,Foggy
Delhi (NCT),New Delhi,2022-01-28,10.7,5.4,57.0,Clear
Haryana,Gurugram,2022-01-27,19.2,4.0,47.5,Sunny
Maharashtra,Mumbai,2022-01-27,19.7,6.3,30.9,Foggy
Rajasthan,Kota,2022-01-27,14.5,5.6,59.9,Foggy
Punjab,Ludhiana,2022-01-26,23.5,6.5,33.8,Clear
Tamil Nadu,Chennai,2022-01-25,8.1,2.8,54.4,Foggy
Uttarakhand,Nainital,2022-01-25,23.9,4.2,53.1,Clear
Gujarat,Rajkot,2022-01-24,15.6,6.7,61.0,Sunny
Jharkhand,Dhanbad,2022-01-23,21.9,6.7,50.2,Clear
Nagaland,Kohima,2022-01-23,20.9,3.9,31.2,Foggy
Tamil Nadu,Coimbatore,2022-01-23,23.4,3.7,52.6,Cloudy
Uttar Pradesh,Lucknow,2022-01-22,10.7,0.9,57.9,Clear
Delhi (NCT),Rohini,2022-01-22,8.2,1.1,36.5,Cloudy
Haryana,Panipat,2022-01-21,24.1,7.1,34.4,Foggy
Madhya Pradesh,Gwalior,2022-01-21,16.0,6.2,63.2,Sunny
Mizoram,Aizawl,2022-01-21,16.7,7.8,62.1,Clear
Sikkim,Gangtok,2022-01-20,14.6,5.7,60.0,Cloudy
Uttar Pradesh,Kanpur,2022-01-20,17.1,5.5,46.3,Clear
Jammu and Kashmir,Srinagar,2022-01-20,15.4,1.1,63.5,Cloudy
Jharkhand,Jamshedpur,2022-01-19,22.4,2.7,51.6,Sunny
West Bengal,Siliguri,2022-01-19,15.0,3.4,44.2,Cloudy
Punjab,Chandigarh,2022-01-17,24.1,0.8,52.4,Foggy
Telangana,Warangal,2022-01-17,17.2,3.8,63.5,Sunny
Gujarat,Ahmedabad,2022-01-16,22.0,6.8,50.3,Sunny
Meghalaya,Shillong,2022-01-16,18.8,5.4,30.0,Sunny
Uttar Pradesh,Varanasi,2022-01-15,18.2,0.3,30.3,Cloudy
Haryana,Faridabad,2022-01-14,21.5,6.3,49.8,Clear
Uttarakhand,Haridwar,2022-01-14,23.0,3.3,52.2,Cloudy
Andhra Pradesh,Guntur,2022-01-13,24.6,4.9,53.8,Cloudy
Gujarat,Surat,2022-01-12,23.2,4.4,50.6,Sunny
Jharkhand,Ranchi,2022-01-12,13.1,6.0,41.4,Clear
Odisha,Cuttack,2022-01-12,12.6,3.7,58.0,Cloudy
Delhi (NCT),Dwarka,2022-01-12,23.7,6.7,34.0,Foggy
Arunachal Pradesh,Itanagar,2022-01-11,18.7,4.4,31.7,Clear
West Bengal,Darjeeling,2022-01-11,13.5,3.7,60.7,Clear
Himachal Pradesh,Shimla,2022-01-10,22.5,4.6,34.6,Foggy
Rajasthan,Udaipur,2022-01-10,9.9,4.6,56.2,Clear
Andhra Pradesh,Visakhapatnam,2022-01-09,22.9,2.3,53.9,Foggy
Tamil Nadu,Madurai,2022-01-09,25.8,2.5,54.1,Cloudy
Kerala,Kochi,2022-01-08,24.9,4.3,34.3,Foggy
Uttar Pradesh,Noida,2022-01-08,20.5,7.1,31.7,Foggy
Bihar,Bhagalpur,2022-01-07,20.6,3.6,30.9,Cloudy
Assam,Dibrugarh,2022-01-06,22.2,5.2,32.5,Cloudy
Arunachal Pradesh,Naharlagun,2022-01-05,21.9,1.3,52.9,Clear
Assam,Guwahati,2022-01-05,12.7,3.8,58.1,Clear
Andhra Pradesh,Vijayawada,2022-01-04,25.7,1.5,55.8,Foggy
Karnataka,Mysuru,2022-01-04,19.0,3.8,47.3,Cloudy
Bihar,Patna,2022-01-03,14.4,1.9,58.9,Sunny
Telangana,Nizamabad,2022-01-03,24.8,3.3,36.0,Sunny
Himachal Pradesh,Manali,2022-01-02,20.5,2.6,32.6,Foggy
Maharashtra,Nagpur,2022-01-02,19.0,5.6,30.2,Cloudy
Telangana,Hyderabad,2022-01-01,24.3,2.8,35.5,Clear
Karnataka,Hubballi,2021-12-31,14.8,1.4,61.1,Sunny
Rajasthan,Jodhpur,2021-12-30,9.0,3.7,55.3,Cloudy
Madhya Pradesh,Bhopal,2021-12-29,19.0,7.4,48.2,Cloudy
Manipur,Imphal,2021-12-29,12.8,3.9,58.2,Sunny
West Bengal,Kolkata,2021-12-29,18.0,4.6,64.3,Sunny
Uttarakhand,Dehradun,2021-12-28,20.6,0.9,49.8,Cloudy
West Bengal,Howrah,2021-12-28,8.5,3.2,54.8,Foggy
Jammu and Kashmir,Jammu,2021-12-28,17.4,7.6,64.6,Cloudy
Madhya Pradesh,Jabalpur,2021-12-27,22.7,4.8,34.8,Clear
Punjab,Amritsar,2021-12-27,23.4,6.4,33.7,Cloudy
Uttar Pradesh,Agra,2021-12-26,8.0,2.7,54.3,Sunny
Himachal Pradesh,Dharamshala,2021-12-25,17.3,4.8,48.3,Foggy
Madhya Pradesh,Indore,2021-12-24,19.6,8.0,48.8,Sunny
Chhattisgarh,Bilaspur,2021-12-23,14.3,4.5,61.5,Clear
Maharashtra,Nashik,2021-12-23,16.5,3.1,62.8,Foggy
Odisha,Bhubaneswar,2021-12-23,16.5,3.1,62.8,Foggy
Odisha,Rourkela,2021-12-23,22.4,5.4,32.7,Sunny
Chhattisgarh,Durg,2021-12-22,25.0,1.7,53.3,Cloudy
Maharashtra,Aurangabad,2021-12-22,19.6,1.7,31.7,Sunny
Delhi (NCT),New Delhi,2021-12-22,25.0,1.7,53.3,Cloudy
Haryana,Gurugram,2021-12-21,15.5,0.3,43.8,Clear
Maharashtra,Mumbai,2021-12-21,16.0,2.6,62.3,Sunny
Rajasthan,Kota,2021-12-21,10.8,1.9,56.2,Sunny
Punjab,Ludhiana,2021-12-20,19.8,2.8,30.1,Cloudy
Tamil Nadu,Chennai,2021-12-19,22.4,7.2,50.7,Sunny
Uttarakhand,Nainital,2021-12-19,20.2,0.5,49.4,Cloudy
Gujarat,Rajkot,2021-12-18,11.9,3.0,57.3,Clear
Jharkhand,Dhanbad,2021-12-17,18.2,3.0,46.5,Cloudy
Nagaland,Kohima,2021-12-17,17.2,0.2,62.6,Sunny
Tamil Nadu,Coimbatore,2021-12-17,19.7,0.0,48.9,Foggy
Uttar Pradesh,Lucknow,2021-12-16,25.0,5.3,54.2,Cloudy
Delhi (NCT),Rohini,2021-12-16,22.5,5.5,32.8,Foggy
Haryana,Panipat,2021-12-15,20.4,3.4,30.7,Sunny
Madhya Pradesh,Gwalior,2021-12-15,12.3,2.5,59.5,Clear
Mizoram,Aizawl,2021-12-15,13.0,4.1,58.4,Cloudy
Sikkim,Gangtok,2021-12-14,10.9,2.0,56.3,Foggy
Uttar Pradesh,Kanpur,2021-12-14,13.4,1.8,42.6,Cloudy
Jammu and Kashmir,Srinagar,2021-12-14,11.7,5.5,59.8,Foggy
Jharkhand,Jamshedpur,2021-12-13,18.7,7.1,47.9,Clear
West Bengal,Siliguri,2021-12-13,11.3,7.8,40.5,Foggy
Punjab,Chandigarh,2021-12-11,20.4,5.2,48.7,Sunny
Telangana,Warangal,2021-12-11,13.5,0.1,59.8,Clear
Gujarat,Ahmedabad,2021-12-10,18.3,3.1,46.6,Clear
Meghalaya,Shillong,2021-12-10,15.1,1.7,61.4,Clear
Uttar Pradesh,Varanasi,2021-12-09,14.5,4.7,61.7,Foggy
Haryana,Faridabad,2021-12-08,17.8,2.6,46.1,Cloudy
Uttarakhand,Haridwar,2021-12-08,19.3,7.7,48.5,Foggy
Andhra Pradesh,Guntur,2021-12-07,20.9,1.2,50.1,Foggy
Gujarat,Surat,2021-12-06,19.5,0.7,46.9,Clear
Odisha,Cuttack,2021-12-06,8.9,0.0,54.3,Foggy
Delhi (NCT),Dwarka,2021-12-06,20.0,3.0,30.3,Sunny
Arunachal Pradesh,Itanagar,2021-12-05,15.0,0.7,63.1,Cloudy
West Bengal,Darjeeling,2021-12-05,9.8,0.0,57.0,Cloudy
Himachal Pradesh,Shimla,2021-12-04,18.8,0.9,30.9,Sunny
Rajasthan,Udaipur,2021-12-04,24.2,0.9,52.5,Cloudy
Andhra Pradesh,Visakhapatnam,2021-12-03,19.2,6.7,50.2,Sunny
Tamil Nadu,Madurai,2021-12-03,22.1,6.9,50.4,Foggy
Kerala,Kochi,2021-12-02,21.2,0.6,30.6,Sunny
Uttar Pradesh,Noida,2021-12-02,16.8,3.4,63.1,Sunny
Bihar,Bhagalpur,2021-12-01,16.9,8.0,62.3,Foggy
Assam,Dibrugarh,2021-11-30,27.8,9.9,73.9,Sunny
Arunachal Pradesh,Naharlagun,2021-11-29,32.7,10.1,49.1,Clear
Assam,Guwahati,2021-11-29,18.3,0.4,64.4,Clear
Andhra Pradesh,Vijayawada,2021-11-28,30.7,3.0,47.0,Cloudy
Karnataka,Mysuru,2021-11-28,27.5,24.7,58.6,Sunny
Bihar,Patna,2021-11-27,29.3,16.3,60.2,Humid
Telangana,Nizamabad,2021-11-27,21.1,23.4,52.3,Humid
Himachal Pradesh,Manali,2021-11-26,22.6,4.9,53.9,Cloudy
Maharashtra,Nagpur,2021-11-26,30.4,17.6,46.5,Sunny
Telangana,Hyderabad,2021-11-25,20.6,22.9,51.8,Clear
Karnataka,Hubballi,2021-11-24,26.2,13.4,72.4,Humid
Rajasthan,Jodhpur,2021-11-23,20.4,7.6,66.6,Sunny
Madhya Pradesh,Bhopal,2021-11-22,18.2,10.5,64.5,Sunny
Manipur,Imphal,2021-11-22,18.4,0.5,64.5,Humid
West Bengal,Kolkata,2021-11-22,29.4,16.6,45.5,Humid
Uttarakhand,Dehradun,2021-11-21,19.8,12.1,66.1,Sunny
West Bengal,Howrah,2021-11-21,19.9,7.1,66.1,Cloudy
Jammu and Kashmir,Jammu,2021-11-21,19.5,1.8,50.8,Sunny
Punjab,Amritsar,2021-11-20,29.0,11.1,45.0,Sunny
Uttar Pradesh,Agra,2021-11-19,19.4,6.6,65.6,Humid
Himachal Pradesh,Dharamshala,2021-11-18,28.1,5.5,74.6,Cloudy
Madhya Pradesh,Indore,2021-11-17,18.8,11.1,65.1,Humid
Chhattisgarh,Bilaspur,2021-11-16,31.5,23.8,47.7,Clear
Maharashtra,Nashik,2021-11-16,27.9,15.1,74.1,Cloudy
Odisha,Bhubaneswar,2021-11-16,27.9,15.1,74.1,Cloudy
Odisha,Rourkela,2021-11-16,28.0,10.1,74.1,Humid
Chhattisgarh,Durg,2021-11-15,18.4,5.6,64.6,Sunny
Maharashtra,Aurangabad,2021-11-15,21.7,4.0,53.0,Humid
Delhi (NCT),New Delhi,2021-11-15,18.4,5.6,64.6,Sunny
Haryana,Gurugram,2021-11-14,24.0,21.2,55.1,Clear
Maharashtra,Mumbai,2021-11-14,27.4,14.6,73.6,Humid
Rajasthan,Kota,2021-11-14,31.5,23.6,62.5,Humid
Punjab,Ludhiana,2021-11-13,25.4,7.5,71.5,Sunny
Tamil Nadu,Chennai,2021-11-12,30.9,3.0,62.0,Humid
Uttarakhand,Nainital,2021-11-12,19.4,11.7,65.7,Sunny
Gujarat,Rajkot,2021-11-11,32.6,24.7,63.6,Clear
Jharkhand,Dhanbad,2021-11-10,26.7,23.9,57.8,Sunny
Nagaland,Kohima,2021-11-10,22.8,4.9,68.9,Humid
Tamil Nadu,Coimbatore,2021-11-10,18.9,11.2,65.2,Cloudy
Uttar Pradesh,Lucknow,2021-11-09,24.2,16.5,70.5,Sunny
Delhi (NCT),Rohini,2021-11-09,28.1,10.2,74.2,Cloudy
Haryana,Panipat,2021-11-08,26.0,8.1,72.1,Humid
Madhya Pradesh,Gwalior,2021-11-08,29.5,21.8,45.7,Clear
Mizoram,Aizawl,2021-11-08,18.6,0.7,64.7,Sunny
Sikkim,Gangtok,2021-11-07,31.6,23.7,62.6,Cloudy
Uttar Pradesh,Kanpur,2021-11-07,27.7,4.9,58.9,Sunny
Jammu and Kashmir,Srinagar,2021-11-07,19.6,7.0,51.0,Cloudy
Jharkhand,Jamshedpur,2021-11-06,33.0,10.2,64.2,Clear
West Bengal,Siliguri,2021-11-06,25.6,2.8,56.8,Cloudy
Punjab,Chandigarh,2021-11-04,28.9,1.0,60.0,Humid
Telangana,Warangal,2021-11-04,24.9,12.1,71.1,Clear
Gujarat,Ahmedabad,2021-11-03,26.8,24.0,57.9,Clear
Meghalaya,Shillong,2021-11-03,26.5,13.7,72.7,Clear
Uttar Pradesh,Varanasi,2021-11-02,31.7,24.0,47.9,Cloudy
Haryana,Faridabad,2021-11-01,26.3,23.5,57.4,Sunny
Uttarakhand,Haridwar,2021-11-01,18.5,10.8,64.8,Cloudy
Andhra Pradesh,Guntur,2021-10-31,20.1,12.4,66.4,Cloudy
Gujarat,Surat,2021-10-30,22.2,14.3,53.2,Clear
Odisha,Cuttack,2021-10-30,29.6,21.7,60.6,Cloudy
Delhi (NCT),Dwarka,2021-10-30,25.6,7.7,71.7,Humid
Arunachal Pradesh,Itanagar,2021-10-29,22.9,10.3,54.3,Sunny
West Bengal,Darjeeling,2021-10-29,27.0,19.3,73.3,Sunny
Himachal Pradesh,Shimla,2021-10-28,20.9,3.2,52.2,Humid
Rajasthan,Jaipur,2021-10-28,21.6,18.8,52.7,Clear
Rajasthan,Udaipur,2021-10-28,32.7,4.8,63.8,Sunny
Andhra Pradesh,Visakhapatnam,2021-10-27,30.0,7.4,46.4,Humid
Tamil Nadu,Madurai,2021-10-27,30.6,2.7,61.7,Cloudy
Kerala,Kochi,2021-10-26,21.0,23.1,67.0,Humid
Uttar Pradesh,Noida,2021-10-26,28.2,15.4,74.4,Humid
Bihar,Bhagalpur,2021-10-25,22.5,4.6,68.6,Cloudy
Assam,Dibrugarh,2021-10-24,24.1,6.2,70.2,Cloudy
Arunachal Pradesh,Naharlagun,2021-10-23,29.0,6.4,45.4,Sunny
Assam,Guwahati,2021-10-23,29.7,21.8,60.7,Sunny
Andhra Pradesh,Vijayawada,2021-10-22,27.0,24.4,73.4,Humid
Karnataka,Mysuru,2021-10-22,23.8,21.0,54.9,Cloudy
Bihar,Patna,2021-10-21,25.6,12.6,56.5,Clear
Telangana,Nizamabad,2021-10-21,32.5,19.7,48.6,Clear
Chhattisgarh,Raipur,2021-10-20,23.2,0.4,54.4,Cloudy
Himachal Pradesh,Manali,2021-10-20,18.9,1.2,50.2,Humid
Maharashtra,Nagpur,2021-10-20,26.7,13.9,72.9,Cloudy
Telangana,Hyderabad,2021-10-19,32.0,19.2,48.1,Sunny
Karnataka,Hubballi,2021-10-18,22.5,9.7,68.7,Clear
Rajasthan,Jodhpur,2021-10-17,31.8,3.9,62.9,Cloudy
Madhya Pradesh,Bhopal,2021-10-16,29.6,6.8,60.8,Cloudy
Manipur,Imphal,2021-10-16,29.8,21.9,60.8,Clear
West Bengal,Kolkata,2021-10-16,25.7,12.9,71.9,Clear
Uttarakhand,Dehradun,2021-10-15,31.2,8.4,62.4,Cloudy
West Bengal,Howrah,2021-10-15,31.3,3.4,62.4,Humid
Jammu and Kashmir,Jammu,2021-10-15,30.9,23.2,47.1,Cloudy
Punjab,Amritsar,2021-10-14,25.3,7.4,71.4,Cloudy
Uttar Pradesh,Agra,2021-10-13,30.8,2.9,61.9,Clear
Himachal Pradesh,Dharamshala,2021-10-12,24.4,1.8,70.9,Humid
Madhya Pradesh,Indore,2021-10-11,30.2,7.4,61.4,Clear
Chhattisgarh,Bilaspur,2021-10-10,27.8,20.1,74.1,Sunny
Maharashtra,Nashik,2021-10-10,24.2,11.4,70.4,Humid
Odisha,Bhubaneswar,2021-10-10,24.2,11.4,70.4,Humid
Odisha,Rourkela,2021-10-10,24.3,6.4,70.4,Clear
Chhattisgarh,Durg,2021-10-09,29.8,1.9,60.9,Cloudy
Maharashtra,Aurangabad,2021-10-09,18.0,0.3,49.3,Clear
Delhi (NCT),New Delhi,2021-10-09,29.8,1.9,60.9,Cloudy
Haryana,Gurugram,2021-10-08,20.3,17.5,51.4,Sunny
Maharashtra,Mumbai,2021-10-08,23.7,10.9,69.9,Clear
Rajasthan,Kota,2021-10-08,27.8,19.9,58.8,Clear
Punjab,Ludhiana,2021-10-07,21.7,3.8,67.8,Cloudy
Tamil Nadu,Chennai,2021-10-06,27.2,24.4,58.3,Clear
Uttarakhand,Nainital,2021-10-06,30.8,8.0,62.0,Cloudy
Gujarat,Rajkot,2021-10-05,28.9,21.0,59.9,Sunny
Jharkhand,Dhanbad,2021-10-04,23.0,20.2,54.1,Cloudy
Nagaland,Kohima,2021-10-04,19.1,1.2,65.2,Clear
Tamil Nadu,Coimbatore,2021-10-04,30.3,7.5,61.5,Humid
Uttar Pradesh,Lucknow,2021-10-03,20.5,12.8,66.8,Cloudy
Delhi (NCT),Rohini,2021-10-03,24.4,6.5,70.5,Humid
Haryana,Panipat,2021-10-02,22.3,4.4,68.4,Clear
Madhya Pradesh,Gwalior,2021-10-02,25.8,18.1,72.1,Sunny
Mizoram,Aizawl,2021-10-02,30.0,22.1,61.0,Cloudy
Sikkim,Gangtok,2021-10-01,27.9,20.0,58.9,Humid
Uttar Pradesh,Kanpur,2021-10-01,24.0,1.2,55.2,Cloudy
Jammu and Kashmir,Srinagar,2021-10-01,31.0,3.3,47.3,Humid
Jharkhand,Jamshedpur,2021-09-30,31.7,51.5,80.5,Cloudy
West Bengal,Siliguri,2021-09-30,24.3,44.1,73.1,Heavy Rain
Punjab,Chandigarh,2021-09-28,30.7,17.2,76.3,Stormy
Telangana,Warangal,2021-09-28,30.7,28.3,87.4,Cloudy
Gujarat,Ahmedabad,2021-09-27,28.6,15.1,74.2,Cloudy
Meghalaya,Shillong,2021-09-27,32.3,29.9,89.0,Cloudy
Uttar Pradesh,Varanasi,2021-09-26,23.3,65.3,94.3,Heavy Rain
Haryana,Faridabad,2021-09-25,28.1,179.7,73.7,Rainy
Uttarakhand,Haridwar,2021-09-25,32.3,52.1,81.1,Heavy Rain
Andhra Pradesh,Guntur,2021-09-24,33.9,53.7,82.7,Heavy Rain
Gujarat,Surat,2021-09-23,27.1,145.4,69.5,Cloudy
Odisha,Cuttack,2021-09-23,23.4,152.8,76.9,Heavy Rain
Delhi (NCT),Dwarka,2021-09-23,23.4,163.9,88.0,Stormy
Arunachal Pradesh,Itanagar,2021-09-22,26.5,101.8,70.6,Rainy
West Bengal,Darjeeling,2021-09-22,29.7,60.6,89.6,Rainy
Himachal Pradesh,Shimla,2021-09-21,27.6,69.6,68.5,Stormy
Rajasthan,Jaipur,2021-09-21,23.4,175.0,69.0,Cloudy
Rajasthan,Udaipur,2021-09-21,23.4,21.0,80.1,Rainy
Andhra Pradesh,Visakhapatnam,2021-09-20,26.5,124.0,92.8,Stormy
Tamil Nadu,Madurai,2021-09-20,32.4,18.9,78.0,Heavy Rain
Kerala,Kochi,2021-09-19,33.0,129.1,83.3,Stormy
Maharashtra,Pune,2021-09-19,34.0,174.5,68.5,Rainy
Tripura,Agartala,2021-09-19,34.0,174.5,68.5,Rainy
Uttar Pradesh,Noida,2021-09-19,34.0,31.6,90.7,Stormy
Bihar,Bhagalpur,2021-09-18,31.4,160.8,84.9,Heavy Rain
Assam,Dibrugarh,2021-09-17,33.0,162.4,86.5,Heavy Rain
Arunachal Pradesh,Naharlagun,2021-09-16,25.5,123.0,91.8,Rainy
Assam,Guwahati,2021-09-16,23.5,152.9,77.0,Rainy
Andhra Pradesh,Vijayawada,2021-09-15,26.6,90.8,89.7,Stormy
Karnataka,Mysuru,2021-09-15,25.6,177.2,71.2,Heavy Rain
Bihar,Patna,2021-09-14,33.6,118.6,72.8,Cloudy
Telangana,Nizamabad,2021-09-14,27.2,35.9,95.0,Cloudy
Chhattisgarh,Raipur,2021-09-13,33.0,41.7,70.7,Heavy Rain
Himachal Pradesh,Manali,2021-09-13,25.6,67.6,66.5,Stormy
Maharashtra,Nagpur,2021-09-13,32.5,30.1,89.2,Heavy Rain
Telangana,Hyderabad,2021-09-12,26.7,35.4,94.5,Rainy
Karnataka,Hubballi,2021-09-11,28.3,25.9,85.0,Cloudy
Rajasthan,Jodhpur,2021-09-10,33.6,20.1,79.2,Heavy Rain
Madhya Pradesh,Bhopal,2021-09-09,28.3,48.1,77.1,Heavy Rain
Manipur,Imphal,2021-09-09,23.6,153.0,77.1,Cloudy
West Bengal,Kolkata,2021-09-09,31.5,29.1,88.2,Cloudy
Uttarakhand,Dehradun,2021-09-08,29.9,49.7,78.7,Heavy Rain
West Bengal,Howrah,2021-09-08,33.1,19.6,78.7,Stormy
Jammu and Kashmir,Jammu,2021-09-08,33.6,64.5,93.5,Heavy Rain
Punjab,Amritsar,2021-09-07,23.1,163.6,87.7,Heavy Rain
Uttar Pradesh,Agra,2021-09-06,32.6,19.1,78.2,Cloudy
Himachal Pradesh,Dharamshala,2021-09-05,32.0,118.4,87.2,Stormy
Madhya Pradesh,Indore,2021-09-04,28.9,48.7,77.7,Cloudy
Chhattisgarh,Bilaspur,2021-09-03,30.5,61.4,90.4,Rainy
Maharashtra,Nashik,2021-09-03,30.0,27.6,86.7,Stormy
Odisha,Bhubaneswar,2021-09-03,30.0,27.6,86.7,Stormy
Odisha,Rourkela,2021-09-03,33.2,162.6,86.7,Cloudy
Chhattisgarh,Durg,2021-09-02,31.6,18.1,77.2,Heavy Rain
Maharashtra,Aurangabad,2021-09-02,24.7,66.7,65.6,Cloudy
Delhi (NCT),New Delhi,2021-09-02,31.6,18.1,77.2,Heavy Rain
Haryana,Gurugram,2021-09-01,33.2,173.7,67.7,Rainy
Maharashtra,Mumbai,2021-09-01,29.5,27.1,86.2,Cloudy
Rajasthan,Kota,2021-09-01,32.7,151.0,75.1,Cloudy
Punjab,Ludhiana,2021-08-31,30.6,160.0,84.1,Heavy Rain
Tamil Nadu,Chennai,2021-08-30,29.0,15.5,74.6,Cloudy
Uttarakhand,Nainital,2021-08-30,29.5,49.3,78.3,Heavy Rain
Gujarat,Rajkot,2021-08-29,33.8,152.1,76.2,Rainy
Jharkhand,Dhanbad,2021-08-28,24.8,176.4,70.4,Heavy Rain
Nagaland,Kohima,2021-08-28,28.0,157.4,81.5,Cloudy
Tamil Nadu,Coimbatore,2021-08-28,29.0,48.8,77.8,Stormy
Uttar Pradesh,Lucknow,2021-08-27,23.2,54.1,83.1,Heavy Rain
Delhi (NCT),Rohini,2021-08-27,33.3,162.7,86.8,Stormy
Haryana,Panipat,2021-08-26,31.2,160.6,84.7,Cloudy
Madhya Pradesh,Gwalior,2021-08-26,28.5,59.4,88.4,Rainy
Mizoram,Aizawl,2021-08-26,23.8,153.2,77.3,Heavy Rain
Sikkim,Gangtok,2021-08-25,32.8,151.1,75.2,Stormy
Uttar Pradesh,Kanpur,2021-08-25,33.8,42.5,71.5,Heavy Rain
Jammu and Kashmir,Srinagar,2021-08-25,30.6,94.8,93.7,Stormy
Jharkhand,Jamshedpur,2021-08-24,28.0,47.8,76.8,Rainy
West Bengal,Siliguri,2021-08-24,31.7,40.4,69.4,Stormy
Punjab,Chandigarh,2021-08-22,27.0,178.6,72.6,Cloudy
Telangana,Warangal,2021-08-22,27.0,24.6,83.7,Rainy
Gujarat,Ahmedabad,2021-08-21,24.9,176.5,70.5,Rainy
Meghalaya,Shillong,2021-08-21,28.6,26.2,85.3,Rainy
Uttar Pradesh,Varanasi,2021-08-20,30.7,61.6,90.6,Stormy
Assam,Silchar,2021-08-19,31.3,138.5,92.7,Rainy
Haryana,Faridabad,2021-08-19,24.4,176.0,70.0,Heavy Rain
Uttarakhand,Haridwar,2021-08-19,28.6,48.4,77.4,Stormy
Andhra Pradesh,Guntur,2021-08-18,30.2,50.0,79.0,Stormy
Gujarat,Surat,2021-08-17,23.4,141.7,65.8,Rainy
Odisha,Cuttack,2021-08-17,30.8,149.1,73.2,Stormy
Delhi (NCT),Dwarka,2021-08-17,30.8,160.2,84.3,Cloudy
Arunachal Pradesh,Itanagar,2021-08-16,33.9,98.1,66.9,Heavy Rain
West Bengal,Darjeeling,2021-08-16,26.0,56.9,85.9,Heavy Rain
Himachal Pradesh,Shimla,2021-08-15,23.9,65.9,94.9,Cloudy
Rajasthan,Jaipur,2021-08-15,30.8,171.3,65.3,Rainy
Rajasthan,Udaipur,2021-08-15,30.8,17.3,76.4,Heavy Rain
Andhra Pradesh,Visakhapatnam,2021-08-14,33.9,120.3,89.1,Cloudy
Tamil Nadu,Madurai,2021-08-14,28.7,15.2,74.3,Stormy
Kerala,Kochi,2021-08-13,29.3,125.4,79.6,Cloudy
Maharashtra,Pune,2021-08-13,30.3,170.8,94.9,Heavy Rain
Tripura,Agartala,2021-08-13,30.3,170.8,94.9,Heavy Rain
Uttar Pradesh,Noida,2021-08-13,30.3,27.9,87.0,Cloudy
Bihar,Bhagalpur,2021-08-12,27.7,157.1,81.2,Stormy
Assam,Dibrugarh,2021-08-11,29.3,158.7,82.8,Stormy
Arunachal Pradesh,Naharlagun,2021-08-10,32.9,119.3,88.1,Heavy Rain
Assam,Guwahati,2021-08-10,30.9,149.2,73.3,Heavy Rain
Andhra Pradesh,Vijayawada,2021-08-09,34.0,87.1,86.0,Cloudy
Karnataka,Mysuru,2021-08-09,33.0,173.5,67.5,Stormy
Bihar,Patna,2021-08-08,29.9,114.9,69.1,Rainy
Telangana,Nizamabad,2021-08-08,23.5,32.2,91.3,Rainy
Chhattisgarh,Raipur,2021-08-07,29.3,38.0,67.0,Stormy
Himachal Pradesh,Manali,2021-08-07,33.0,63.9,92.9,Cloudy
Maharashtra,Nagpur,2021-08-07,28.8,26.4,85.5,Stormy
Telangana,Hyderabad,2021-08-06,23.0,31.7,90.8,Heavy Rain
Karnataka,Hubballi,2021-08-05,24.6,22.2,81.3,Rainy
Rajasthan,Jodhpur,2021-08-04,29.9,16.4,75.5,Stormy
Madhya Pradesh,Bhopal,2021-08-03,24.6,44.4,73.4,Stormy
Manipur,Imphal,2021-08-03,31.0,149.3,73.4,Rainy
West Bengal,Kolkata,2021-08-03,27.8,25.4,84.5,Rainy
Uttarakhand,Dehradun,2021-08-02,26.2,46.0,75.0,Stormy
West Bengal,Howrah,2021-08-02,29.4,15.9,75.0,Cloudy
Jammu and Kashmir,Jammu,2021-08-02,29.9,60.8,89.8,Stormy
Punjab,Amritsar,2021-08-01,30.5,159.9,84.0,Stormy
Uttar Pradesh,Agra,2021-07-31,28.9,15.4,74.5,Rainy
Himachal Pradesh,Dharamshala,2021-07-30,28.3,114.7,83.5,Cloudy
Madhya Pradesh,Indore,2021-07-29,25.2,45.0,74.0,Rainy
Chhattisgarh,Bilaspur,2021-07-28,26.8,57.7,86.7,Heavy Rain
Maharashtra,Nashik,2021-07-28,26.3,23.9,83.0,Cloudy
Odisha,Bhubaneswar,2021-07-28,26.3,23.9,83.0,Cloudy
Odisha,Rourkela,2021-07-28,29.5,158.9,83.0,Rainy
Chhattisgarh,Durg,2021-07-27,27.9,179.5,73.5,Stormy
Maharashtra,Aurangabad,2021-07-27,32.1,63.0,92.0,Rainy
Delhi (NCT),New Delhi,2021-07-27,27.9,179.5,73.5,Stormy
Haryana,Gurugram,2021-07-26,29.5,170.0,94.1,Heavy Rain
Maharashtra,Mumbai,2021-07-26,25.8,23.4,82.5,Rainy
Rajasthan,Kota,2021-07-26,29.0,147.3,71.4,Rainy
Punjab,Ludhiana,2021-07-25,26.9,156.3,80.4,Stormy
Tamil Nadu,Chennai,2021-07-24,25.3,176.9,70.9,Rainy
Uttarakhand,Nainital,2021-07-24,25.8,45.6,74.6,Stormy
Gujarat,Rajkot,2021-07-23,30.1,148.4,72.5,Heavy Rain
Jharkhand,Dhanbad,2021-07-22,32.2,172.7,66.7,Stormy
Nagaland,Kohima,2021-07-22,24.3,153.7,77.8,Rainy
Tamil Nadu,Coimbatore,2021-07-22,25.3,45.1,74.1,Cloudy
Uttar Pradesh,Lucknow,2021-07-21,30.6,50.4,79.4,Stormy
Delhi (NCT),Rohini,2021-07-21,29.6,159.0,83.1,Cloudy
Haryana,Panipat,2021-07-20,27.5,156.9,81.0,Rainy
Madhya Pradesh,Gwalior,2021-07-20,24.8,55.7,84.7,Heavy Rain
Mizoram,Aizawl,2021-07-20,31.2,149.5,73.6,Stormy
Sikkim,Gangtok,2021-07-19,29.1,147.4,71.5,Cloudy
Uttar Pradesh,Kanpur,2021-07-19,30.1,38.8,67.8,Stormy
Jammu and Kashmir,Srinagar,2021-07-19,26.9,91.1,90.0,Cloudy
Jharkhand,Jamshedpur,2021-07-18,24.3,44.1,73.1,Heavy Rain
West Bengal,Siliguri,2021-07-18,28.0,36.7,65.7,Cloudy
Punjab,Chandigarh,2021-07-16,23.3,174.9,68.9,Rainy
Telangana,Warangal,2021-07-16,23.3,20.9,80.0,Heavy Rain
Gujarat,Ahmedabad,2021-07-15,32.3,172.8,66.8,Heavy Rain
Meghalaya,Shillong,2021-07-15,24.9,22.5,81.6,Heavy Rain
Uttar Pradesh,Varanasi,2021-07-14,27.0,57.9,86.9,Cloudy
Assam,Silchar,2021-07-13,27.6,134.8,89.0,Heavy Rain
Haryana,Faridabad,2021-07-13,31.8,172.3,66.3,Stormy
Uttarakhand,Haridwar,2021-07-13,24.9,44.7,73.7,Cloudy
Andhra Pradesh,Guntur,2021-07-12,26.5,46.3,75.3,Cloudy
Gujarat,Surat,2021-07-11,30.8,138.0,92.2,Heavy Rain
Odisha,Cuttack,2021-07-11,27.1,145.4,69.5,Cloudy
Delhi (NCT),Dwarka,2021-07-11,27.1,156.5,80.6,Rainy
Arunachal Pradesh,Itanagar,2021-07-10,30.2,94.4,93.3,Stormy
West Bengal,Darjeeling,2021-07-10,33.4,53.2,82.2,Stormy
Himachal Pradesh,Shimla,2021-07-09,31.3,62.2,91.2,Rainy
Rajasthan,Jaipur,2021-07-09,27.1,167.6,91.7,Heavy Rain
Rajasthan,Udaipur,2021-07-09,27.1,178.7,72.7,Stormy
Andhra Pradesh,Visakhapatnam,2021-07-08,30.2,116.6,85.4,Rainy
Tamil Nadu,Madurai,2021-07-08,25.0,176.6,70.6,Cloudy
Kerala,Kochi,2021-07-07,25.6,121.7,75.9,Rainy
Maharashtra,Pune,2021-07-07,26.6,167.1,91.2,Stormy
Tripura,Agartala,2021-07-07,26.6,167.1,91.2,Stormy
Uttar Pradesh,Noida,2021-07-07,26.6,24.2,83.3,Rainy
Bihar,Bhagalpur,2021-07-06,24.0,153.4,77.5,Cloudy
Assam,Dibrugarh,2021-07-05,25.6,155.0,79.1,Cloudy
Kerala,Thiruvananthapuram,2021-07-05,23.9,99.2,68.0,Stormy
Arunachal Pradesh,Naharlagun,2021-07-04,29.2,115.6,84.4,Stormy
Assam,Guwahati,2021-07-04,27.2,145.5,69.6,Stormy
Andhra Pradesh,Vijayawada,2021-07-03,30.3,83.4,82.3,Rainy
Karnataka,Mysuru,2021-07-03,29.3,169.8,93.9,Cloudy
Bihar,Patna,2021-07-02,26.2,111.2,65.4,Heavy Rain
Telangana,Nizamabad,2021-07-02,30.9,28.5,87.6,Heavy Rain
Chhattisgarh,Raipur,2021-07-01,25.6,34.3,93.4,Cloudy
Himachal Pradesh,Manali,2021-07-01,29.3,60.2,89.2,Rainy
Maharashtra,Nagpur,2021-07-01,25.1,22.7,81.8,Cloudy
Telangana,Hyderabad,2021-06-30,30.4,28.0,87.1,Stormy
Karnataka,Hubballi,2021-06-29,32.0,18.5,77.6,Heavy Rain
Rajasthan,Jodhpur,2021-06-28,26.2,177.8,71.8,Cloudy
Madhya Pradesh,Bhopal,2021-06-27,32.0,40.7,69.7,Cloudy
Manipur,Imphal,2021-06-27,27.3,145.6,69.7,Heavy Rain
West Bengal,Kolkata,2021-06-27,24.1,21.7,80.8,Heavy Rain
Uttarakhand,Dehradun,2021-06-26,33.6,42.3,71.3,Cloudy
West Bengal,Howrah,2021-06-26,25.7,177.3,71.3,Rainy
Jammu and Kashmir,Jammu,2021-06-26,26.2,57.1,86.1,Cloudy
Punjab,Amritsar,2021-06-25,26.8,156.2,80.3,Cloudy
Uttar Pradesh,Agra,2021-06-24,25.2,176.8,70.8,Heavy Rain
Himachal Pradesh,Dharamshala,2021-06-23,24.6,111.0,79.8,Rainy
Madhya Pradesh,Indore,2021-06-22,32.6,41.3,70.3,Heavy Rain
Chhattisgarh,Bilaspur,2021-06-21,23.1,54.0,83.0,Stormy
Maharashtra,Nashik,2021-06-21,33.7,20.2,79.3,Rainy
Odisha,Bhubaneswar,2021-06-21,33.7,20.2,79.3,Rainy
Odisha,Rourkela,2021-06-21,25.8,155.2,79.3,Heavy Rain
Chhattisgarh,Durg,2021-06-20,24.2,175.8,69.8,Cloudy
Maharashtra,Aurangabad,2021-06-20,28.4,59.3,88.3,Heavy Rain
Delhi (NCT),New Delhi,2021-06-20,24.2,175.8,69.8,Cloudy
Haryana,Gurugram,2021-06-19,25.8,166.3,90.4,Stormy
Maharashtra,Mumbai,2021-06-19,33.2,19.7,78.8,Heavy Rain
Rajasthan,Kota,2021-06-19,25.3,143.6,67.7,Heavy Rain
Punjab,Ludhiana,2021-06-18,23.2,152.6,76.7,Cloudy
Tamil Nadu,Chennai,2021-06-17,32.7,173.2,67.2,Heavy Rain
Uttarakhand,Nainital,2021-06-17,33.2,41.9,70.9,Cloudy
Gujarat,Rajkot,2021-06-16,26.4,144.7,68.8,Stormy
Jharkhand,Dhanbad,2021-06-15,28.5,169.0,93.1,Cloudy
Nagaland,Kohima,2021-06-15,31.7,150.0,74.1,Heavy Rain
Tamil Nadu,Coimbatore,2021-06-15,32.7,41.4,70.4,Rainy
Uttar Pradesh,Lucknow,2021-06-14,26.9,46.7,75.7,Cloudy
Delhi (NCT),Rohini,2021-06-14,25.9,155.3,79.4,Rainy
Haryana,Panipat,2021-06-13,23.8,153.2,77.3,Heavy Rain
Madhya Pradesh,Gwalior,2021-06-13,32.2,52.0,81.0,Stormy
Mizoram,Aizawl,2021-06-13,27.5,145.8,69.9,Cloudy
Sikkim,Gangtok,2021-06-12,25.4,143.7,67.8,Rainy
Uttar Pradesh,Kanpur,2021-06-12,26.4,35.1,94.2,Cloudy
Jammu and Kashmir,Srinagar,2021-06-12,23.2,87.4,86.3,Rainy
Jharkhand,Jamshedpur,2021-06-11,31.7,40.4,69.4,Stormy
West Bengal,Siliguri,2021-06-11,24.3,33.0,92.1,Rainy
Punjab,Chandigarh,2021-06-09,30.7,171.2,65.2,Heavy Rain
Telangana,Warangal,2021-06-09,30.7,17.2,76.3,Stormy
Gujarat,Ahmedabad,2021-06-08,28.6,169.1,93.2,Stormy
Meghalaya,Shillong,2021-06-08,32.3,18.8,77.9,Stormy
Uttar Pradesh,Varanasi,2021-06-07,23.3,54.2,83.2,Rainy
Assam,Silchar,2021-06-06,23.9,131.1,85.3,Stormy
Haryana,Faridabad,2021-06-06,28.1,168.6,92.7,Cloudy
Uttarakhand,Haridwar,2021-06-06,32.3,41.0,70.0,Rainy
Andhra Pradesh,Guntur,2021-06-05,33.9,42.6,71.6,Rainy
Gujarat,Surat,2021-06-04,27.1,134.3,88.5,Stormy
Odisha,Cuttack,2021-06-04,23.4,141.7,65.8,Rainy
Delhi (NCT),Dwarka,2021-06-04,23.4,152.8,76.9,Heavy Rain
Arunachal Pradesh,Itanagar,2021-06-03,26.5,90.7,89.6,Cloudy
West Bengal,Darjeeling,2021-06-03,29.7,49.5,78.5,Cloudy
Himachal Pradesh,Shimla,2021-06-02,27.6,58.5,87.5,Heavy Rain
Rajasthan,Jaipur,2021-06-02,23.4,163.9,88.0,Stormy
Rajasthan,Udaipur,2021-06-02,23.4,175.0,69.0,Cloudy
Andhra Pradesh,Visakhapatnam,2021-06-01,26.5,112.9,81.7,Heavy Rain
Tamil Nadu,Madurai,2021-06-01,32.4,172.9,66.9,Rainy
Kerala,Kochi,2021-05-31,28.4,8.0,32.2,Dry
Maharashtra,Pune,2021-05-31,37.6,5.0,42.5,Hot
Tripura,Agartala,2021-05-31,37.6,5.0,42.5,Hot
Uttar Pradesh,Noida,2021-05-31,41.7,3.0,29.6,Dry
Bihar,Bhagalpur,2021-05-30,42.0,3.4,28.8,Sunny
Assam,Dibrugarh,2021-05-29,43.6,5.0,30.4,Sunny
Kerala,Thiruvananthapuram,2021-05-29,44.3,5.4,34.4,Hot
Arunachal Pradesh,Naharlagun,2021-05-28,42.6,9.7,15.7,Hot
Assam,Guwahati,2021-05-28,34.1,7.6,20.9,Hot
Goa,Margao,2021-05-28,43.5,11.1,46.2,Sunny
Andhra Pradesh,Vijayawada,2021-05-27,28.5,1.7,18.6,Dry
Karnataka,Mysuru,2021-05-27,40.3,7.7,45.2,Sunny
Bihar,Patna,2021-05-26,36.0,9.6,21.7,Clear
Telangana,Nizamabad,2021-05-26,46.0,7.3,33.9,Clear
Chhattisgarh,Raipur,2021-05-25,33.7,1.0,39.7,Sunny
Himachal Pradesh,Manali,2021-05-25,41.5,2.7,30.5,Dry
Maharashtra,Nagpur,2021-05-25,40.2,1.5,28.1,Sunny
Telangana,Hyderabad,2021-05-24,45.5,6.8,33.4,Hot
Karnataka,Hubballi,2021-05-23,36.0,9.4,23.9,Clear
Rajasthan,Jodhpur,2021-05-22,30.2,3.6,18.1,Sunny
Madhya Pradesh,Bhopal,2021-05-21,40.1,7.4,46.1,Sunny
Manipur,Imphal,2021-05-21,34.2,7.7,21.0,Clear
West Bengal,Kolkata,2021-05-21,39.2,0.5,27.1,Clear
Uttarakhand,Dehradun,2021-05-20,41.7,9.0,47.7,Sunny
West Bengal,Howrah,2021-05-20,29.7,3.1,17.6,Dry
Jammu and Kashmir,Jammu,2021-05-20,38.4,11.7,27.4,Sunny
Punjab,Amritsar,2021-05-19,44.8,6.2,31.6,Sunny
Uttar Pradesh,Agra,2021-05-18,29.2,2.6,17.1,Clear
Himachal Pradesh,Dharamshala,2021-05-17,38.0,5.1,46.2,Dry
Madhya Pradesh,Indore,2021-05-16,40.7,8.0,46.7,Clear
Chhattisgarh,Bilaspur,2021-05-15,35.3,8.6,24.3,Hot
Maharashtra,Nashik,2021-05-15,37.7,11.1,25.6,Dry
Odisha,Bhubaneswar,2021-05-15,37.7,11.1,25.6,Dry
Odisha,Rourkela,2021-05-15,43.8,5.2,30.6,Clear
Chhattisgarh,Durg,2021-05-14,28.2,1.6,16.1,Sunny
Maharashtra,Aurangabad,2021-05-14,40.6,1.8,29.6,Clear
Delhi (NCT),New Delhi,2021-05-14,28.2,1.6,16.1,Sunny
Haryana,Gurugram,2021-05-13,36.8,4.2,41.7,Hot
Maharashtra,Mumbai,2021-05-13,37.2,10.6,25.1,Clear
Rajasthan,Kota,2021-05-13,32.2,5.7,19.0,Clear
Punjab,Ludhiana,2021-05-12,41.2,2.6,28.0,Sunny
Tamil Nadu,Chennai,2021-05-11,43.7,11.1,48.6,Clear
Uttarakhand,Nainital,2021-05-11,41.3,8.6,47.3,Sunny
Gujarat,Rajkot,2021-05-10,33.3,6.8,20.1,Hot
Andhra Pradesh,Tirupati,2021-05-09,45.4,6.6,34.4,Clear
Jharkhand,Dhanbad,2021-05-09,39.5,6.9,44.4,Sunny
Nagaland,Kohima,2021-05-09,38.6,0.0,25.4,Clear
Tamil Nadu,Coimbatore,2021-05-09,40.8,8.1,46.8,Dry
Uttar Pradesh,Lucknow,2021-05-08,28.0,1.3,17.0,Sunny
Delhi (NCT),Rohini,2021-05-08,43.9,5.3,30.7,Dry
Haryana,Panipat,2021-05-07,41.8,3.2,28.6,Clear
Madhya Pradesh,Gwalior,2021-05-07,33.3,6.6,22.3,Hot
Mizoram,Aizawl,2021-05-07,34.4,7.9,21.2,Sunny
Sikkim,Gangtok,2021-05-06,32.3,5.8,19.1,Dry
Uttar Pradesh,Kanpur,2021-05-06,34.5,1.8,40.5,Sunny
Jammu and Kashmir,Srinagar,2021-05-06,32.5,5.7,22.6,Dry
Jharkhand,Jamshedpur,2021-05-05,39.8,7.1,45.8,Hot
West Bengal,Siliguri,2021-05-05,32.4,11.8,38.4,Dry
Punjab,Chandigarh,2021-05-03,41.7,9.1,46.6,Clear
Telangana,Warangal,2021-05-03,34.7,8.1,22.6,Hot
Gujarat,Ahmedabad,2021-05-02,39.6,7.0,44.5,Hot
Meghalaya,Shillong,2021-05-02,36.3,9.7,24.2,Hot
Uttar Pradesh,Varanasi,2021-05-01,35.5,8.8,24.5,Dry
Assam,Silchar,2021-04-30,37.8,5.3,41.6,Hot
Haryana,Faridabad,2021-04-30,39.1,6.5,44.0,Sunny
Uttarakhand,Haridwar,2021-04-30,40.4,7.7,46.4,Dry
Andhra Pradesh,Guntur,2021-04-29,42.0,9.3,48.0,Dry
Gujarat,Surat,2021-04-28,41.0,8.5,44.8,Hot
Odisha,Cuttack,2021-04-28,30.3,3.8,17.1,Dry
Delhi (NCT),Dwarka,2021-04-28,41.4,2.8,28.2,Clear
Arunachal Pradesh,Itanagar,2021-04-27,35.8,9.0,25.9,Sunny
West Bengal,Darjeeling,2021-04-27,30.8,4.1,19.8,Sunny
Rajasthan,Jaipur,2021-04-26,34.4,1.8,39.3,Hot
Rajasthan,Udaipur,2021-04-26,45.5,0.8,15.3,Sunny
Andhra Pradesh,Visakhapatnam,2021-04-25,39.9,7.0,48.1,Clear
Tamil Nadu,Madurai,2021-04-25,43.4,10.8,48.3,Dry
Kerala,Kochi,2021-04-24,42.8,4.3,28.5,Clear
Maharashtra,Pune,2021-04-24,33.9,1.3,38.8,Sunny
Tripura,Agartala,2021-04-24,33.9,1.3,38.8,Sunny
Uttar Pradesh,Noida,2021-04-24,38.0,11.4,25.9,Clear
Bihar,Bhagalpur,2021-04-23,38.3,11.8,25.1,Dry
Assam,Dibrugarh,2021-04-22,39.9,1.3,26.7,Dry
Kerala,Thiruvananthapuram,2021-04-22,40.6,1.7,30.7,Sunny
Arunachal Pradesh,Naharlagun,2021-04-21,38.9,6.0,47.1,Sunny
Assam,Guwahati,2021-04-21,30.4,3.9,17.2,Sunny
Goa,Margao,2021-04-21,39.8,7.4,42.5,Dry
Andhra Pradesh,Vijayawada,2021-04-20,42.9,10.1,50.0,Clear
Karnataka,Mysuru,2021-04-20,36.6,4.0,41.5,Dry
Bihar,Patna,2021-04-19,32.3,5.9,18.0,Hot
Telangana,Nizamabad,2021-04-19,42.3,3.6,30.2,Hot
Chhattisgarh,Raipur,2021-04-18,30.0,9.4,36.0,Dry
Himachal Pradesh,Manali,2021-04-18,37.8,11.1,26.8,Clear
Maharashtra,Nagpur,2021-04-18,36.5,9.9,24.4,Dry
Tamil Nadu,Tiruchirappalli,2021-04-18,39.6,0.7,29.7,Clear
Telangana,Hyderabad,2021-04-17,41.8,3.1,29.7,Sunny
Karnataka,Hubballi,2021-04-16,32.3,5.7,20.2,Hot
Kerala,Kozhikode,2021-04-16,31.9,11.4,36.8,Sunny
Rajasthan,Jodhpur,2021-04-15,44.6,12.0,49.5,Dry
Madhya Pradesh,Bhopal,2021-04-14,36.4,3.7,42.4,Dry
Manipur,Imphal,2021-04-14,30.5,4.0,17.3,Hot
West Bengal,Kolkata,2021-04-14,35.5,8.9,23.4,Hot
Uttarakhand,Dehradun,2021-04-13,38.0,5.3,44.0,Dry
West Bengal,Howrah,2021-04-13,44.1,11.5,49.0,Clear
Jammu and Kashmir,Jammu,2021-04-13,34.7,8.0,23.7,Dry
Punjab,Amritsar,2021-04-12,41.1,2.5,27.9,Dry
Uttar Pradesh,Agra,2021-04-11,43.6,11.0,48.5,Hot
Himachal Pradesh,Dharamshala,2021-04-10,34.3,1.4,42.5,Clear
Madhya Pradesh,Indore,2021-04-09,37.0,4.3,43.0,Hot
Chhattisgarh,Bilaspur,2021-04-08,31.6,4.9,20.6,Sunny
Maharashtra,Nashik,2021-04-08,34.0,7.4,21.9,Clear
Odisha,Bhubaneswar,2021-04-08,34.0,7.4,21.9,Clear
Odisha,Rourkela,2021-04-08,40.1,1.5,26.9,Hot
Chhattisgarh,Durg,2021-04-07,42.6,10.0,47.5,Dry
Maharashtra,Aurangabad,2021-04-07,36.9,10.2,25.9,Hot
Delhi (NCT),New Delhi,2021-04-07,42.6,10.0,47.5,Dry
Goa,Panaji,2021-04-06,37.9,5.5,40.6,Sunny
Haryana,Gurugram,2021-04-06,33.1,0.5,38.0,Sunny
Maharashtra,Mumbai,2021-04-06,33.5,6.9,21.4,Hot
Rajasthan,Kota,2021-04-06,28.5,2.0,15.3,Hot
Punjab,Ludhiana,2021-04-05,37.5,11.0,24.3,Dry
Tamil Nadu,Chennai,2021-04-04,40.0,7.4,44.9,Hot
Uttarakhand,Nainital,2021-04-04,37.6,4.9,43.6,Dry
Gujarat,Rajkot,2021-04-03,29.6,3.1,16.4,Sunny
Andhra Pradesh,Tirupati,2021-04-02,41.7,2.9,30.7,Hot
Jharkhand,Dhanbad,2021-04-02,35.8,3.2,40.7,Dry
Nagaland,Kohima,2021-04-02,34.9,8.4,21.7,Hot
Tamil Nadu,Coimbatore,2021-04-02,37.1,4.4,43.1,Clear
Uttar Pradesh,Lucknow,2021-04-01,42.4,9.7,48.4,Dry
Delhi (NCT),Rohini,2021-04-01,40.2,1.6,27.0,Clear
Haryana,Panipat,2021-03-31,38.1,11.6,24.9,Hot
Madhya Pradesh,Gwalior,2021-03-31,29.6,2.9,18.6,Sunny
Mizoram,Aizawl,2021-03-31,30.7,4.2,17.5,Dry
Sikkim,Gangtok,2021-03-30,28.6,2.1,15.4,Clear
Uttar Pradesh,Kanpur,2021-03-30,30.8,10.2,36.8,Dry
Jammu and Kashmir,Srinagar,2021-03-30,28.8,2.0,18.9,Clear
Jharkhand,Jamshedpur,2021-03-29,36.1,3.4,42.1,Sunny
West Bengal,Siliguri,2021-03-29,28.7,8.1,34.7,Clear
Punjab,Chandigarh,2021-03-27,38.0,5.4,42.9,Hot
Telangana,Warangal,2021-03-27,31.0,4.4,18.9,Sunny
Gujarat,Ahmedabad,2021-03-26,35.9,3.3,40.8,Sunny
Meghalaya,Shillong,2021-03-26,32.6,6.0,20.5,Sunny
Uttar Pradesh,Varanasi,2021-03-25,31.8,5.1,20.8,Clear
Assam,Silchar,2021-03-24,34.1,1.6,37.9,Sunny
Haryana,Faridabad,2021-03-24,35.4,2.8,40.3,Dry
Uttarakhand,Haridwar,2021-03-24,36.7,4.0,42.7,Clear
Andhra Pradesh,Guntur,2021-03-23,38.3,5.6,44.3,Clear
Gujarat,Surat,2021-03-22,37.3,4.8,41.1,Sunny
Odisha,Cuttack,2021-03-22,44.7,0.1,48.5,Clear
Delhi (NCT),Dwarka,2021-03-22,37.7,11.2,24.5,Hot
Arunachal Pradesh,Itanagar,2021-03-21,32.1,5.3,22.2,Dry
West Bengal,Darjeeling,2021-03-21,45.2,0.4,16.1,Dry
Rajasthan,Jaipur,2021-03-20,30.7,10.2,35.6,Sunny
Rajasthan,Udaipur,2021-03-20,41.8,9.2,46.7,Dry
Andhra Pradesh,Visakhapatnam,2021-03-19,36.2,3.3,44.4,Hot
Tamil Nadu,Madurai,2021-03-19,39.7,7.1,44.6,Clear
Kerala,Kochi,2021-03-18,39.1,0.6,24.8,Hot
Maharashtra,Pune,2021-03-18,30.2,9.7,35.1,Dry
Tripura,Agartala,2021-03-18,30.2,9.7,35.1,Dry
Uttar Pradesh,Noida,2021-03-18,34.3,7.7,22.2,Hot
Bihar,Bhagalpur,2021-03-17,34.6,8.1,21.4,Clear
Assam,Dibrugarh,2021-03-16,36.2,9.7,23.0,Clear
Kerala,Thiruvananthapuram,2021-03-16,36.9,10.1,27.0,Dry
Arunachal Pradesh,Naharlagun,2021-03-15,35.2,2.3,43.4,Dry
Assam,Guwahati,2021-03-15,44.8,0.2,48.6,Dry
Goa,Margao,2021-03-15,36.1,3.7,38.8,Clear
Andhra Pradesh,Vijayawada,2021-03-14,39.2,6.4,46.3,Hot
Karnataka,Mysuru,2021-03-14,32.9,0.3,37.8,Clear
Bihar,Patna,2021-03-13,28.6,2.2,49.4,Sunny
Chhattisgarh,Raipur,2021-03-12,44.4,5.7,32.3,Clear
Himachal Pradesh,Manali,2021-03-12,34.1,7.4,23.1,Hot
Maharashtra,Nagpur,2021-03-12,32.8,6.2,20.7,Clear
Tamil Nadu,Tiruchirappalli,2021-03-12,35.9,9.1,26.0,Hot
Bihar,Gaya,2021-03-11,35.1,2.7,37.8,Sunny
Telangana,Hyderabad,2021-03-11,38.1,11.5,26.0,Dry
Karnataka,Hubballi,2021-03-10,28.6,2.0,16.5,Sunny
Kerala,Kozhikode,2021-03-10,28.2,7.7,33.1,Dry
Rajasthan,Jodhpur,2021-03-09,40.9,8.3,45.8,Clear
Madhya Pradesh,Bhopal,2021-03-08,32.7,0.0,38.7,Clear
Manipur,Imphal,2021-03-08,44.9,0.3,48.7,Sunny
West Bengal,Kolkata,2021-03-08,31.8,5.2,19.7,Sunny
Uttarakhand,Dehradun,2021-03-07,34.3,1.6,40.3,Clear
West Bengal,Howrah,2021-03-07,40.4,7.8,45.3,Hot
Jammu and Kashmir,Jammu,2021-03-07,31.0,4.3,20.0,Clear
Punjab,Amritsar,2021-03-06,37.4,10.9,24.2,Clear
Uttar Pradesh,Agra,2021-03-05,39.9,7.3,44.8,Sunny
Himachal Pradesh,Dharamshala,2021-03-04,30.6,9.8,38.8,Hot
Madhya Pradesh,Indore,2021-03-03,33.3,0.6,39.3,Sunny
Chhattisgarh,Bilaspur,2021-03-02,46.0,1.2,16.9,Dry
Maharashtra,Nashik,2021-03-02,30.3,3.7,18.2,Hot
Odisha,Bhubaneswar,2021-03-02,30.3,3.7,18.2,Hot
Odisha,Rourkela,2021-03-02,36.4,9.9,23.2,Sunny
Chhattisgarh,Durg,2021-03-01,38.9,6.3,43.8,Clear
Maharashtra,Aurangabad,2021-03-01,33.2,6.5,22.2,Sunny
Delhi (NCT),New Delhi,2021-03-01,38.9,6.3,43.8,Clear
Goa,Panaji,2021-02-28,8.3,0.3,51.9,Clear
Haryana,Gurugram,2021-02-28,21.9,3.1,49.3,Clear
Maharashtra,Mumbai,2021-02-28,22.4,5.4,32.7,Sunny
Rajasthan,Kota,2021-02-28,17.2,4.7,61.7,Sunny
Punjab,Ludhiana,2021-02-27,8.2,5.6,35.6,Cloudy
Tamil Nadu,Chennai,2021-02-26,10.8,1.9,56.2,Sunny
Uttarakhand,Nainital,2021-02-26,8.6,3.3,54.9,Cloudy
Gujarat,Rajkot,2021-02-25,18.3,5.8,62.8,Clear
Andhra Pradesh,Tirupati,2021-02-24,12.8,1.2,42.0,Sunny
Jharkhand,Dhanbad,2021-02-24,24.6,5.8,52.0,Cloudy
Nagaland,Kohima,2021-02-24,23.6,3.0,33.0,Sunny
Tamil Nadu,Coimbatore,2021-02-24,8.1,2.8,54.4,Foggy
Uttar Pradesh,Lucknow,2021-02-23,13.4,0.0,59.7,Cloudy
Delhi (NCT),Rohini,2021-02-23,10.9,0.2,38.3,Foggy
Haryana,Panipat,2021-02-22,8.8,6.2,36.2,Sunny
Madhya Pradesh,Gwalior,2021-02-22,18.7,5.3,65.0,Clear
Mizoram,Aizawl,2021-02-22,19.4,6.9,63.9,Cloudy
Sikkim,Gangtok,2021-02-21,17.3,4.8,61.8,Foggy
Uttar Pradesh,Kanpur,2021-02-21,19.8,4.6,48.1,Cloudy
Jammu and Kashmir,Srinagar,2021-02-21,18.1,0.2,30.2,Foggy
Jharkhand,Jamshedpur,2021-02-20,25.1,1.8,53.4,Clear
West Bengal,Siliguri,2021-02-20,17.7,2.5,46.0,Foggy
Punjab,Chandigarh,2021-02-18,8.8,8.0,54.2,Sunny
Telangana,Warangal,2021-02-18,19.9,2.9,30.2,Clear
Gujarat,Ahmedabad,2021-02-17,24.7,5.9,52.1,Clear
Meghalaya,Shillong,2021-02-17,21.5,4.5,31.8,Clear
Uttar Pradesh,Varanasi,2021-02-16,20.9,7.5,32.1,Foggy
Assam,Silchar,2021-02-15,22.7,0.3,49.2,Clear
Haryana,Faridabad,2021-02-15,24.2,5.4,51.6,Cloudy
Karnataka,Mangaluru,2021-02-15,14.6,7.5,42.9,Cloudy
Uttarakhand,Haridwar,2021-02-15,25.7,2.4,54.0,Foggy
Andhra Pradesh,Guntur,2021-02-14,9.3,4.0,55.6,Foggy
Gujarat,Surat,2021-02-13,25.9,3.5,52.4,Clear
Odisha,Cuttack,2021-02-13,15.3,2.8,59.8,Foggy
Delhi (NCT),Dwarka,2021-02-13,8.4,5.8,35.8,Sunny
West Bengal,Darjeeling,2021-02-12,16.2,2.8,62.5,Cloudy
Rajasthan,Jaipur,2021-02-11,19.5,0.7,46.9,Clear
Rajasthan,Udaipur,2021-02-11,12.6,3.7,58.0,Cloudy
Andhra Pradesh,Visakhapatnam,2021-02-10,25.6,1.4,55.7,Sunny
Tamil Nadu,Madurai,2021-02-10,10.5,1.6,55.9,Foggy
Kerala,Kochi,2021-02-09,9.6,3.4,36.1,Sunny
Maharashtra,Pune,2021-02-09,19.0,0.2,46.4,Cloudy
Tripura,Agartala,2021-02-09,19.0,0.2,46.4,Cloudy
Uttar Pradesh,Noida,2021-02-09,23.2,6.2,33.5,Sunny
Bihar,Bhagalpur,2021-02-08,23.3,2.7,32.7,Foggy
Assam,Dibrugarh,2021-02-07,24.9,4.3,34.3,Foggy
Kerala,Thiruvananthapuram,2021-02-07,8.2,0.2,38.3,Cloudy
Arunachal Pradesh,Naharlagun,2021-02-06,24.6,0.4,54.7,Cloudy
Assam,Guwahati,2021-02-06,15.4,2.9,59.9,Cloudy
Goa,Margao,2021-02-06,24.5,6.6,50.1,Foggy
Andhra Pradesh,Vijayawada,2021-02-05,10.4,0.6,57.6,Sunny
Karnataka,Mysuru,2021-02-05,21.7,2.9,49.1,Foggy
Bihar,Patna,2021-02-04,17.1,1.0,60.7,Clear
Chhattisgarh,Raipur,2021-02-03,15.3,0.1,43.6,Foggy
Himachal Pradesh,Manali,2021-02-03,23.2,1.7,34.4,Sunny
Maharashtra,Nagpur,2021-02-03,21.7,4.7,32.0,Foggy
Tamil Nadu,Tiruchirappalli,2021-02-03,25.2,7.3,37.3,Sunny
Bihar,Gaya,2021-02-02,23.5,5.6,49.1,Clear
Karnataka,Hubballi,2021-02-01,17.5,0.5,62.9,Clear
Kerala,Kozhikode,2021-02-01,17.0,6.3,44.4,Cloudy
Rajasthan,Jodhpur,2021-01-31,11.7,2.8,57.1,Foggy
Madhya Pradesh,Bhopal,2021-01-30,21.7,6.5,50.0,Foggy
Manipur,Imphal,2021-01-30,15.5,3.0,60.0,Clear
West Bengal,Kolkata,2021-01-30,20.7,3.7,31.0,Clear
Uttarakhand,Dehradun,2021-01-29,23.3,0.0,51.6,Foggy
West Bengal,Howrah,2021-01-29,11.2,2.3,56.6,Sunny
Jammu and Kashmir,Jammu,2021-01-29,20.1,6.7,31.3,Foggy
Punjab,Amritsar,2021-01-28,8.1,5.5,35.5,Foggy
Uttar Pradesh,Agra,2021-01-27,10.7,1.8,56.1,Clear
Himachal Pradesh,Dharamshala,2021-01-26,20.0,3.9,50.1,Sunny
Madhya Pradesh,Indore,2021-01-25,22.3,7.1,50.6,Clear
Chhattisgarh,Bilaspur,2021-01-24,17.0,3.6,63.3,Cloudy
Maharashtra,Nashik,2021-01-24,19.2,2.2,64.6,Sunny
Odisha,Bhubaneswar,2021-01-24,19.2,2.2,64.6,Sunny
Odisha,Rourkela,2021-01-24,25.1,4.5,34.5,Clear
Chhattisgarh,Durg,2021-01-23,9.7,0.8,55.1,Foggy
Maharashtra,Aurangabad,2021-01-23,22.3,0.8,33.5,Clear
Delhi (NCT),New Delhi,2021-01-23,9.7,0.8,55.1,Foggy
Goa,Panaji,2021-01-22,22.6,4.7,48.2,Cloudy
Haryana,Gurugram,2021-01-22,18.2,7.5,45.6,Cloudy
Maharashtra,Mumbai,2021-01-22,18.7,1.7,64.1,Clear
Rajasthan,Kota,2021-01-22,13.5,1.0,58.0,Clear
Punjab,Ludhiana,2021-01-21,22.5,1.9,31.9,Foggy
Tamil Nadu,Chennai,2021-01-20,25.1,6.3,52.5,Clear
Uttarakhand,Nainital,2021-01-20,22.9,7.7,51.2,Foggy
Gujarat,Rajkot,2021-01-19,14.6,2.1,59.1,Cloudy
Andhra Pradesh,Tirupati,2021-01-18,9.1,5.6,38.3,Clear
Jharkhand,Dhanbad,2021-01-18,20.9,2.1,48.3,Foggy
Nagaland,Kohima,2021-01-18,19.9,7.4,64.4,Clear
Tamil Nadu,Coimbatore,2021-01-18,22.4,7.2,50.7,Sunny
Uttar Pradesh,Lucknow,2021-01-17,9.7,4.4,56.0,Foggy
Delhi (NCT),Rohini,2021-01-17,25.2,4.6,34.6,Sunny
Haryana,Panipat,2021-01-16,23.1,2.5,32.5,Clear
Madhya Pradesh,Gwalior,2021-01-16,15.0,1.6,61.3,Cloudy
Mizoram,Aizawl,2021-01-16,15.7,3.2,60.2,Foggy
Sikkim,Gangtok,2021-01-15,13.6,1.1,58.1,Sunny
Uttar Pradesh,Kanpur,2021-01-15,16.1,0.9,44.4,Foggy
Jammu and Kashmir,Srinagar,2021-01-15,14.4,4.6,61.6,Sunny
Jharkhand,Jamshedpur,2021-01-14,21.4,6.2,49.7,Cloudy
West Bengal,Siliguri,2021-01-14,14.0,6.9,42.3,Sunny
Punjab,Chandigarh,2021-01-12,23.1,4.3,50.5,Clear
Telangana,Warangal,2021-01-12,16.2,7.3,61.6,Cloudy
Gujarat,Ahmedabad,2021-01-11,21.0,2.2,48.4,Cloudy
Meghalaya,Shillong,2021-01-11,17.8,0.8,63.2,Cloudy
Uttar Pradesh,Varanasi,2021-01-10,17.2,3.8,63.5,Sunny
Assam,Silchar,2021-01-09,19.0,4.7,45.5,Cloudy
Haryana,Faridabad,2021-01-09,20.5,1.7,47.9,Foggy
Karnataka,Mangaluru,2021-01-09,10.9,3.8,39.2,Foggy
Uttarakhand,Haridwar,2021-01-09,22.0,6.8,50.3,Sunny
Andhra Pradesh,Guntur,2021-01-08,23.6,0.3,51.9,Sunny
Gujarat,Surat,2021-01-07,22.2,7.9,48.7,Cloudy
Odisha,Cuttack,2021-01-07,11.6,7.2,56.1,Sunny
Delhi (NCT),Dwarka,2021-01-07,22.7,2.1,32.1,Clear
West Bengal,Darjeeling,2021-01-06,12.5,7.2,58.8,Foggy
Rajasthan,Jaipur,2021-01-05,15.8,5.1,43.2,Cloudy
Rajasthan,Udaipur,2021-01-05,8.9,0.0,54.3,Foggy
Andhra Pradesh,Visakhapatnam,2021-01-04,21.9,5.8,52.0,Clear
Tamil Nadu,Madurai,2021-01-04,24.8,6.0,52.2,Sunny
Kerala,Kochi,2021-01-03,23.9,7.8,32.4,Clear
Maharashtra,Pune,2021-01-03,15.3,4.6,42.7,Foggy
Tripura,Agartala,2021-01-03,15.3,4.6,42.7,Foggy
Uttar Pradesh,Noida,2021-01-03,19.5,2.5,64.9,Clear
Bihar,Bhagalpur,2021-01-02,19.6,7.1,64.1,Sunny
Gujarat,Vadodara,2021-01-02,13.2,2.5,40.6,Sunny
Assam,Dibrugarh,2021-01-01,21.2,0.6,30.6,Sunny
Kerala,Thiruvananthapuram,2021-01-01,22.5,4.6,34.6,Foggy
Arunachal Pradesh,Naharlagun,2020-12-31,20.9,4.8,51.0,Foggy
Assam,Guwahati,2020-12-31,11.7,7.3,56.2,Foggy
Goa,Margao,2020-12-31,20.8,2.9,46.4,Sunny
Andhra Pradesh,Vijayawada,2020-12-30,24.7,5.0,53.9,Clear
Karnataka,Mysuru,2020-12-30,18.0,7.3,45.4,Sunny
Bihar,Patna,2020-12-29,13.4,5.4,57.0,Cloudy
Chhattisgarh,Raipur,2020-12-28,11.6,4.5,39.9,Sunny
Himachal Pradesh,Manali,2020-12-28,19.5,6.1,30.7,Clear
Maharashtra,Nagpur,2020-12-28,18.0,1.0,63.4,Sunny
Tamil Nadu,Tiruchirappalli,2020-12-28,21.5,3.6,33.6,Clear
Bihar,Gaya,2020-12-27,19.8,1.9,45.4,Cloudy
Karnataka,Hubballi,2020-12-26,13.8,4.9,59.2,Cloudy
Kerala,Kozhikode,2020-12-26,13.3,2.6,40.7,Foggy
Rajasthan,Jodhpur,2020-12-25,8.0,7.2,53.4,Sunny
Madhya Pradesh,Bhopal,2020-12-24,18.0,2.8,46.3,Sunny
Manipur,Imphal,2020-12-24,11.8,7.4,56.3,Cloudy
West Bengal,Kolkata,2020-12-24,17.0,0.0,62.4,Cloudy
Uttarakhand,Dehradun,2020-12-23,19.6,4.4,47.9,Sunny
West Bengal,Howrah,2020-12-23,25.5,6.7,52.9,Clear
Jammu and Kashmir,Jammu,2020-12-23,16.4,3.0,62.7,Sunny
Punjab,Amritsar,2020-12-22,22.4,1.8,31.8,Sunny
Uttar Pradesh,Agra,2020-12-21,25.0,6.2,52.4,Cloudy
Himachal Pradesh,Dharamshala,2020-12-20,16.3,0.2,46.4,Clear
Madhya Pradesh,Indore,2020-12-19,18.6,3.4,46.9,Cloudy
Chhattisgarh,Bilaspur,2020-12-18,13.3,8.0,59.6,Foggy
Maharashtra,Nashik,2020-12-18,15.5,6.6,60.9,Clear
Odisha,Bhubaneswar,2020-12-18,15.5,6.6,60.9,Clear
Odisha,Rourkela,2020-12-18,21.4,0.8,30.8,Cloudy
Chhattisgarh,Durg,2020-12-17,24.0,5.2,51.4,Sunny
Delhi (NCT),New Delhi,2020-12-17,24.0,5.2,51.4,Sunny
Goa,Panaji,2020-12-16,18.9,1.0,44.5,Foggy
Haryana,Gurugram,2020-12-16,14.5,3.8,41.9,Foggy
Maharashtra,Mumbai,2020-12-16,15.0,6.1,60.4,Cloudy
Rajasthan,Kota,2020-12-16,9.8,5.4,54.3,Cloudy
Punjab,Ludhiana,2020-12-15,18.8,6.3,63.3,Sunny
Tamil Nadu,Chennai,2020-12-14,21.4,2.6,48.8,Cloudy
Uttarakhand,Nainital,2020-12-14,19.2,4.0,47.5,Sunny
Gujarat,Rajkot,2020-12-13,10.9,6.5,55.4,Foggy
Andhra Pradesh,Tirupati,2020-12-12,23.4,1.9,34.6,Cloudy
Jharkhand,Dhanbad,2020-12-12,17.2,6.5,44.6,Sunny
Nagaland,Kohima,2020-12-12,16.2,3.7,60.7,Cloudy
Tamil Nadu,Coimbatore,2020-12-12,18.7,3.5,47.0,Clear
Uttar Pradesh,Lucknow,2020-12-11,24.0,0.7,52.3,Sunny
Delhi (NCT),Rohini,2020-12-11,21.5,0.9,30.9,Clear
Haryana,Panipat,2020-12-10,19.4,6.9,63.9,Cloudy
Madhya Pradesh,Gwalior,2020-12-10,11.3,6.0,57.6,Foggy
Mizoram,Aizawl,2020-12-10,12.0,7.6,56.5,Sunny
Sikkim,Gangtok,2020-12-09,9.9,5.5,54.4,Clear
Uttar Pradesh,Kanpur,2020-12-09,12.4,5.3,40.7,Sunny
Jammu and Kashmir,Srinagar,2020-12-09,10.7,0.9,57.9,Clear
Jharkhand,Jamshedpur,2020-12-08,17.7,2.5,46.0,Foggy
West Bengal,Siliguri,2020-12-08,10.3,3.2,38.6,Clear
Punjab,Chandigarh,2020-12-06,19.4,0.6,46.8,Cloudy
Telangana,Warangal,2020-12-06,12.5,3.6,57.9,Foggy
Gujarat,Ahmedabad,2020-12-05,17.3,6.6,44.7,Foggy
Meghalaya,Shillong,2020-12-05,14.1,5.2,59.5,Foggy
Uttar Pradesh,Varanasi,2020-12-04,13.5,0.1,59.8,Clear
Assam,Silchar,2020-12-03,15.3,1.0,41.8,Foggy
Haryana,Faridabad,2020-12-03,16.8,6.1,44.2,Sunny
Karnataka,Mangaluru,2020-12-03,25.2,0.1,35.5,Sunny
Uttarakhand,Haridwar,2020-12-03,18.3,3.1,46.6,Clear
Andhra Pradesh,Guntur,2020-12-02,19.9,4.7,48.2,Clear
Gujarat,Surat,2020-12-01,18.5,4.2,45.0,Foggy
Odisha,Cuttack,2020-12-01,25.9,3.5,52.4,Clear
Delhi (NCT),Dwarka,2020-12-01,19.0,6.5,63.5,Cloudy
West Bengal,Darjeeling,2020-11-30,23.9,11.1,70.1,Cloudy
Rajasthan,Jaipur,2020-11-29,18.5,10.6,49.5,Sunny
Rajasthan,Udaipur,2020-11-29,29.6,21.7,60.6,Cloudy
Andhra Pradesh,Visakhapatnam,2020-11-28,26.9,24.3,73.3,Clear
Tamil Nadu,Madurai,2020-11-28,27.5,19.6,58.5,Humid
Kerala,Kochi,2020-11-27,33.0,14.9,63.8,Clear
Maharashtra,Pune,2020-11-27,18.0,10.1,49.0,Cloudy
Tripura,Agartala,2020-11-27,18.0,10.1,49.0,Cloudy
Uttar Pradesh,Noida,2020-11-27,25.1,7.2,71.2,Clear
Bihar,Bhagalpur,2020-11-26,19.4,21.5,65.4,Humid
Gujarat,Vadodara,2020-11-26,31.0,8.0,46.9,Humid
Assam,Dibrugarh,2020-11-25,21.0,23.1,67.0,Humid
Kerala,Thiruvananthapuram,2020-11-25,24.6,6.9,55.9,Cloudy
Arunachal Pradesh,Naharlagun,2020-11-24,25.9,23.3,72.3,Cloudy
Assam,Guwahati,2020-11-24,26.6,13.6,57.5,Cloudy
Goa,Margao,2020-11-24,27.0,18.9,72.8,Humid
Andhra Pradesh,Vijayawada,2020-11-23,23.9,16.2,70.2,Clear
Karnataka,Mysuru,2020-11-23,20.7,12.8,51.7,Humid
Bihar,Patna,2020-11-22,22.5,4.4,53.3,Sunny
Chhattisgarh,Raipur,2020-11-21,20.1,17.3,51.2,Humid
Maharashtra,Nagpur,2020-11-21,23.6,5.7,69.7,Humid
Tamil Nadu,Tiruchirappalli,2020-11-21,23.6,5.9,54.9,Clear
Bihar,Gaya,2020-11-20,26.0,17.9,71.8,Sunny
Karnataka,Hubballi,2020-11-19,19.4,1.5,65.5,Sunny
Kerala,Kozhikode,2020-11-19,31.1,8.1,47.0,Cloudy
Rajasthan,Jodhpur,2020-11-18,28.7,20.8,59.7,Humid
Madhya Pradesh,Bhopal,2020-11-17,26.5,23.7,57.6,Humid
Manipur,Imphal,2020-11-17,26.7,13.7,57.6,Sunny
West Bengal,Kolkata,2020-11-17,22.6,4.7,68.7,Sunny
Karnataka,Bengaluru,2020-11-16,32.1,14.2,48.1,Cloudy
Uttarakhand,Dehradun,2020-11-16,28.1,0.2,59.2,Humid
West Bengal,Howrah,2020-11-16,28.2,20.3,59.2,Clear
Jammu and Kashmir,Jammu,2020-11-16,27.8,15.0,74.0,Humid
Punjab,Amritsar,2020-11-15,22.2,24.3,68.2,Humid
Uttar Pradesh,Agra,2020-11-14,27.7,19.8,58.7,Sunny
Himachal Pradesh,Dharamshala,2020-11-13,21.3,18.7,67.7,Clear
Madhya Pradesh,Indore,2020-11-12,27.1,24.3,58.2,Sunny
Chhattisgarh,Bilaspur,2020-11-11,24.7,11.9,70.9,Cloudy
Maharashtra,Nashik,2020-11-11,21.1,3.2,67.2,Clear
Odisha,Bhubaneswar,2020-11-11,21.1,3.2,67.2,Clear
Odisha,Rourkela,2020-11-11,21.2,23.3,67.2,Sunny
Chhattisgarh,Durg,2020-11-10,26.7,18.8,57.7,Humid
Delhi (NCT),New Delhi,2020-11-10,26.7,18.8,57.7,Humid
Goa,Panaji,2020-11-09,25.1,17.0,70.9,Cloudy
Haryana,Gurugram,2020-11-09,32.3,9.3,48.2,Cloudy
Maharashtra,Mumbai,2020-11-09,20.6,2.7,66.7,Sunny
Rajasthan,Kota,2020-11-09,24.7,11.7,55.6,Sunny
Punjab,Ludhiana,2020-11-08,18.6,20.7,64.6,Humid
Tamil Nadu,Chennai,2020-11-07,24.1,16.2,55.1,Sunny
Uttarakhand,Nainital,2020-11-07,27.7,24.9,58.8,Humid
Gujarat,Rajkot,2020-11-06,25.8,12.8,56.7,Cloudy
Andhra Pradesh,Tirupati,2020-11-05,19.7,22.0,50.9,Sunny
Jharkhand,Dhanbad,2020-11-05,19.9,12.0,50.9,Humid
Nagaland,Kohima,2020-11-05,31.1,18.1,62.0,Sunny
Tamil Nadu,Coimbatore,2020-11-05,27.2,24.4,58.3,Clear
Uttar Pradesh,Lucknow,2020-11-04,32.5,4.6,63.6,Humid
Delhi (NCT),Rohini,2020-11-04,21.3,23.4,67.3,Clear
Haryana,Panipat,2020-11-03,19.2,21.3,65.2,Sunny
Madhya Pradesh,Gwalior,2020-11-03,22.7,9.9,68.9,Cloudy
Mizoram,Aizawl,2020-11-03,26.9,13.9,57.8,Humid
Sikkim,Gangtok,2020-11-02,24.8,11.8,55.7,Clear
Uttar Pradesh,Kanpur,2020-11-02,20.9,18.1,52.0,Humid
Jammu and Kashmir,Srinagar,2020-11-02,27.9,20.2,74.2,Clear
Jharkhand,Jamshedpur,2020-11-01,26.2,23.4,57.3,Cloudy
West Bengal,Siliguri,2020-11-01,18.8,16.0,49.9,Clear
Ladakh,Leh,2020-11-01,23.1,15.0,68.9,Cloudy
Punjab,Chandigarh,2020-10-30,22.1,14.2,53.1,Sunny
Telangana,Warangal,2020-10-30,18.1,0.2,64.2,Cloudy
Gujarat,Ahmedabad,2020-10-29,20.0,12.1,51.0,Cloudy
Meghalaya,Shillong,2020-10-29,19.7,1.8,65.8,Cloudy
Uttar Pradesh,Varanasi,2020-10-28,24.9,12.1,71.1,Clear
Assam,Silchar,2020-10-27,27.3,24.3,73.2,Cloudy
Haryana,Faridabad,2020-10-27,19.5,11.6,50.5,Humid
Karnataka,Mangaluru,2020-10-27,30.8,12.9,46.8,Humid
Uttarakhand,Haridwar,2020-10-27,26.8,24.0,57.9,Clear
Andhra Pradesh,Guntur,2020-10-26,28.4,0.5,59.5,Clear
Gujarat,Surat,2020-10-25,30.5,2.4,46.3,Cloudy
Odisha,Cuttack,2020-10-25,22.8,9.8,53.7,Clear
Delhi (NCT),Dwarka,2020-10-25,18.8,20.9,64.8,Sunny
West Bengal,Darjeeling,2020-10-24,20.2,7.4,66.4,Humid
Rajasthan,Jaipur,2020-10-23,29.9,6.9,45.8,Cloudy
Rajasthan,Udaipur,2020-10-23,25.9,18.0,56.9,Humid
Andhra Pradesh,Visakhapatnam,2020-10-22,23.2,20.6,69.6,Sunny
Tamil Nadu,Madurai,2020-10-22,23.8,15.9,54.8,Clear
Kerala,Kochi,2020-10-21,29.3,11.2,60.1,Sunny
Maharashtra,Pune,2020-10-21,29.4,6.4,45.3,Humid
Tripura,Agartala,2020-10-21,29.4,6.4,45.3,Humid
Uttar Pradesh,Noida,2020-10-21,21.4,3.5,67.5,Sunny
Bihar,Bhagalpur,2020-10-20,30.8,17.8,61.7,Clear
Gujarat,Vadodara,2020-10-20,27.3,4.3,73.3,Clear
Assam,Dibrugarh,2020-10-19,32.4,19.4,63.3,Clear
Kerala,Thiruvananthapuram,2020-10-19,20.9,3.2,52.2,Humid
Arunachal Pradesh,Naharlagun,2020-10-18,22.2,19.6,68.6,Humid
Assam,Guwahati,2020-10-18,22.9,9.9,53.8,Humid
Goa,Margao,2020-10-18,23.3,15.2,69.1,Clear
Andhra Pradesh,Vijayawada,2020-10-17,20.2,12.5,66.5,Sunny
Karnataka,Mysuru,2020-10-17,32.1,9.1,48.0,Clear
Bihar,Patna,2020-10-16,18.8,0.7,49.6,Cloudy
Chhattisgarh,Raipur,2020-10-15,31.5,13.6,47.5,Clear
Maharashtra,Nagpur,2020-10-15,19.9,2.0,66.0,Clear
Tamil Nadu,Tiruchirappalli,2020-10-15,19.9,2.2,51.2,Sunny
Bihar,Gaya,2020-10-14,22.3,14.2,68.1,Cloudy
Karnataka,Hubballi,2020-10-13,30.8,22.9,61.8,Cloudy
Kerala,Kozhikode,2020-10-13,27.4,4.4,73.4,Humid
Rajasthan,Jodhpur,2020-10-12,25.0,17.1,56.0,Clear
Madhya Pradesh,Bhopal,2020-10-11,22.8,20.0,53.9,Clear
Manipur,Imphal,2020-10-11,23.0,10.0,53.9,Cloudy
West Bengal,Kolkata,2020-10-11,18.9,1.0,65.0,Cloudy
Karnataka,Bengaluru,2020-10-10,28.4,10.5,74.5,Humid
Uttarakhand,Dehradun,2020-10-10,24.4,21.6,55.5,Clear
West Bengal,Howrah,2020-10-10,24.5,16.6,55.5,Sunny
Jammu and Kashmir,Jammu,2020-10-10,24.1,11.3,70.3,Clear
Punjab,Amritsar,2020-10-09,18.5,20.6,64.5,Clear
Uttar Pradesh,Agra,2020-10-08,24.0,16.1,55.0,Cloudy
Himachal Pradesh,Dharamshala,2020-10-07,32.7,15.0,64.0,Sunny
Madhya Pradesh,Indore,2020-10-06,23.4,20.6,54.5,Cloudy
Chhattisgarh,Bilaspur,2020-10-05,21.0,8.2,67.2,Humid
Maharashtra,Nashik,2020-10-05,32.5,24.6,63.5,Sunny
Odisha,Bhubaneswar,2020-10-05,32.5,24.6,63.5,Sunny
Odisha,Rourkela,2020-10-05,32.6,19.6,63.5,Cloudy
Chhattisgarh,Durg,2020-10-04,23.0,15.1,54.0,Clear
Delhi (NCT),New Delhi,2020-10-04,23.0,15.1,54.0,Clear
Goa,Panaji,2020-10-03,21.4,13.3,67.2,Humid
Haryana,Gurugram,2020-10-03,28.6,5.6,74.6,Humid
Maharashtra,Mumbai,2020-10-03,32.0,24.1,63.0,Cloudy
Rajasthan,Kota,2020-10-03,21.0,8.0,51.9,Cloudy
Punjab,Ludhiana,2020-10-02,30.0,17.0,60.9,Clear
Tamil Nadu,Chennai,2020-10-01,20.4,12.5,51.4,Cloudy
Uttarakhand,Nainital,2020-10-01,24.0,21.2,55.1,Clear
Gujarat,Rajkot,2020-09-30,33.8,118.8,73.0,Heavy Rain
Andhra Pradesh,Tirupati,2020-09-29,29.5,38.2,67.2,Rainy
Jharkhand,Dhanbad,2020-09-29,24.8,143.1,67.2,Stormy
Nagaland,Kohima,2020-09-29,28.0,124.1,78.3,Rainy
Tamil Nadu,Coimbatore,2020-09-29,29.0,15.5,74.6,Cloudy
Uttar Pradesh,Lucknow,2020-09-28,23.2,20.8,79.9,Stormy
Delhi (NCT),Rohini,2020-09-28,33.3,129.4,83.6,Cloudy
Haryana,Panipat,2020-09-27,31.2,127.3,81.5,Rainy
Madhya Pradesh,Gwalior,2020-09-27,28.5,26.1,85.2,Heavy Rain
Mizoram,Aizawl,2020-09-27,23.8,119.9,74.1,Stormy
Sikkim,Gangtok,2020-09-26,32.8,117.8,72.0,Cloudy
Uttar Pradesh,Kanpur,2020-09-26,33.8,174.3,68.3,Stormy
Jammu and Kashmir,Srinagar,2020-09-26,30.6,61.5,90.5,Cloudy
Jharkhand,Jamshedpur,2020-09-25,28.0,179.6,73.6,Heavy Rain
West Bengal,Siliguri,2020-09-25,31.7,172.2,66.2,Cloudy
Ladakh,Leh,2020-09-25,30.2,70.8,85.2,Heavy Rain
Punjab,Chandigarh,2020-09-23,27.0,145.3,69.4,Rainy
Telangana,Warangal,2020-09-23,27.0,156.4,80.5,Heavy Rain
Gujarat,Ahmedabad,2020-09-22,24.9,143.2,67.3,Heavy Rain
Meghalaya,Shillong,2020-09-22,28.6,158.0,82.1,Heavy Rain
Uttar Pradesh,Varanasi,2020-09-21,30.7,28.3,87.4,Cloudy
Assam,Silchar,2020-09-20,31.3,105.2,89.5,Heavy Rain
Haryana,Faridabad,2020-09-20,24.4,142.7,66.8,Stormy
Karnataka,Mangaluru,2020-09-20,28.6,169.1,93.2,Stormy
Nagaland,Dimapur,2020-09-20,28.1,135.3,89.5,Rainy
Uttarakhand,Haridwar,2020-09-20,28.6,15.1,74.2,Cloudy
Andhra Pradesh,Guntur,2020-09-19,30.2,16.7,75.8,Cloudy
Gujarat,Surat,2020-09-18,23.4,108.4,92.7,Heavy Rain
Odisha,Cuttack,2020-09-18,30.8,115.8,70.0,Cloudy
Delhi (NCT),Dwarka,2020-09-18,30.8,126.9,81.1,Rainy
West Bengal,Darjeeling,2020-09-17,26.0,23.6,82.7,Stormy
Rajasthan,Jaipur,2020-09-16,30.8,138.0,92.2,Heavy Rain
Rajasthan,Udaipur,2020-09-16,30.8,149.1,73.2,Stormy
Andhra Pradesh,Visakhapatnam,2020-09-15,33.9,87.0,85.9,Rainy
Tamil Nadu,Madurai,2020-09-15,28.7,147.0,71.1,Cloudy
Kerala,Kochi,2020-09-14,29.3,92.1,76.4,Rainy
Maharashtra,Pune,2020-09-14,30.3,137.5,91.7,Stormy
Tripura,Agartala,2020-09-14,30.3,137.5,91.7,Stormy
Uttar Pradesh,Noida,2020-09-14,30.3,159.7,83.8,Rainy
Bihar,Bhagalpur,2020-09-13,27.7,123.8,78.0,Cloudy
Gujarat,Vadodara,2020-09-13,28.2,135.4,89.6,Cloudy
Assam,Dibrugarh,2020-09-12,29.3,125.4,79.6,Cloudy
Kerala,Thiruvananthapuram,2020-09-12,27.6,69.6,68.5,Stormy
Arunachal Pradesh,Naharlagun,2020-09-11,32.9,86.0,84.9,Stormy
Assam,Guwahati,2020-09-11,30.9,115.9,70.1,Stormy
Goa,Margao,2020-09-11,30.4,71.0,85.4,Cloudy
Andhra Pradesh,Vijayawada,2020-09-10,34.0,53.8,82.8,Rainy
Karnataka,Mysuru,2020-09-10,33.0,140.2,94.4,Cloudy
Bihar,Patna,2020-09-09,29.9,81.6,65.9,Heavy Rain
Chhattisgarh,Raipur,2020-09-08,29.3,169.8,93.9,Cloudy
Maharashtra,Nagpur,2020-09-08,28.8,158.2,82.3,Cloudy
Tamil Nadu,Tiruchirappalli,2020-09-08,26.6,68.6,67.5,Rainy
Bihar,Gaya,2020-09-07,29.4,70.0,84.4,Heavy Rain
Karnataka,Hubballi,2020-09-06,24.6,154.0,78.1,Heavy Rain
Kerala,Kozhikode,2020-09-06,28.3,135.5,89.7,Stormy
Rajasthan,Jodhpur,2020-09-05,29.9,148.2,72.3,Cloudy
Madhya Pradesh,Bhopal,2020-09-04,24.6,176.2,70.2,Cloudy
Manipur,Imphal,2020-09-04,31.0,116.0,70.2,Heavy Rain
West Bengal,Kolkata,2020-09-04,27.8,157.2,81.3,Heavy Rain
Karnataka,Bengaluru,2020-09-03,26.2,166.7,90.8,Stormy
Uttarakhand,Dehradun,2020-09-03,26.2,177.8,71.8,Cloudy
West Bengal,Howrah,2020-09-03,29.4,147.7,71.8,Rainy
Jammu and Kashmir,Jammu,2020-09-03,29.9,27.5,86.6,Cloudy
Punjab,Amritsar,2020-09-02,30.5,126.6,80.8,Cloudy
Uttar Pradesh,Agra,2020-09-01,28.9,147.2,71.3,Heavy Rain
Himachal Pradesh,Dharamshala,2020-08-31,28.3,81.4,80.3,Rainy
Madhya Pradesh,Indore,2020-08-30,25.2,176.8,70.8,Heavy Rain
Chhattisgarh,Bilaspur,2020-08-29,26.8,24.4,83.5,Stormy
Maharashtra,Nashik,2020-08-29,26.3,155.7,79.8,Rainy
Odisha,Bhubaneswar,2020-08-29,26.3,155.7,79.8,Rainy
Odisha,Rourkela,2020-08-29,29.5,125.6,79.8,Heavy Rain
Chhattisgarh,Durg,2020-08-28,27.9,146.2,70.3,Cloudy
Delhi (NCT),New Delhi,2020-08-28,27.9,146.2,70.3,Cloudy
Goa,Panaji,2020-08-27,28.5,69.1,83.5,Stormy
Haryana,Gurugram,2020-08-27,29.5,136.7,90.9,Stormy
Maharashtra,Mumbai,2020-08-27,25.8,155.2,79.3,Heavy Rain
Rajasthan,Kota,2020-08-27,29.0,114.0,68.2,Heavy Rain
Punjab,Ludhiana,2020-08-26,26.9,123.0,77.2,Cloudy
Tamil Nadu,Chennai,2020-08-25,25.3,143.6,67.7,Heavy Rain
Uttarakhand,Nainital,2020-08-25,25.8,177.4,71.4,Cloudy
Gujarat,Rajkot,2020-08-24,30.1,115.1,69.3,Stormy
Andhra Pradesh,Tirupati,2020-08-23,25.8,34.5,93.6,Heavy Rain
Jharkhand,Dhanbad,2020-08-23,32.2,139.4,93.6,Cloudy
Nagaland,Kohima,2020-08-23,24.3,120.4,74.6,Heavy Rain
Tamil Nadu,Coimbatore,2020-08-23,25.3,176.9,70.9,Rainy
Uttar Pradesh,Lucknow,2020-08-22,30.6,17.1,76.2,Cloudy
Delhi (NCT),Rohini,2020-08-22,29.6,125.7,79.9,Rainy
Haryana,Panipat,2020-08-21,27.5,123.6,77.8,Heavy Rain
Madhya Pradesh,Gwalior,2020-08-21,24.8,22.4,81.5,Stormy
Mizoram,Aizawl,2020-08-21,31.2,116.2,70.4,Cloudy
Sikkim,Gangtok,2020-08-20,29.1,114.1,68.3,Rainy
Uttar Pradesh,Kanpur,2020-08-20,30.1,170.6,94.7,Cloudy
Jammu and Kashmir,Srinagar,2020-08-20,26.9,57.8,86.8,Rainy
Ladakh,Kargil,2020-08-20,25.4,99.3,83.6,Rainy
Jharkhand,Jamshedpur,2020-08-19,24.3,175.9,69.9,Stormy
West Bengal,Siliguri,2020-08-19,28.0,168.5,92.6,Rainy
Ladakh,Leh,2020-08-19,26.5,67.1,81.5,Stormy
Punjab,Chandigarh,2020-08-17,23.3,141.6,65.7,Heavy Rain
Telangana,Warangal,2020-08-17,23.3,152.7,76.8,Stormy
Gujarat,Ahmedabad,2020-08-16,32.3,139.5,93.7,Stormy
Meghalaya,Shillong,2020-08-16,24.9,154.3,78.4,Stormy
Uttar Pradesh,Varanasi,2020-08-15,27.0,24.6,83.7,Rainy
Assam,Silchar,2020-08-14,27.6,101.5,85.8,Stormy
Haryana,Faridabad,2020-08-14,31.8,139.0,93.2,Cloudy
Karnataka,Mangaluru,2020-08-14,24.9,165.4,89.5,Cloudy
Nagaland,Dimapur,2020-08-14,24.4,131.6,85.8,Heavy Rain
Uttarakhand,Haridwar,2020-08-14,24.9,176.5,70.5,Rainy
Andhra Pradesh,Guntur,2020-08-13,26.5,178.1,72.1,Rainy
Gujarat,Surat,2020-08-12,30.8,104.7,89.0,Stormy
Odisha,Cuttack,2020-08-12,27.1,112.1,66.3,Rainy
Punjab,Jalandhar,2020-08-12,23.9,131.1,85.3,Stormy
Delhi (NCT),Dwarka,2020-08-12,27.1,123.2,77.4,Heavy Rain
West Bengal,Darjeeling,2020-08-11,33.4,19.9,79.0,Cloudy
Rajasthan,Jaipur,2020-08-10,27.1,134.3,88.5,Stormy
Rajasthan,Udaipur,2020-08-10,27.1,145.4,69.5,Cloudy
Andhra Pradesh,Visakhapatnam,2020-08-09,30.2,83.3,82.2,Heavy Rain
Tamil Nadu,Madurai,2020-08-09,25.0,143.3,67.4,Rainy
Kerala,Kochi,2020-08-08,25.6,88.4,72.7,Heavy Rain
Maharashtra,Pune,2020-08-08,26.6,133.8,88.0,Cloudy
Tripura,Agartala,2020-08-08,26.6,133.8,88.0,Cloudy
Uttar Pradesh,Noida,2020-08-08,26.6,156.0,80.1,Heavy Rain
Bihar,Bhagalpur,2020-08-07,24.0,120.1,74.3,Rainy
Gujarat,Vadodara,2020-08-07,24.5,131.7,85.9,Rainy
Assam,Dibrugarh,2020-08-06,25.6,121.7,75.9,Rainy
Kerala,Thiruvananthapuram,2020-08-06,23.9,65.9,94.9,Cloudy
Arunachal Pradesh,Naharlagun,2020-08-05,29.2,82.3,81.2,Cloudy
Assam,Guwahati,2020-08-05,27.2,112.2,66.4,Cloudy
Goa,Margao,2020-08-05,26.7,67.3,81.7,Rainy
Andhra Pradesh,Vijayawada,2020-08-04,30.3,50.1,79.1,Heavy Rain
Karnataka,Mysuru,2020-08-04,29.3,136.5,90.7,Rainy
Bihar,Patna,2020-08-03,26.2,77.9,92.3,Stormy
Chhattisgarh,Raipur,2020-08-02,25.6,166.1,90.2,Rainy
Maharashtra,Nagpur,2020-08-02,25.1,154.5,78.6,Rainy
Tamil Nadu,Tiruchirappalli,2020-08-02,34.0,64.9,93.9,Heavy Rain
Bihar,Gaya,2020-08-01,25.7,66.3,80.7,Stormy
Karnataka,Hubballi,2020-07-31,32.0,150.3,74.4,Stormy
Kerala,Kozhikode,2020-07-31,24.6,131.8,86.0,Cloudy
Rajasthan,Jodhpur,2020-07-30,26.2,144.5,68.6,Rainy
Madhya Pradesh,Bhopal,2020-07-29,32.0,172.5,66.5,Rainy
Manipur,Imphal,2020-07-29,27.3,112.3,66.5,Stormy
West Bengal,Kolkata,2020-07-29,24.1,153.5,77.6,Stormy
Karnataka,Bengaluru,2020-07-28,33.6,163.0,87.1,Cloudy
Uttarakhand,Dehradun,2020-07-28,33.6,174.1,68.1,Rainy
West Bengal,Howrah,2020-07-28,25.7,144.0,68.1,Heavy Rain
Jammu and Kashmir,Jammu,2020-07-28,26.2,23.8,82.9,Rainy
Punjab,Amritsar,2020-07-27,26.8,122.9,77.1,Rainy
Uttar Pradesh,Agra,2020-07-26,25.2,143.5,67.6,Stormy
Himachal Pradesh,Dharamshala,2020-07-25,24.6,77.7,76.6,Heavy Rain
Madhya Pradesh,Indore,2020-07-24,32.6,173.1,67.1,Stormy
Chhattisgarh,Bilaspur,2020-07-23,23.1,20.7,79.8,Cloudy
Maharashtra,Nashik,2020-07-23,33.7,152.0,76.1,Heavy Rain
Odisha,Bhubaneswar,2020-07-23,33.7,152.0,76.1,Heavy Rain
Odisha,Rourkela,2020-07-23,25.8,121.9,76.1,Stormy
Chhattisgarh,Durg,2020-07-22,24.2,142.5,66.6,Rainy
Delhi (NCT),New Delhi,2020-07-22,24.2,142.5,66.6,Rainy
Goa,Panaji,2020-07-21,24.8,65.4,79.8,Cloudy
Haryana,Gurugram,2020-07-21,25.8,133.0,87.2,Cloudy
Maharashtra,Mumbai,2020-07-21,33.2,151.5,75.6,Stormy
Rajasthan,Kota,2020-07-21,25.3,110.3,94.6,Stormy
Punjab,Ludhiana,2020-07-20,23.2,119.3,73.5,Rainy
Tamil Nadu,Chennai,2020-07-19,32.7,139.9,94.1,Stormy
Uttarakhand,Nainital,2020-07-19,33.2,173.7,67.7,Rainy
Gujarat,Rajkot,2020-07-18,26.4,111.4,65.6,Cloudy
Andhra Pradesh,Tirupati,2020-07-17,33.2,30.8,89.9,Stormy
Jharkhand,Dhanbad,2020-07-17,28.5,135.7,89.9,Rainy
Nagaland,Kohima,2020-07-17,31.7,116.7,70.9,Stormy
Tamil Nadu,Coimbatore,2020-07-17,32.7,173.2,67.2,Heavy Rain
Uttar Pradesh,Lucknow,2020-07-16,26.9,178.5,72.5,Rainy
Delhi (NCT),Rohini,2020-07-16,25.9,122.0,76.2,Heavy Rain
Haryana,Panipat,2020-07-15,23.8,119.9,74.1,Stormy
Madhya Pradesh,Gwalior,2020-07-15,32.2,18.7,77.8,Cloudy
Mizoram,Aizawl,2020-07-15,27.5,112.5,66.7,Rainy
Sikkim,Gangtok,2020-07-14,25.4,110.4,94.7,Heavy Rain
Uttar Pradesh,Kanpur,2020-07-14,26.4,166.9,91.0,Rainy
Jammu and Kashmir,Srinagar,2020-07-14,23.2,54.1,83.1,Heavy Rain
Ladakh,Kargil,2020-07-14,32.8,95.6,79.9,Heavy Rain
Jharkhand,Jamshedpur,2020-07-13,31.7,172.2,66.2,Cloudy
West Bengal,Siliguri,2020-07-13,24.3,164.8,88.9,Heavy Rain
Ladakh,Leh,2020-07-13,33.9,63.4,77.8,Cloudy
Punjab,Chandigarh,2020-07-11,30.7,137.9,92.1,Stormy
Telangana,Warangal,2020-07-11,30.7,149.0,73.1,Cloudy
Gujarat,Ahmedabad,2020-07-10,28.6,135.8,90.0,Cloudy
Meghalaya,Shillong,2020-07-10,32.3,150.6,74.7,Cloudy
Uttar Pradesh,Varanasi,2020-07-09,23.3,20.9,80.0,Heavy Rain
Assam,Silchar,2020-07-08,23.9,97.8,82.1,Cloudy
Haryana,Faridabad,2020-07-08,28.1,135.3,89.5,Rainy
Karnataka,Mangaluru,2020-07-08,32.3,161.7,85.8,Rainy
Nagaland,Dimapur,2020-07-08,31.8,127.9,82.1,Stormy
Uttarakhand,Haridwar,2020-07-08,32.3,172.8,66.8,Heavy Rain
Andhra Pradesh,Guntur,2020-07-07,33.9,174.4,68.4,Heavy Rain
Gujarat,Surat,2020-07-06,27.1,101.0,85.3,Cloudy
Odisha,Cuttack,2020-07-06,23.4,108.4,92.7,Heavy Rain
Punjab,Jalandhar,2020-07-06,31.3,127.4,81.6,Cloudy
Delhi (NCT),Dwarka,2020-07-06,23.4,119.5,73.7,Stormy
West Bengal,Darjeeling,2020-07-05,29.7,16.2,75.3,Rainy
Rajasthan,Jaipur,2020-07-04,23.4,130.6,84.8,Cloudy
Rajasthan,Udaipur,2020-07-04,23.4,141.7,65.8,Rainy
Andhra Pradesh,Visakhapatnam,2020-07-03,26.5,79.6,78.5,Stormy
Tamil Nadu,Madurai,2020-07-03,32.4,139.6,93.8,Heavy Rain
Kerala,Kochi,2020-07-02,33.0,84.7,69.0,Stormy
Maharashtra,Pune,2020-07-02,34.0,130.1,84.3,Rainy
Tripura,Agartala,2020-07-02,34.0,130.1,84.3,Rainy
Uttar Pradesh,Noida,2020-07-02,34.0,152.3,76.4,Stormy
Bihar,Bhagalpur,2020-07-01,31.4,116.4,70.6,Heavy Rain
Gujarat,Vadodara,2020-07-01,31.9,128.0,82.2,Heavy Rain
Assam,Dibrugarh,2020-06-30,33.0,118.0,72.2,Heavy Rain
Kerala,Thiruvananthapuram,2020-06-30,31.3,62.2,91.2,Rainy
Arunachal Pradesh,Naharlagun,2020-06-29,25.5,78.6,77.5,Rainy
Assam,Guwahati,2020-06-29,23.5,108.5,92.8,Rainy
Goa,Margao,2020-06-29,23.0,63.6,78.0,Heavy Rain
Andhra Pradesh,Vijayawada,2020-06-28,26.6,46.4,75.4,Stormy
Karnataka,Mysuru,2020-06-28,25.6,132.8,87.0,Heavy Rain
Bihar,Patna,2020-06-27,33.6,74.2,88.6,Cloudy
Chhattisgarh,Raipur,2020-06-26,33.0,162.4,86.5,Heavy Rain
Maharashtra,Nagpur,2020-06-26,32.5,150.8,74.9,Heavy Rain
Tamil Nadu,Tiruchirappalli,2020-06-26,30.3,61.2,90.2,Stormy
Bihar,Gaya,2020-06-25,33.1,62.6,77.0,Cloudy
Karnataka,Hubballi,2020-06-24,28.3,146.6,70.7,Cloudy
Kerala,Kozhikode,2020-06-24,32.0,128.1,82.3,Rainy
Rajasthan,Jodhpur,2020-06-23,33.6,140.8,95.0,Heavy Rain
Madhya Pradesh,Bhopal,2020-06-22,28.3,168.8,92.9,Heavy Rain
Manipur,Imphal,2020-06-22,23.6,108.6,92.9,Cloudy
West Bengal,Kolkata,2020-06-22,31.5,149.8,73.9,Cloudy
Karnataka,Bengaluru,2020-06-21,29.9,159.3,83.4,Rainy
Uttarakhand,Dehradun,2020-06-21,29.9,170.4,94.5,Heavy Rain
West Bengal,Howrah,2020-06-21,33.1,140.3,94.5,Stormy
Jammu and Kashmir,Jammu,2020-06-21,33.6,20.1,79.2,Heavy Rain
Punjab,Amritsar,2020-06-20,23.1,119.2,73.4,Heavy Rain
Uttar Pradesh,Agra,2020-06-19,32.6,139.8,94.0,Cloudy
Himachal Pradesh,Dharamshala,2020-06-18,32.0,74.0,72.9,Stormy
Madhya Pradesh,Indore,2020-06-17,28.9,169.4,93.5,Cloudy
Chhattisgarh,Bilaspur,2020-06-16,30.5,17.0,76.1,Rainy
Maharashtra,Nashik,2020-06-16,30.0,148.3,72.4,Stormy
Odisha,Bhubaneswar,2020-06-16,30.0,148.3,72.4,Stormy
Odisha,Rourkela,2020-06-16,33.2,118.2,72.4,Cloudy
Chhattisgarh,Durg,2020-06-15,31.6,138.8,93.0,Heavy Rain
Delhi (NCT),New Delhi,2020-06-15,31.6,138.8,93.0,Heavy Rain
Goa,Panaji,2020-06-14,32.2,61.7,76.1,Rainy
Haryana,Gurugram,2020-06-14,33.2,129.3,83.5,Rainy
Maharashtra,Mumbai,2020-06-14,29.5,147.8,71.9,Cloudy
Rajasthan,Kota,2020-06-14,32.7,106.6,90.9,Cloudy
Punjab,Ludhiana,2020-06-13,30.6,115.6,69.8,Heavy Rain
Tamil Nadu,Chennai,2020-06-12,29.0,136.2,90.4,Cloudy
Uttarakhand,Nainital,2020-06-12,29.5,170.0,94.1,Heavy Rain
Gujarat,Rajkot,2020-06-11,33.8,107.7,92.0,Rainy
Andhra Pradesh,Tirupati,2020-06-10,29.5,27.1,86.2,Cloudy
Jharkhand,Dhanbad,2020-06-10,24.8,132.0,86.2,Heavy Rain
Nagaland,Kohima,2020-06-10,28.0,113.0,67.2,Cloudy
Tamil Nadu,Coimbatore,2020-06-10,29.0,169.5,93.6,Stormy
Uttar Pradesh,Lucknow,2020-06-09,23.2,174.8,68.8,Heavy Rain
Delhi (NCT),Rohini,2020-06-09,33.3,118.3,72.5,Stormy
Haryana,Panipat,2020-06-08,31.2,116.2,70.4,Cloudy
Jharkhand,Ranchi,2020-06-08,28.0,124.1,78.3,Rainy
Madhya Pradesh,Gwalior,2020-06-08,28.5,15.0,74.1,Rainy
Mizoram,Aizawl,2020-06-08,23.8,108.8,93.1,Heavy Rain
Sikkim,Gangtok,2020-06-07,32.8,106.7,91.0,Stormy
Uttar Pradesh,Kanpur,2020-06-07,33.8,163.2,87.3,Heavy Rain
Jammu and Kashmir,Srinagar,2020-06-07,30.6,50.4,79.4,Stormy
Ladakh,Kargil,2020-06-07,29.1,91.9,76.2,Stormy
Jharkhand,Jamshedpur,2020-06-06,28.0,168.5,92.6,Rainy
West Bengal,Siliguri,2020-06-06,31.7,161.1,85.2,Stormy
Ladakh,Leh,2020-06-06,30.2,59.7,74.1,Rainy
Punjab,Chandigarh,2020-06-04,27.0,134.2,88.4,Cloudy
Telangana,Warangal,2020-06-04,27.0,145.3,69.4,Rainy
Gujarat,Ahmedabad,2020-06-03,24.9,132.1,86.3,Rainy
Meghalaya,Shillong,2020-06-03,28.6,146.9,71.0,Rainy
Uttar Pradesh,Varanasi,2020-06-02,30.7,17.2,76.3,Stormy
Assam,Silchar,2020-06-01,31.3,94.1,78.4,Rainy
Haryana,Faridabad,2020-06-01,24.4,131.6,85.8,Heavy Rain
Karnataka,Mangaluru,2020-06-01,28.6,158.0,82.1,Heavy Rain
Nagaland,Dimapur,2020-06-01,28.1,124.2,78.4,Cloudy
Uttarakhand,Haridwar,2020-06-01,28.6,169.1,93.2,Stormy
Andhra Pradesh,Guntur,2020-05-31,44.9,0.2,49.8,Clear
Gujarat,Surat,2020-05-30,43.9,11.5,46.6,Sunny
Odisha,Cuttack,2020-05-30,33.2,6.8,18.9,Clear
Punjab,Jalandhar,2020-05-30,34.1,1.6,37.9,Sunny
Delhi (NCT),Dwarka,2020-05-30,44.3,5.8,30.0,Hot
West Bengal,Darjeeling,2020-05-29,33.7,7.1,21.6,Dry
Rajasthan,Jaipur,2020-05-28,37.3,4.8,41.1,Sunny
Rajasthan,Udaipur,2020-05-28,30.3,3.8,17.1,Dry
Andhra Pradesh,Visakhapatnam,2020-05-27,42.8,10.0,49.9,Hot
Tamil Nadu,Madurai,2020-05-27,28.2,1.7,15.0,Clear
Kerala,Kochi,2020-05-26,45.7,7.3,30.3,Hot
Maharashtra,Pune,2020-05-26,36.8,4.3,40.6,Dry
Tripura,Agartala,2020-05-26,36.8,4.3,40.6,Dry
Uttar Pradesh,Noida,2020-05-26,40.9,2.3,27.7,Hot
Bihar,Bhagalpur,2020-05-25,41.2,2.7,26.9,Clear
Gujarat,Vadodara,2020-05-25,34.7,2.2,38.5,Clear
Assam,Dibrugarh,2020-05-24,42.8,4.3,28.5,Clear
Kerala,Thiruvananthapuram,2020-05-24,43.5,4.7,32.5,Dry
Arunachal Pradesh,Naharlagun,2020-05-23,41.8,9.0,48.9,Dry
Assam,Guwahati,2020-05-23,33.3,6.9,19.0,Dry
Goa,Margao,2020-05-23,42.7,10.4,44.3,Clear
Madhya Pradesh,Jabalpur,2020-05-23,43.8,5.1,31.7,Sunny
Andhra Pradesh,Vijayawada,2020-05-22,45.8,1.0,16.7,Hot
Karnataka,Mysuru,2020-05-22,39.5,7.0,43.3,Clear
Bihar,Patna,2020-05-21,35.2,8.9,19.8,Sunny
Chhattisgarh,Raipur,2020-05-20,32.9,0.3,37.8,Clear
Maharashtra,Nagpur,2020-05-20,39.4,0.8,26.2,Clear
Tamil Nadu,Tiruchirappalli,2020-05-20,42.5,3.7,31.5,Hot
Bihar,Gaya,2020-05-19,41.7,9.4,43.3,Sunny
Karnataka,Hubballi,2020-05-18,35.2,8.7,22.0,Sunny
Kerala,Kozhikode,2020-05-18,34.8,2.3,38.6,Dry
Rajasthan,Jodhpur,2020-05-17,29.4,2.9,16.2,Clear
Madhya Pradesh,Bhopal,2020-05-16,39.3,6.7,44.2,Clear
Manipur,Imphal,2020-05-16,33.4,7.0,19.1,Sunny
West Bengal,Kolkata,2020-05-16,38.4,11.9,25.2,Sunny
Karnataka,Bengaluru,2020-05-15,29.8,9.3,34.7,Dry
Uttarakhand,Dehradun,2020-05-15,40.9,8.3,45.8,Clear
West Bengal,Howrah,2020-05-15,28.9,2.4,15.7,Hot
Jammu and Kashmir,Jammu,2020-05-15,37.6,11.0,25.5,Clear
Punjab,Amritsar,2020-05-14,44.0,5.5,29.7,Clear
Uttar Pradesh,Agra,2020-05-13,28.4,1.9,15.2,Sunny
Himachal Pradesh,Dharamshala,2020-05-12,37.2,4.4,44.3,Hot
Madhya Pradesh,Indore,2020-05-11,39.9,7.3,44.8,Sunny
Chhattisgarh,Bilaspur,2020-05-10,34.5,7.9,22.4,Dry
Maharashtra,Nashik,2020-05-10,36.9,10.4,23.7,Hot
Odisha,Bhubaneswar,2020-05-10,36.9,10.4,23.7,Hot
Odisha,Rourkela,2020-05-10,43.0,4.5,28.7,Sunny
Chhattisgarh,Durg,2020-05-09,45.5,0.9,49.3,Clear
Delhi (NCT),New Delhi,2020-05-09,45.5,0.9,49.3,Clear
Goa,Panaji,2020-05-08,40.8,8.5,42.4,Dry
Haryana,Gurugram,2020-05-08,36.0,3.5,39.8,Dry
Maharashtra,Mumbai,2020-05-08,36.4,9.9,23.2,Sunny
Rajasthan,Kota,2020-05-08,31.4,5.0,17.1,Sunny
Punjab,Ludhiana,2020-05-07,40.4,1.9,26.1,Clear
Tamil Nadu,Chennai,2020-05-06,42.9,10.4,46.7,Sunny
Uttarakhand,Nainital,2020-05-06,40.5,7.9,45.4,Clear
Gujarat,Rajkot,2020-05-05,32.5,6.1,18.2,Dry
Andhra Pradesh,Tirupati,2020-05-04,44.6,5.9,32.5,Sunny
Jharkhand,Dhanbad,2020-05-04,38.7,6.2,42.5,Clear
Nagaland,Kohima,2020-05-04,37.8,11.4,23.5,Sunny
Tamil Nadu,Coimbatore,2020-05-04,40.0,7.4,44.9,Hot
Uttar Pradesh,Lucknow,2020-05-03,45.3,0.6,15.1,Clear
Delhi (NCT),Rohini,2020-05-03,43.1,4.6,28.8,Hot
Haryana,Panipat,2020-05-02,41.0,2.5,26.7,Sunny
Jharkhand,Ranchi,2020-05-02,30.8,10.4,34.6,Dry
Madhya Pradesh,Gwalior,2020-05-02,32.5,5.9,20.4,Dry
Mizoram,Aizawl,2020-05-02,33.6,7.2,19.3,Clear
Sikkim,Gangtok,2020-05-01,31.5,5.1,17.2,Hot
Uttar Pradesh,Kanpur,2020-05-01,33.7,1.1,38.6,Clear
Jammu and Kashmir,Srinagar,2020-05-01,31.7,5.0,20.7,Hot
Ladakh,Kargil,2020-05-01,34.8,2.4,37.5,Hot
Jharkhand,Jamshedpur,2020-04-30,39.0,6.4,43.9,Dry
West Bengal,Siliguri,2020-04-30,31.6,11.1,36.5,Hot
Ladakh,Leh,2020-04-30,38.8,6.5,40.4,Dry
Punjab,Chandigarh,2020-04-28,40.9,8.4,44.7,Sunny
Telangana,Warangal,2020-04-28,33.9,7.4,20.7,Dry
Gujarat,Ahmedabad,2020-04-27,38.8,6.3,42.6,Dry
Meghalaya,Shillong,2020-04-27,35.5,9.0,22.3,Dry
Uttar Pradesh,Varanasi,2020-04-26,34.7,8.1,22.6,Hot
Assam,Silchar,2020-04-25,37.0,4.6,39.7,Dry
Haryana,Faridabad,2020-04-25,38.3,5.8,42.1,Clear
Karnataka,Mangaluru,2020-04-25,28.5,8.0,33.4,Clear
Nagaland,Dimapur,2020-04-25,30.9,10.5,34.7,Sunny
Uttarakhand,Haridwar,2020-04-25,39.6,7.0,44.5,Hot
Andhra Pradesh,Guntur,2020-04-24,41.2,8.6,46.1,Hot
Gujarat,Surat,2020-04-23,40.2,7.8,42.9,Dry
Odisha,Cuttack,2020-04-23,29.5,3.1,15.2,Hot
Punjab,Jalandhar,2020-04-23,30.4,10.0,34.2,Dry
Delhi (NCT),Dwarka,2020-04-23,40.6,2.1,26.3,Sunny
West Bengal,Darjeeling,2020-04-22,30.0,3.4,17.9,Clear
Rajasthan,Jaipur,2020-04-21,33.6,1.1,37.4,Dry
Rajasthan,Udaipur,2020-04-21,44.7,0.1,48.5,Clear
Andhra Pradesh,Visakhapatnam,2020-04-20,39.1,6.3,46.2,Sunny
Tamil Nadu,Madurai,2020-04-20,42.6,10.1,46.4,Hot
Kerala,Kochi,2020-04-19,42.0,3.6,26.6,Sunny
Maharashtra,Pune,2020-04-19,33.1,0.6,36.9,Clear
Tripura,Agartala,2020-04-19,33.1,0.6,36.9,Clear
Uttar Pradesh,Noida,2020-04-19,37.2,10.7,24.0,Sunny
Bihar,Bhagalpur,2020-04-18,37.5,11.1,23.2,Hot
Gujarat,Vadodara,2020-04-18,31.0,10.6,34.8,Hot
Assam,Dibrugarh,2020-04-17,39.1,0.6,24.8,Hot
Kerala,Thiruvananthapuram,2020-04-17,39.8,1.0,28.8,Clear
Arunachal Pradesh,Naharlagun,2020-04-16,38.1,5.3,45.2,Clear
Assam,Guwahati,2020-04-16,29.6,3.2,15.3,Clear
Goa,Margao,2020-04-16,39.0,6.7,40.6,Hot
Madhya Pradesh,Jabalpur,2020-04-16,40.1,1.4,28.0,Dry
Andhra Pradesh,Vijayawada,2020-04-15,42.1,9.4,48.1,Sunny
Karnataka,Mysuru,2020-04-15,35.8,3.3,39.6,Hot
Bihar,Patna,2020-04-14,31.5,5.2,16.1,Dry
Chhattisgarh,Raipur,2020-04-13,29.2,8.7,34.1,Hot
Maharashtra,Nagpur,2020-04-13,35.7,9.2,22.5,Hot
Tamil Nadu,Tiruchirappalli,2020-04-13,38.8,0.0,27.8,Sunny
Bihar,Gaya,2020-04-12,38.0,5.7,39.6,Dry
Karnataka,Hubballi,2020-04-11,31.5,5.0,18.3,Dry
Kerala,Kozhikode,2020-04-11,31.1,10.7,34.9,Clear
Rajasthan,Jodhpur,2020-04-10,43.8,11.3,47.6,Hot
Madhya Pradesh,Bhopal,2020-04-09,35.6,3.0,40.5,Hot
Manipur,Imphal,2020-04-09,29.7,3.3,15.4,Dry
West Bengal,Kolkata,2020-04-09,34.7,8.2,21.5,Dry
Karnataka,Bengaluru,2020-04-08,44.2,5.6,31.0,Clear
Uttarakhand,Dehradun,2020-04-08,37.2,4.6,42.1,Hot
West Bengal,Howrah,2020-04-08,43.3,10.8,47.1,Sunny
Jammu and Kashmir,Jammu,2020-04-08,33.9,7.3,21.8,Hot
Punjab,Amritsar,2020-04-07,40.3,1.8,26.0,Hot
Uttar Pradesh,Agra,2020-04-06,42.8,10.3,46.6,Dry
Himachal Pradesh,Dharamshala,2020-04-05,33.5,0.7,40.6,Sunny
Madhya Pradesh,Indore,2020-04-04,36.2,3.6,41.1,Dry
Chhattisgarh,Bilaspur,2020-04-03,30.8,4.2,18.7,Clear
Maharashtra,Nashik,2020-04-03,33.2,6.7,20.0,Sunny
Odisha,Bhubaneswar,2020-04-03,33.2,6.7,20.0,Sunny
Odisha,Rourkela,2020-04-03,39.3,0.8,25.0,Dry
Chhattisgarh,Durg,2020-04-02,41.8,9.3,45.6,Hot
Delhi (NCT),New Delhi,2020-04-02,41.8,9.3,45.6,Hot
Goa,Panaji,2020-04-01,37.1,4.8,38.7,Clear
Haryana,Gurugram,2020-04-01,32.3,11.9,36.1,Clear
Maharashtra,Mumbai,2020-04-01,32.7,6.2,19.5,Dry
Rajasthan,Kota,2020-04-01,45.8,1.3,48.5,Dry
Punjab,Ludhiana,2020-03-31,36.7,10.3,22.4,Hot
Tamil Nadu,Chennai,2020-03-30,39.2,6.7,43.0,Dry
Uttarakhand,Nainital,2020-03-30,36.8,4.2,41.7,Hot
Gujarat,Rajkot,2020-03-29,28.8,2.4,49.6,Clear
Andhra Pradesh,Tirupati,2020-03-28,40.9,2.2,28.8,Dry
Jharkhand,Dhanbad,2020-03-28,35.0,2.5,38.8,Hot
Nagaland,Kohima,2020-03-28,34.1,7.7,19.8,Dry
Tamil Nadu,Coimbatore,2020-03-28,36.3,3.7,41.2,Sunny
Uttar Pradesh,Lucknow,2020-03-27,41.6,9.0,46.5,Hot
Delhi (NCT),Rohini,2020-03-27,39.4,0.9,25.1,Sunny
Haryana,Panipat,2020-03-26,37.3,10.9,23.0,Dry
Jharkhand,Ranchi,2020-03-26,45.2,6.7,30.9,Clear
Madhya Pradesh,Gwalior,2020-03-26,28.8,2.2,16.7,Clear
Mizoram,Aizawl,2020-03-26,29.9,3.5,15.6,Hot
Sikkim,Gangtok,2020-03-25,45.9,1.4,48.6,Sunny
Uttar Pradesh,Kanpur,2020-03-25,30.0,9.5,34.9,Hot
Jammu and Kashmir,Srinagar,2020-03-25,28.0,1.3,17.0,Sunny
Ladakh,Kargil,2020-03-25,31.1,10.8,33.8,Sunny
Jharkhand,Jamshedpur,2020-03-24,35.3,2.7,40.2,Clear
West Bengal,Siliguri,2020-03-24,46.0,7.4,32.8,Sunny
Ladakh,Leh,2020-03-24,35.1,2.8,36.7,Clear
Punjab,Chandigarh,2020-03-22,37.2,4.7,41.0,Dry
Telangana,Warangal,2020-03-22,30.2,3.7,17.0,Clear
Gujarat,Ahmedabad,2020-03-21,35.1,2.6,38.9,Clear
Meghalaya,Shillong,2020-03-21,31.8,5.3,18.6,Clear
Uttar Pradesh,Varanasi,2020-03-20,31.0,4.4,18.9,Sunny
Assam,Silchar,2020-03-19,33.3,0.9,36.0,Clear
Haryana,Faridabad,2020-03-19,34.6,2.1,38.4,Hot
Karnataka,Mangaluru,2020-03-19,42.9,4.3,29.7,Hot
Nagaland,Dimapur,2020-03-19,45.3,6.8,31.0,Dry
Uttarakhand,Haridwar,2020-03-19,35.9,3.3,40.8,Sunny
Andhra Pradesh,Guntur,2020-03-18,37.5,4.9,42.4,Sunny
Gujarat,Surat,2020-03-17,36.5,4.1,39.2,Clear
Odisha,Cuttack,2020-03-17,43.9,11.5,46.6,Sunny
Punjab,Jalandhar,2020-03-17,44.8,6.3,30.5,Clear
Delhi (NCT),Dwarka,2020-03-17,36.9,10.5,22.6,Dry
West Bengal,Darjeeling,2020-03-16,44.4,11.8,49.3,Hot
Rajasthan,Jaipur,2020-03-15,29.9,9.5,33.7,Clear
Rajasthan,Udaipur,2020-03-15,41.0,8.5,44.8,Hot
Andhra Pradesh,Visakhapatnam,2020-03-14,35.4,2.6,42.5,Dry
Tamil Nadu,Madurai,2020-03-14,38.9,6.4,42.7,Sunny
Kerala,Kochi,2020-03-13,38.3,12.0,22.9,Dry
Maharashtra,Pune,2020-03-13,29.4,9.0,33.2,Hot
Tripura,Agartala,2020-03-13,29.4,9.0,33.2,Hot
Uttar Pradesh,Noida,2020-03-13,33.5,7.0,20.3,Dry
Bihar,Bhagalpur,2020-03-12,33.8,7.4,19.5,Sunny
Gujarat,Vadodara,2020-03-12,45.4,6.9,31.1,Sunny
Assam,Dibrugarh,2020-03-11,35.4,9.0,21.1,Sunny
Kerala,Thiruvananthapuram,2020-03-11,36.1,9.4,25.1,Hot
Arunachal Pradesh,Naharlagun,2020-03-10,34.4,1.6,41.5,Hot
Assam,Guwahati,2020-03-10,44.0,11.6,46.7,Hot
Goa,Margao,2020-03-10,35.3,3.0,36.9,Sunny
Madhya Pradesh,Jabalpur,2020-03-10,36.4,9.8,24.3,Clear
Andhra Pradesh,Vijayawada,2020-03-09,38.4,5.7,44.4,Dry
Karnataka,Mysuru,2020-03-09,32.1,11.7,35.9,Sunny
Bihar,Patna,2020-03-08,45.9,1.5,47.5,Clear
Chhattisgarh,Raipur,2020-03-07,43.6,5.0,30.4,Sunny
Maharashtra,Nagpur,2020-03-07,32.0,5.5,18.8,Sunny
Tamil Nadu,Tiruchirappalli,2020-03-07,35.1,8.4,24.1,Dry
Bihar,Gaya,2020-03-06,34.3,2.0,35.9,Clear
Karnataka,Hubballi,2020-03-05,45.9,1.3,49.7,Clear
Kerala,Kozhikode,2020-03-05,45.5,7.0,31.2,Hot
Rajasthan,Jodhpur,2020-03-04,40.1,7.6,43.9,Sunny
Madhya Pradesh,Bhopal,2020-03-03,31.9,11.4,36.8,Sunny
Manipur,Imphal,2020-03-03,44.1,11.7,46.8,Clear
West Bengal,Kolkata,2020-03-03,31.0,4.5,17.8,Clear
Karnataka,Bengaluru,2020-03-02,40.5,1.9,27.3,Hot
Uttarakhand,Dehradun,2020-03-02,33.5,0.9,38.4,Sunny
West Bengal,Howrah,2020-03-02,39.6,7.1,43.4,Dry
Jammu and Kashmir,Jammu,2020-03-02,30.2,3.6,18.1,Sunny
Punjab,Amritsar,2020-03-01,36.6,10.2,22.3,Sunny
Uttar Pradesh,Agra,2020-02-29,13.4,0.9,57.9,Cloudy
Himachal Pradesh,Dharamshala,2020-02-28,22.7,3.0,51.9,Clear
Madhya Pradesh,Indore,2020-02-27,25.0,6.2,52.4,Cloudy
Chhattisgarh,Bilaspur,2020-02-26,19.7,2.7,30.0,Foggy
Maharashtra,Nashik,2020-02-26,21.9,1.3,31.3,Clear
Odisha,Bhubaneswar,2020-02-26,21.9,1.3,31.3,Clear
Odisha,Rourkela,2020-02-26,9.8,3.6,36.3,Cloudy
Chhattisgarh,Durg,2020-02-25,12.4,8.0,56.9,Sunny
Delhi (NCT),New Delhi,2020-02-25,12.4,8.0,56.9,Sunny
Goa,Panaji,2020-02-24,25.3,3.8,50.0,Foggy
Haryana,Gurugram,2020-02-24,20.9,6.6,47.4,Foggy
Maharashtra,Mumbai,2020-02-24,21.4,0.8,30.8,Cloudy
Rajasthan,Kota,2020-02-24,16.2,0.1,59.8,Cloudy
Punjab,Ludhiana,2020-02-23,25.2,1.0,33.7,Sunny
Tamil Nadu,Chennai,2020-02-22,9.8,5.4,54.3,Cloudy
Uttarakhand,Nainital,2020-02-22,25.6,6.8,53.0,Sunny
Gujarat,Rajkot,2020-02-21,17.3,1.2,60.9,Foggy
Andhra Pradesh,Tirupati,2020-02-20,11.8,4.7,40.1,Cloudy
Jharkhand,Dhanbad,2020-02-20,23.6,1.2,50.1,Sunny
Nagaland,Kohima,2020-02-20,22.6,6.5,31.1,Cloudy
Tamil Nadu,Coimbatore,2020-02-20,25.1,6.3,52.5,Clear
Uttar Pradesh,Lucknow,2020-02-19,12.4,3.5,57.8,Sunny
Delhi (NCT),Rohini,2020-02-19,9.9,3.7,36.4,Clear
Haryana,Panipat,2020-02-18,25.8,1.6,34.3,Cloudy
Jharkhand,Ranchi,2020-02-18,15.7,1.4,42.2,Foggy
Madhya Pradesh,Gwalior,2020-02-18,17.7,0.7,63.1,Foggy
Mizoram,Aizawl,2020-02-18,18.4,2.3,62.0,Sunny
Sikkim,Gangtok,2020-02-17,16.3,0.2,59.9,Clear
Uttar Pradesh,Kanpur,2020-02-17,18.8,0.0,46.2,Sunny
Jammu and Kashmir,Srinagar,2020-02-17,17.1,3.7,63.4,Clear
Ladakh,Kargil,2020-02-17,19.5,1.6,45.1,Clear
Jharkhand,Jamshedpur,2020-02-16,24.1,5.3,51.5,Foggy
West Bengal,Siliguri,2020-02-16,16.7,6.0,44.1,Clear
Ladakh,Leh,2020-02-16,23.3,1.8,48.0,Foggy
Punjab,Chandigarh,2020-02-14,25.8,3.4,52.3,Cloudy
Telangana,Warangal,2020-02-14,18.9,6.4,63.4,Foggy
Gujarat,Ahmedabad,2020-02-13,23.7,1.3,50.2,Foggy
Meghalaya,Shillong,2020-02-13,20.5,8.0,65.0,Foggy
Uttar Pradesh,Varanasi,2020-02-12,19.9,2.9,30.2,Clear
Assam,Silchar,2020-02-11,21.7,3.8,47.3,Foggy
Haryana,Faridabad,2020-02-11,23.2,0.8,49.7,Sunny
Karnataka,Mangaluru,2020-02-11,13.6,2.9,41.0,Sunny
Nagaland,Dimapur,2020-02-11,15.8,1.5,42.3,Cloudy
Uttarakhand,Haridwar,2020-02-11,24.7,5.9,52.1,Clear
Andhra Pradesh,Guntur,2020-02-10,8.3,7.5,53.7,Clear
Gujarat,Surat,2020-02-09,24.9,7.0,50.5,Foggy
Odisha,Cuttack,2020-02-09,14.3,6.3,57.9,Clear
Punjab,Jalandhar,2020-02-09,15.3,1.0,41.8,Foggy
Delhi (NCT),Dwarka,2020-02-09,25.4,1.2,33.9,Cloudy
West Bengal,Darjeeling,2020-02-08,15.2,6.3,60.6,Sunny
Rajasthan,Jaipur,2020-02-07,18.5,4.2,45.0,Foggy
Rajasthan,Udaipur,2020-02-07,11.6,7.2,56.1,Sunny
Andhra Pradesh,Visakhapatnam,2020-02-06,24.6,4.9,53.8,Cloudy
Tamil Nadu,Madurai,2020-02-06,9.5,5.1,54.0,Clear
Kerala,Kochi,2020-02-05,8.6,6.9,34.2,Cloudy
Maharashtra,Pune,2020-02-05,18.0,3.7,44.5,Sunny
Tripura,Agartala,2020-02-05,18.0,3.7,44.5,Sunny
Uttar Pradesh,Noida,2020-02-05,22.2,1.6,31.6,Cloudy
Bihar,Bhagalpur,2020-02-04,22.3,6.2,30.8,Clear
Gujarat,Vadodara,2020-02-04,15.9,1.6,42.4,Clear
Assam,Dibrugarh,2020-02-03,23.9,7.8,32.4,Clear
Kerala,Thiruvananthapuram,2020-02-03,25.2,3.7,36.4,Sunny
Arunachal Pradesh,Naharlagun,2020-02-02,23.6,3.9,52.8,Sunny
Assam,Guwahati,2020-02-02,14.4,6.4,58.0,Sunny
Goa,Margao,2020-02-02,23.5,2.0,48.2,Clear
Madhya Pradesh,Jabalpur,2020-02-02,25.3,0.2,35.6,Foggy
Andhra Pradesh,Vijayawada,2020-02-01,9.4,4.1,55.7,Cloudy
Karnataka,Mysuru,2020-02-01,20.7,6.4,47.2,Clear
Bihar,Patna,2020-01-31,16.1,4.5,58.8,Foggy
Chhattisgarh,Raipur,2020-01-30,14.3,3.6,41.7,Clear
Maharashtra,Nagpur,2020-01-30,20.7,0.1,30.1,Clear
Tamil Nadu,Tiruchirappalli,2020-01-30,24.2,2.7,35.4,Cloudy
Bihar,Gaya,2020-01-29,22.5,1.0,47.2,Foggy
Karnataka,Hubballi,2020-01-28,16.5,4.0,61.0,Foggy
Kerala,Kozhikode,2020-01-28,16.0,1.7,42.5,Sunny
Rajasthan,Jodhpur,2020-01-27,10.7,6.3,55.2,Clear
Madhya Pradesh,Bhopal,2020-01-26,20.7,1.9,48.1,Clear
Manipur,Imphal,2020-01-26,14.5,6.5,58.1,Foggy
West Bengal,Kolkata,2020-01-26,19.7,7.2,64.2,Foggy
Karnataka,Bengaluru,2020-01-25,11.2,0.5,38.6,Sunny
Uttarakhand,Dehradun,2020-01-25,22.3,3.5,49.7,Clear
West Bengal,Howrah,2020-01-25,10.2,5.8,54.7,Cloudy
Jammu and Kashmir,Jammu,2020-01-25,19.1,2.1,64.5,Clear
Punjab,Amritsar,2020-01-24,25.1,0.9,33.6,Clear
Uttar Pradesh,Agra,2020-01-23,9.7,5.3,54.2,Foggy
Himachal Pradesh,Dharamshala,2020-01-22,19.0,7.4,48.2,Cloudy
Madhya Pradesh,Indore,2020-01-21,21.3,2.5,48.7,Foggy
Chhattisgarh,Bilaspur,2020-01-20,16.0,7.1,61.4,Sunny
Maharashtra,Nashik,2020-01-20,18.2,5.7,62.7,Cloudy
Odisha,Bhubaneswar,2020-01-20,18.2,5.7,62.7,Cloudy
Odisha,Rourkela,2020-01-20,24.1,8.0,32.6,Foggy
Chhattisgarh,Durg,2020-01-19,8.7,4.3,53.2,Clear
Delhi (NCT),New Delhi,2020-01-19,8.7,4.3,53.2,Clear
Goa,Panaji,2020-01-18,21.6,0.1,46.3,Sunny
Haryana,Gurugram,2020-01-18,17.2,2.9,43.7,Sunny
Maharashtra,Mumbai,2020-01-18,17.7,5.2,62.2,Foggy
Rajasthan,Kota,2020-01-18,12.5,4.5,56.1,Foggy
Punjab,Ludhiana,2020-01-17,21.5,5.4,30.0,Clear
Tamil Nadu,Chennai,2020-01-16,24.1,1.7,50.6,Foggy
Uttarakhand,Nainital,2020-01-16,21.9,3.1,49.3,Clear
Gujarat,Rajkot,2020-01-15,13.6,5.6,57.2,Sunny
Andhra Pradesh,Tirupati,2020-01-14,8.1,1.0,36.4,Foggy
Jharkhand,Dhanbad,2020-01-14,19.9,5.6,46.4,Clear
Nagaland,Kohima,2020-01-14,18.9,2.8,62.5,Foggy
Tamil Nadu,Coimbatore,2020-01-14,21.4,2.6,48.8,Cloudy
Uttar Pradesh,Lucknow,2020-01-13,8.7,7.9,54.1,Clear
Delhi (NCT),Rohini,2020-01-13,24.2,0.0,32.7,Cloudy
Haryana,Panipat,2020-01-12,22.1,6.0,30.6,Foggy
Jharkhand,Ranchi,2020-01-12,12.0,5.8,38.5,Sunny
Madhya Pradesh,Gwalior,2020-01-12,14.0,5.1,59.4,Sunny
Mizoram,Aizawl,2020-01-12,14.7,6.7,58.3,Clear
Sikkim,Gangtok,2020-01-11,12.6,4.6,56.2,Cloudy
Uttar Pradesh,Kanpur,2020-01-11,15.1,4.4,42.5,Clear
Jammu and Kashmir,Srinagar,2020-01-11,13.4,0.0,59.7,Cloudy
Ladakh,Kargil,2020-01-11,15.8,6.0,41.4,Cloudy
Jharkhand,Jamshedpur,2020-01-10,20.4,1.6,47.8,Sunny
West Bengal,Siliguri,2020-01-10,13.0,2.3,40.4,Cloudy
Ladakh,Leh,2020-01-10,19.6,6.2,44.3,Sunny
Punjab,Chandigarh,2020-01-08,22.1,7.8,48.6,Foggy
Telangana,Warangal,2020-01-08,15.2,2.7,59.7,Sunny
Gujarat,Ahmedabad,2020-01-07,20.0,5.7,46.5,Sunny
Meghalaya,Shillong,2020-01-07,16.8,4.3,61.3,Sunny
Uttar Pradesh,Varanasi,2020-01-06,16.2,7.3,61.6,Cloudy
Assam,Silchar,2020-01-05,18.0,0.1,43.6,Sunny
Haryana,Faridabad,2020-01-05,19.5,5.2,46.0,Clear
Karnataka,Mangaluru,2020-01-05,9.9,7.3,37.3,Clear
Nagaland,Dimapur,2020-01-05,12.1,5.9,38.6,Foggy
Uttarakhand,Haridwar,2020-01-05,21.0,2.2,48.4,Cloudy
Andhra Pradesh,Guntur,2020-01-04,22.6,3.8,50.0,Cloudy
Gujarat,Surat,2020-01-03,21.2,3.3,46.8,Sunny
Odisha,Cuttack,2020-01-03,10.6,2.6,54.2,Cloudy
Punjab,Jalandhar,2020-01-03,11.6,5.4,38.1,Sunny
Delhi (NCT),Dwarka,2020-01-03,21.7,5.6,30.2,Foggy
West Bengal,Darjeeling,2020-01-02,11.5,2.6,56.9,Clear
Rajasthan,Jaipur,2020-01-01,14.8,0.5,41.3,Sunny
Rajasthan,Udaipur,2020-01-01,25.9,3.5,52.4,Clear
Andhra Pradesh,Visakhapatnam,2019-12-31,20.9,1.2,50.1,Foggy
Tamil Nadu,Madurai,2019-12-31,23.8,1.4,50.3,Cloudy
Kerala,Kochi,2019-12-30,22.9,3.2,30.5,Foggy
Maharashtra,Pune,2019-12-30,14.3,0.0,40.8,Clear
Tripura,Agartala,2019-12-30,14.3,0.0,40.8,Clear
Uttar Pradesh,Noida,2019-12-30,18.5,6.0,63.0,Foggy
Bihar,Bhagalpur,2019-12-29,18.6,2.5,62.2,Cloudy
Gujarat,Vadodara,2019-12-29,12.2,6.0,38.7,Cloudy
Assam,Dibrugarh,2019-12-28,20.2,4.1,63.8,Cloudy
Kerala,Thiruvananthapuram,2019-12-28,21.5,0.0,32.7,Clear
Arunachal Pradesh,Naharlagun,2019-12-27,19.9,0.2,49.1,Clear
Assam,Guwahati,2019-12-27,10.7,2.7,54.3,Clear
Goa,Margao,2019-12-27,19.8,6.4,44.5,Cloudy
Madhya Pradesh,Jabalpur,2019-12-27,21.6,4.6,31.9,Sunny
Andhra Pradesh,Vijayawada,2019-12-26,23.7,0.4,52.0,Foggy
Karnataka,Mysuru,2019-12-26,17.0,2.7,43.5,Cloudy
Bihar,Patna,2019-12-25,12.4,0.8,55.1,Sunny
Chhattisgarh,Raipur,2019-12-24,10.6,8.0,38.0,Cloudy
Maharashtra,Nagpur,2019-12-24,17.0,4.5,61.5,Cloudy
Tamil Nadu,Tiruchirappalli,2019-12-24,20.5,7.1,31.7,Foggy
Bihar,Gaya,2019-12-23,18.8,5.4,43.5,Sunny
Karnataka,Hubballi,2019-12-22,12.8,0.3,57.3,Sunny
Kerala,Kozhikode,2019-12-22,12.3,6.1,38.8,Clear
Rajasthan,Jodhpur,2019-12-21,25.0,2.6,51.5,Cloudy
Madhya Pradesh,Bhopal,2019-12-20,17.0,6.3,44.4,Cloudy
Manipur,Imphal,2019-12-20,10.8,2.8,54.4,Sunny
West Bengal,Kolkata,2019-12-20,16.0,3.5,60.5,Sunny
Karnataka,Bengaluru,2019-12-19,25.5,4.9,34.9,Clear
Uttarakhand,Dehradun,2019-12-19,18.6,7.9,46.0,Cloudy
West Bengal,Howrah,2019-12-19,24.5,2.1,51.0,Foggy
Punjab,Amritsar,2019-12-18,21.4,5.3,65.0,Cloudy
Uttar Pradesh,Agra,2019-12-17,24.0,1.6,50.5,Sunny
Himachal Pradesh,Dharamshala,2019-12-16,15.3,3.7,44.5,Foggy
Madhya Pradesh,Indore,2019-12-15,17.6,6.9,45.0,Sunny
Chhattisgarh,Bilaspur,2019-12-14,12.3,3.4,57.7,Clear
Maharashtra,Nashik,2019-12-14,14.5,2.0,59.0,Foggy
Odisha,Bhubaneswar,2019-12-14,14.5,2.0,59.0,Foggy
Odisha,Rourkela,2019-12-14,20.4,4.3,64.0,Sunny
Chhattisgarh,Durg,2019-12-13,23.0,0.6,49.5,Cloudy
Delhi (NCT),New Delhi,2019-12-13,23.0,0.6,49.5,Cloudy
Goa,Panaji,2019-12-12,17.9,4.5,42.6,Clear
Haryana,Gurugram,2019-12-12,13.5,7.3,40.0,Clear
Maharashtra,Mumbai,2019-12-12,14.0,1.5,58.5,Sunny
Rajasthan,Kota,2019-12-12,8.8,0.8,52.4,Sunny
Punjab,Ludhiana,2019-12-11,17.8,1.7,61.4,Cloudy
Tamil Nadu,Chennai,2019-12-10,20.4,6.1,46.9,Sunny
Uttarakhand,Nainital,2019-12-10,18.2,7.5,45.6,Cloudy
Gujarat,Rajkot,2019-12-09,9.9,1.9,53.5,Clear
Andhra Pradesh,Tirupati,2019-12-08,22.4,5.4,32.7,Sunny
Jharkhand,Dhanbad,2019-12-08,16.2,1.9,42.7,Cloudy
Nagaland,Kohima,2019-12-08,15.2,7.2,58.8,Sunny
Tamil Nadu,Coimbatore,2019-12-08,17.7,7.0,45.1,Foggy
Uttar Pradesh,Lucknow,2019-12-07,23.0,4.2,50.4,Cloudy
Delhi (NCT),Rohini,2019-12-07,20.5,4.4,64.1,Foggy
Haryana,Panipat,2019-12-06,18.4,2.3,62.0,Sunny
Jharkhand,Ranchi,2019-12-06,8.3,2.1,34.8,Clear
Madhya Pradesh,Gwalior,2019-12-06,10.3,1.4,55.7,Clear
Mizoram,Aizawl,2019-12-06,11.0,3.0,54.6,Cloudy
Sikkim,Gangtok,2019-12-05,8.9,0.9,52.5,Foggy
Uttar Pradesh,Kanpur,2019-12-05,11.4,0.7,38.8,Cloudy
Jammu and Kashmir,Srinagar,2019-12-05,9.7,4.4,56.0,Foggy
Ladakh,Kargil,2019-12-05,12.1,2.3,37.7,Foggy
Jharkhand,Jamshedpur,2019-12-04,16.7,6.0,44.1,Clear
West Bengal,Siliguri,2019-12-04,9.3,6.7,36.7,Foggy
Ladakh,Leh,2019-12-04,15.9,2.5,40.6,Clear
Punjab,Chandigarh,2019-12-02,18.4,4.1,44.9,Sunny
Telangana,Warangal,2019-12-02,11.5,7.1,56.0,Clear
Gujarat,Ahmedabad,2019-12-01,16.3,2.0,42.8,Clear
Meghalaya,Shillong,2019-12-01,13.1,0.6,57.6,Clear
Uttar Pradesh,Varanasi,2019-11-30,21.8,3.9,67.9,Sunny
Assam,Silchar,2019-11-29,24.2,16.1,70.0,Humid
Haryana,Faridabad,2019-11-29,31.5,3.4,47.3,Clear
Karnataka,Mangaluru,2019-11-29,27.7,4.7,73.7,Clear
Nagaland,Dimapur,2019-11-29,24.1,21.1,70.0,Cloudy
Uttarakhand,Haridwar,2019-11-29,23.7,15.8,54.7,Sunny
Andhra Pradesh,Guntur,2019-11-28,25.3,17.4,56.3,Sunny
Gujarat,Surat,2019-11-27,27.4,19.3,73.2,Humid
Odisha,Cuttack,2019-11-27,19.7,1.6,50.5,Sunny
Punjab,Jalandhar,2019-11-27,23.6,20.6,69.5,Humid
Delhi (NCT),Dwarka,2019-11-27,30.8,12.7,61.6,Cloudy
West Bengal,Darjeeling,2019-11-26,32.2,24.3,63.2,Clear
Rajasthan,Jaipur,2019-11-25,26.8,23.8,72.7,Humid
Rajasthan,Udaipur,2019-11-25,22.8,9.8,53.7,Clear
Andhra Pradesh,Visakhapatnam,2019-11-24,20.1,12.4,66.4,Cloudy
Tamil Nadu,Madurai,2019-11-24,20.7,7.7,51.6,Sunny
Kerala,Kochi,2019-11-23,26.2,3.0,56.9,Cloudy
Maharashtra,Pune,2019-11-23,26.3,23.3,72.2,Clear
Tripura,Agartala,2019-11-23,26.3,23.3,72.2,Clear
Uttar Pradesh,Noida,2019-11-23,18.3,20.4,64.3,Cloudy
Bihar,Bhagalpur,2019-11-22,27.7,9.6,58.5,Sunny
Gujarat,Vadodara,2019-11-22,24.2,21.2,70.1,Sunny
Assam,Dibrugarh,2019-11-21,29.3,11.2,60.1,Sunny
Kerala,Thiruvananthapuram,2019-11-21,32.9,20.1,49.0,Clear
Arunachal Pradesh,Naharlagun,2019-11-20,19.1,11.4,65.4,Clear
Assam,Guwahati,2019-11-20,19.8,1.7,50.6,Clear
Goa,Margao,2019-11-20,20.2,7.0,65.9,Sunny
Madhya Pradesh,Jabalpur,2019-11-20,27.2,9.3,73.3,Humid
Andhra Pradesh,Vijayawada,2019-11-19,32.2,4.3,63.3,Cloudy
Karnataka,Mysuru,2019-11-19,29.0,0.9,74.9,Sunny
Bihar,Patna,2019-11-18,30.8,17.6,46.4,Humid
Chhattisgarh,Raipur,2019-11-17,28.4,5.4,74.4,Sunny
Maharashtra,Nagpur,2019-11-17,31.9,18.9,62.8,Sunny
Tamil Nadu,Tiruchirappalli,2019-11-17,31.9,19.1,48.0,Cloudy
Bihar,Gaya,2019-11-16,19.2,6.0,64.9,Humid
Karnataka,Hubballi,2019-11-15,27.7,14.7,58.6,Humid
Kerala,Kozhikode,2019-11-15,24.3,21.3,70.2,Clear
Rajasthan,Jodhpur,2019-11-14,21.9,8.9,52.8,Sunny
Madhya Pradesh,Bhopal,2019-11-13,19.7,11.8,50.7,Sunny
Manipur,Imphal,2019-11-13,19.9,1.8,50.7,Humid
West Bengal,Kolkata,2019-11-13,30.9,17.9,61.8,Humid
Karnataka,Bengaluru,2019-11-12,25.3,2.3,71.3,Clear
Uttarakhand,Dehradun,2019-11-12,21.3,13.4,52.3,Sunny
West Bengal,Howrah,2019-11-12,21.4,8.4,52.3,Cloudy
Punjab,Amritsar,2019-11-11,30.5,12.4,61.3,Sunny
Uttar Pradesh,Agra,2019-11-10,20.9,7.9,51.8,Humid
Himachal Pradesh,Dharamshala,2019-11-09,29.6,6.8,60.8,Cloudy
Madhya Pradesh,Indore,2019-11-08,20.3,12.4,51.3,Humid
Chhattisgarh,Bilaspur,2019-11-07,33.0,0.0,64.0,Clear
Maharashtra,Nashik,2019-11-07,29.4,16.4,60.3,Cloudy
Odisha,Bhubaneswar,2019-11-07,29.4,16.4,60.3,Cloudy
Odisha,Rourkela,2019-11-07,29.5,11.4,60.3,Humid
Chhattisgarh,Durg,2019-11-06,19.9,6.9,50.8,Sunny
Delhi (NCT),New Delhi,2019-11-06,19.9,6.9,50.8,Sunny
Goa,Panaji,2019-11-05,18.3,5.1,64.0,Clear
Haryana,Gurugram,2019-11-05,25.5,22.5,71.4,Clear
Maharashtra,Mumbai,2019-11-05,28.9,15.9,59.8,Humid
Rajasthan,Kota,2019-11-05,33.0,24.9,48.7,Humid
Punjab,Ludhiana,2019-11-04,26.9,8.8,57.7,Sunny
Tamil Nadu,Chennai,2019-11-03,32.4,4.3,48.2,Humid
Uttarakhand,Nainital,2019-11-03,20.9,13.0,51.9,Sunny
Gujarat,Rajkot,2019-11-02,19.0,0.9,49.8,Clear
Andhra Pradesh,Tirupati,2019-11-01,28.0,10.1,74.1,Humid
Jharkhand,Dhanbad,2019-11-01,28.2,0.1,74.1,Sunny
Nagaland,Kohima,2019-11-01,24.3,6.2,55.1,Humid
Tamil Nadu,Coimbatore,2019-11-01,20.4,12.5,51.4,Cloudy
Uttar Pradesh,Lucknow,2019-10-31,25.7,17.8,56.7,Sunny
Haryana,Panipat,2019-10-30,27.5,9.4,58.3,Humid
Jharkhand,Ranchi,2019-10-30,20.3,17.3,66.2,Clear
Madhya Pradesh,Gwalior,2019-10-30,31.0,23.1,62.0,Clear
Mizoram,Aizawl,2019-10-30,20.1,2.0,50.9,Sunny
Sikkim,Gangtok,2019-10-29,18.0,25.0,48.8,Cloudy
Uttar Pradesh,Kanpur,2019-10-29,29.2,6.2,45.1,Sunny
Jammu and Kashmir,Srinagar,2019-10-29,21.1,8.3,67.3,Cloudy
Ladakh,Kargil,2019-10-29,18.3,10.2,64.1,Cloudy
Himachal Pradesh,Shimla,2019-10-28,23.3,5.4,69.4,Cloudy
Jharkhand,Jamshedpur,2019-10-28,19.4,11.5,50.4,Clear
West Bengal,Siliguri,2019-10-28,27.1,4.1,73.1,Cloudy
Ladakh,Leh,2019-10-28,31.4,3.1,62.0,Clear
Punjab,Chandigarh,2019-10-26,30.4,2.3,46.2,Humid
Telangana,Warangal,2019-10-26,26.4,13.4,57.3,Clear
Gujarat,Ahmedabad,2019-10-25,28.3,0.2,74.2,Clear
Meghalaya,Shillong,2019-10-25,28.0,15.0,58.9,Clear
Uttar Pradesh,Varanasi,2019-10-24,18.1,0.2,64.2,Cloudy
Assam,Silchar,2019-10-23,20.5,12.4,66.3,Clear
Haryana,Faridabad,2019-10-23,27.8,24.8,73.7,Sunny
Karnataka,Mangaluru,2019-10-23,24.0,1.0,70.0,Sunny
Nagaland,Dimapur,2019-10-23,20.4,17.4,66.3,Humid
Uttarakhand,Haridwar,2019-10-23,20.0,12.1,51.0,Cloudy
Andhra Pradesh,Guntur,2019-10-22,21.6,13.7,52.6,Cloudy
Gujarat,Surat,2019-10-21,23.7,15.6,69.5,Clear
Odisha,Cuttack,2019-10-21,31.1,23.0,46.8,Cloudy
Punjab,Jalandhar,2019-10-21,19.9,16.9,65.8,Clear
Delhi (NCT),Dwarka,2019-10-21,27.1,9.0,57.9,Humid
West Bengal,Darjeeling,2019-10-20,28.5,20.6,59.5,Sunny
Rajasthan,Jaipur,2019-10-19,23.1,20.1,69.0,Clear
Rajasthan,Udaipur,2019-10-19,19.1,6.1,50.0,Sunny
Andhra Pradesh,Visakhapatnam,2019-10-18,31.5,8.7,62.7,Humid
Tamil Nadu,Madurai,2019-10-18,32.1,4.0,47.9,Cloudy
Kerala,Kochi,2019-10-17,22.5,24.4,53.2,Humid
Maharashtra,Pune,2019-10-17,22.6,19.6,68.5,Sunny
Tripura,Agartala,2019-10-17,22.6,19.6,68.5,Sunny
Uttar Pradesh,Noida,2019-10-17,29.7,16.7,60.6,Humid
Bihar,Bhagalpur,2019-10-16,24.0,5.9,54.8,Cloudy
Gujarat,Vadodara,2019-10-16,20.5,17.5,66.4,Cloudy
Assam,Dibrugarh,2019-10-15,25.6,7.5,56.4,Cloudy
Kerala,Thiruvananthapuram,2019-10-15,29.2,16.4,45.3,Sunny
Arunachal Pradesh,Naharlagun,2019-10-14,30.5,7.7,61.7,Sunny
Assam,Guwahati,2019-10-14,31.2,23.1,46.9,Sunny
Goa,Margao,2019-10-14,31.6,3.3,62.2,Cloudy
Madhya Pradesh,Jabalpur,2019-10-14,23.5,5.6,69.6,Clear
Andhra Pradesh,Vijayawada,2019-10-13,28.5,0.6,59.6,Humid
Karnataka,Mysuru,2019-10-13,25.3,22.3,71.2,Cloudy
Bihar,Patna,2019-10-12,27.1,13.9,72.8,Clear
Chhattisgarh,Raipur,2019-10-11,24.7,1.7,70.7,Cloudy
Maharashtra,Nagpur,2019-10-11,28.2,15.2,59.1,Cloudy
Tamil Nadu,Tiruchirappalli,2019-10-11,28.2,15.4,74.4,Humid
Bihar,Gaya,2019-10-10,30.6,2.3,61.2,Clear
Karnataka,Hubballi,2019-10-09,24.0,11.0,54.9,Clear
Kerala,Kozhikode,2019-10-09,20.6,17.6,66.5,Sunny
Rajasthan,Jodhpur,2019-10-08,18.2,5.2,49.1,Cloudy
Madhya Pradesh,Bhopal,2019-10-07,31.1,8.1,47.0,Cloudy
Manipur,Imphal,2019-10-07,31.3,23.2,47.0,Clear
West Bengal,Kolkata,2019-10-07,27.2,14.2,58.1,Clear
Karnataka,Bengaluru,2019-10-06,21.6,23.7,67.6,Sunny
Uttarakhand,Dehradun,2019-10-06,32.7,9.7,48.6,Cloudy
West Bengal,Howrah,2019-10-06,32.8,4.7,48.6,Humid
Uttar Pradesh,Agra,2019-10-04,32.3,4.2,48.1,Clear
Himachal Pradesh,Dharamshala,2019-10-03,25.9,3.1,57.1,Humid
Madhya Pradesh,Indore,2019-10-02,31.7,8.7,47.6,Clear
Chhattisgarh,Bilaspur,2019-10-01,29.3,21.4,60.3,Sunny
Maharashtra,Nashik,2019-10-01,25.7,12.7,56.6,Humid
Odisha,Bhubaneswar,2019-10-01,25.7,12.7,56.6,Humid
Odisha,Rourkela,2019-10-01,25.8,7.7,56.6,Clear
Chhattisgarh,Durg,2019-09-30,27.9,112.9,67.1,Rainy
Delhi (NCT),New Delhi,2019-09-30,27.9,112.9,67.1,Rainy
Goa,Panaji,2019-09-29,28.5,35.8,80.3,Cloudy
Haryana,Gurugram,2019-09-29,29.5,103.4,87.7,Cloudy
Maharashtra,Mumbai,2019-09-29,25.8,121.9,76.1,Stormy
Rajasthan,Kota,2019-09-29,29.0,80.7,65.0,Stormy
Punjab,Ludhiana,2019-09-28,26.9,89.7,74.0,Rainy
Tamil Nadu,Chennai,2019-09-27,25.3,110.3,94.6,Stormy
Uttarakhand,Nainital,2019-09-27,25.8,144.1,68.2,Rainy
Gujarat,Rajkot,2019-09-26,30.1,81.8,66.1,Cloudy
Andhra Pradesh,Tirupati,2019-09-25,25.8,166.3,90.4,Stormy
Jharkhand,Dhanbad,2019-09-25,32.2,106.1,90.4,Rainy
Nagaland,Kohima,2019-09-25,24.3,87.1,71.4,Stormy
Tamil Nadu,Coimbatore,2019-09-25,25.3,143.6,67.7,Heavy Rain
Uttar Pradesh,Lucknow,2019-09-24,30.6,148.9,73.0,Rainy
Haryana,Panipat,2019-09-23,27.5,90.3,74.6,Stormy
Jharkhand,Ranchi,2019-09-23,24.3,98.2,82.5,Cloudy
Madhya Pradesh,Gwalior,2019-09-23,24.8,154.2,78.3,Cloudy
Mizoram,Aizawl,2019-09-23,31.2,82.9,67.2,Rainy
Sikkim,Gangtok,2019-09-22,29.1,80.8,65.1,Heavy Rain
Uttar Pradesh,Kanpur,2019-09-22,30.1,137.3,91.5,Rainy
Jammu and Kashmir,Srinagar,2019-09-22,26.9,24.5,83.6,Heavy Rain
Ladakh,Kargil,2019-09-22,25.4,66.0,80.4,Heavy Rain
Himachal Pradesh,Shimla,2019-09-21,32.2,161.6,85.7,Heavy Rain
Jharkhand,Jamshedpur,2019-09-21,24.3,142.6,66.7,Cloudy
West Bengal,Siliguri,2019-09-21,28.0,135.2,89.4,Heavy Rain
Ladakh,Leh,2019-09-21,26.5,33.8,78.3,Cloudy
Punjab,Chandigarh,2019-09-19,23.3,108.3,92.6,Stormy
Telangana,Warangal,2019-09-19,23.3,119.4,73.6,Cloudy
Gujarat,Ahmedabad,2019-09-18,32.3,106.2,90.5,Cloudy
Meghalaya,Shillong,2019-09-18,24.9,121.0,75.2,Cloudy
Uttar Pradesh,Varanasi,2019-09-17,27.0,156.4,80.5,Heavy Rain
Assam,Silchar,2019-09-16,27.6,68.2,82.6,Cloudy
Haryana,Faridabad,2019-09-16,31.8,105.7,90.0,Rainy
Karnataka,Mangaluru,2019-09-16,24.9,132.1,86.3,Rainy
Nagaland,Dimapur,2019-09-16,24.4,98.3,82.6,Stormy
Uttarakhand,Haridwar,2019-09-16,24.9,143.2,67.3,Heavy Rain
Andhra Pradesh,Guntur,2019-09-15,26.5,144.8,68.9,Heavy Rain
Gujarat,Surat,2019-09-14,30.8,71.4,85.8,Cloudy
Odisha,Cuttack,2019-09-14,27.1,78.8,93.2,Heavy Rain
Punjab,Jalandhar,2019-09-14,23.9,97.8,82.1,Cloudy
Telangana,Nizamabad,2019-09-14,31.8,127.9,82.1,Stormy
Delhi (NCT),Dwarka,2019-09-14,27.1,89.9,74.2,Stormy
West Bengal,Darjeeling,2019-09-13,33.4,151.7,75.8,Rainy
Rajasthan,Jaipur,2019-09-12,27.1,101.0,85.3,Cloudy
Rajasthan,Udaipur,2019-09-12,27.1,112.1,66.3,Rainy
Andhra Pradesh,Visakhapatnam,2019-09-11,30.2,50.0,79.0,Stormy
Tamil Nadu,Madurai,2019-09-11,25.0,110.0,94.3,Heavy Rain
Kerala,Kochi,2019-09-10,25.6,55.1,69.5,Stormy
Maharashtra,Pune,2019-09-10,26.6,100.5,84.8,Rainy
Tripura,Agartala,2019-09-10,26.6,100.5,84.8,Rainy
Uttar Pradesh,Noida,2019-09-10,26.6,122.7,76.9,Stormy
Bihar,Bhagalpur,2019-09-09,24.0,86.8,71.1,Heavy Rain
Gujarat,Vadodara,2019-09-09,24.5,98.4,82.7,Heavy Rain
Assam,Dibrugarh,2019-09-08,25.6,88.4,72.7,Heavy Rain
Kerala,Thiruvananthapuram,2019-09-08,23.9,32.6,91.7,Rainy
Arunachal Pradesh,Naharlagun,2019-09-07,29.2,49.0,78.0,Rainy
Assam,Guwahati,2019-09-07,27.2,78.9,93.3,Rainy
Goa,Margao,2019-09-07,26.7,34.0,78.5,Heavy Rain
Madhya Pradesh,Jabalpur,2019-09-07,32.4,161.8,85.9,Cloudy
Andhra Pradesh,Vijayawada,2019-09-06,30.3,16.8,75.9,Stormy
Karnataka,Mysuru,2019-09-06,29.3,103.2,87.5,Heavy Rain
Bihar,Patna,2019-09-05,26.2,44.6,89.1,Cloudy
Chhattisgarh,Raipur,2019-09-04,25.6,132.8,87.0,Heavy Rain
Maharashtra,Nagpur,2019-09-04,25.1,121.2,75.4,Heavy Rain
Tamil Nadu,Tiruchirappalli,2019-09-04,34.0,31.6,90.7,Stormy
Bihar,Gaya,2019-09-03,25.7,33.0,77.5,Cloudy
Karnataka,Hubballi,2019-09-02,32.0,117.0,71.2,Cloudy
Kerala,Kozhikode,2019-09-02,24.6,98.5,82.8,Rainy
Rajasthan,Jodhpur,2019-09-01,26.2,111.2,65.4,Heavy Rain
Madhya Pradesh,Bhopal,2019-08-31,32.0,139.2,93.4,Heavy Rain
Manipur,Imphal,2019-08-31,27.3,79.0,93.4,Cloudy
West Bengal,Kolkata,2019-08-31,24.1,120.2,74.4,Cloudy
Karnataka,Bengaluru,2019-08-30,33.6,129.7,83.9,Rainy
Uttarakhand,Dehradun,2019-08-30,33.6,140.8,95.0,Heavy Rain
West Bengal,Howrah,2019-08-30,25.7,110.7,95.0,Stormy
Uttar Pradesh,Agra,2019-08-28,25.2,110.2,94.5,Cloudy
Himachal Pradesh,Dharamshala,2019-08-27,24.6,44.4,73.4,Stormy
Madhya Pradesh,Indore,2019-08-26,32.6,139.8,94.0,Cloudy
Chhattisgarh,Bilaspur,2019-08-25,23.1,152.5,76.6,Rainy
Maharashtra,Nashik,2019-08-25,33.7,118.7,72.9,Stormy
Odisha,Bhubaneswar,2019-08-25,33.7,118.7,72.9,Stormy
Odisha,Rourkela,2019-08-25,25.8,88.6,72.9,Cloudy
Chhattisgarh,Durg,2019-08-24,24.2,109.2,93.5,Heavy Rain
Delhi (NCT),New Delhi,2019-08-24,24.2,109.2,93.5,Heavy Rain
Goa,Panaji,2019-08-23,24.8,32.1,76.6,Rainy
Haryana,Gurugram,2019-08-23,25.8,99.7,84.0,Rainy
Maharashtra,Mumbai,2019-08-23,33.2,118.2,72.4,Cloudy
Rajasthan,Kota,2019-08-23,25.3,77.0,91.4,Cloudy
Punjab,Ludhiana,2019-08-22,23.2,86.0,70.3,Heavy Rain
Tamil Nadu,Chennai,2019-08-21,32.7,106.6,90.9,Cloudy
Uttarakhand,Nainital,2019-08-21,33.2,140.4,94.6,Heavy Rain
Gujarat,Rajkot,2019-08-20,26.4,78.1,92.5,Rainy
Andhra Pradesh,Tirupati,2019-08-19,33.2,162.6,86.7,Cloudy
Jharkhand,Dhanbad,2019-08-19,28.5,102.4,86.7,Heavy Rain
Nagaland,Kohima,2019-08-19,31.7,83.4,67.7,Cloudy
Tamil Nadu,Coimbatore,2019-08-19,32.7,139.9,94.1,Stormy
Uttar Pradesh,Lucknow,2019-08-18,26.9,145.2,69.3,Heavy Rain
Haryana,Panipat,2019-08-17,23.8,86.6,70.9,Cloudy
Jharkhand,Ranchi,2019-08-17,31.7,94.5,78.8,Rainy
Madhya Pradesh,Gwalior,2019-08-17,32.2,150.5,74.6,Rainy
Mizoram,Aizawl,2019-08-17,27.5,79.2,93.6,Heavy Rain
Arunachal Pradesh,Itanagar,2019-08-16,27.4,25.0,84.1,Rainy
Sikkim,Gangtok,2019-08-16,25.4,77.1,91.5,Stormy
Uttar Pradesh,Kanpur,2019-08-16,26.4,133.6,87.8,Heavy Rain
Ladakh,Kargil,2019-08-16,32.8,62.3,76.7,Stormy
Himachal Pradesh,Shimla,2019-08-15,28.5,157.9,82.0,Stormy
Jharkhand,Jamshedpur,2019-08-15,31.7,138.9,93.1,Rainy
West Bengal,Siliguri,2019-08-15,24.3,131.5,85.7,Stormy
Ladakh,Leh,2019-08-15,33.9,30.1,74.6,Rainy
Punjab,Chandigarh,2019-08-13,30.7,104.6,88.9,Cloudy
Telangana,Warangal,2019-08-13,30.7,115.7,69.9,Rainy
Gujarat,Ahmedabad,2019-08-12,28.6,102.5,86.8,Rainy
Meghalaya,Shillong,2019-08-12,32.3,117.3,71.5,Rainy
Assam,Silchar,2019-08-10,23.9,64.5,78.9,Rainy
Haryana,Faridabad,2019-08-10,28.1,102.0,86.3,Heavy Rain
Karnataka,Mangaluru,2019-08-10,32.3,128.4,82.6,Heavy Rain
Nagaland,Dimapur,2019-08-10,31.8,94.6,78.9,Cloudy
Uttarakhand,Haridwar,2019-08-10,32.3,139.5,93.7,Stormy
Andhra Pradesh,Guntur,2019-08-09,33.9,141.1,65.2,Stormy
Gujarat,Surat,2019-08-08,27.1,67.7,82.1,Rainy
Odisha,Cuttack,2019-08-08,23.4,75.1,89.5,Stormy
Punjab,Jalandhar,2019-08-08,31.3,94.1,78.4,Rainy
Telangana,Nizamabad,2019-08-08,28.1,124.2,78.4,Cloudy
Delhi (NCT),Dwarka,2019-08-08,23.4,86.2,70.5,Cloudy
West Bengal,Darjeeling,2019-08-07,29.7,148.0,72.1,Heavy Rain
Rajasthan,Jaipur,2019-08-06,23.4,97.3,81.6,Rainy
Rajasthan,Udaipur,2019-08-06,23.4,108.4,92.7,Heavy Rain
Telangana,Hyderabad,2019-08-06,27.6,123.7,77.9,Rainy
Andhra Pradesh,Visakhapatnam,2019-08-05,26.5,46.3,75.3,Cloudy
Tamil Nadu,Madurai,2019-08-05,32.4,106.3,90.6,Stormy
Kerala,Kochi,2019-08-04,33.0,51.4,65.8,Cloudy
Maharashtra,Pune,2019-08-04,34.0,96.8,81.1,Heavy Rain
Tripura,Agartala,2019-08-04,34.0,96.8,81.1,Heavy Rain
Uttar Pradesh,Noida,2019-08-04,34.0,119.0,73.2,Cloudy
Bihar,Bhagalpur,2019-08-03,31.4,83.1,67.4,Stormy
Gujarat,Vadodara,2019-08-03,31.9,94.7,79.0,Stormy
Assam,Dibrugarh,2019-08-02,33.0,84.7,69.0,Stormy
Kerala,Thiruvananthapuram,2019-08-02,31.3,28.9,88.0,Heavy Rain
Arunachal Pradesh,Naharlagun,2019-08-01,25.5,45.3,74.3,Heavy Rain
Assam,Guwahati,2019-08-01,23.5,75.2,89.6,Heavy Rain
Goa,Margao,2019-08-01,23.0,30.3,74.8,Stormy
Madhya Pradesh,Jabalpur,2019-08-01,28.7,158.1,82.2,Rainy
Andhra Pradesh,Vijayawada,2019-07-31,26.6,178.2,72.2,Cloudy
Karnataka,Mysuru,2019-07-31,25.6,99.5,83.8,Stormy
Bihar,Patna,2019-07-30,33.6,40.9,85.4,Rainy
Chhattisgarh,Raipur,2019-07-29,33.0,129.1,83.3,Stormy
Maharashtra,Nagpur,2019-07-29,32.5,117.5,71.7,Stormy
Tamil Nadu,Tiruchirappalli,2019-07-29,30.3,27.9,87.0,Cloudy
Bihar,Gaya,2019-07-28,33.1,29.3,73.8,Rainy
Karnataka,Hubballi,2019-07-27,28.3,113.3,67.5,Rainy
Kerala,Kozhikode,2019-07-27,32.0,94.8,79.1,Heavy Rain
Rajasthan,Jodhpur,2019-07-26,33.6,107.5,91.8,Stormy
Madhya Pradesh,Bhopal,2019-07-25,28.3,135.5,89.7,Stormy
Manipur,Imphal,2019-07-25,23.6,75.3,89.7,Rainy
West Bengal,Kolkata,2019-07-25,31.5,116.5,70.7,Rainy
Karnataka,Bengaluru,2019-07-24,29.9,126.0,80.2,Heavy Rain
Uttarakhand,Dehradun,2019-07-24,29.9,137.1,91.3,Stormy
West Bengal,Howrah,2019-07-24,33.1,107.0,91.3,Cloudy
Uttar Pradesh,Agra,2019-07-22,32.6,106.5,90.8,Rainy
Himachal Pradesh,Dharamshala,2019-07-21,32.0,40.7,69.7,Cloudy
Madhya Pradesh,Indore,2019-07-20,28.9,136.1,90.3,Rainy
Chhattisgarh,Bilaspur,2019-07-19,30.5,148.8,72.9,Heavy Rain
Maharashtra,Nashik,2019-07-19,30.0,115.0,69.2,Cloudy
Odisha,Bhubaneswar,2019-07-19,30.0,115.0,69.2,Cloudy
Chhattisgarh,Durg,2019-07-18,31.6,105.5,89.8,Stormy
Delhi (NCT),New Delhi,2019-07-18,31.6,105.5,89.8,Stormy
Goa,Panaji,2019-07-17,32.2,28.4,72.9,Heavy Rain
Haryana,Gurugram,2019-07-17,33.2,96.0,80.3,Heavy Rain
Maharashtra,Mumbai,2019-07-17,29.5,114.5,68.7,Rainy
Rajasthan,Kota,2019-07-17,32.7,73.3,87.7,Rainy
Punjab,Ludhiana,2019-07-16,30.6,82.3,66.6,Stormy
Tamil Nadu,Chennai,2019-07-15,29.0,102.9,87.2,Rainy
Uttarakhand,Nainital,2019-07-15,29.5,136.7,90.9,Stormy
Gujarat,Rajkot,2019-07-14,33.8,74.4,88.8,Heavy Rain
Andhra Pradesh,Tirupati,2019-07-13,29.5,158.9,83.0,Rainy
Jharkhand,Dhanbad,2019-07-13,24.8,98.7,83.0,Stormy
Nagaland,Kohima,2019-07-13,28.0,79.7,94.1,Rainy
Tamil Nadu,Coimbatore,2019-07-13,29.0,136.2,90.4,Cloudy
Uttar Pradesh,Lucknow,2019-07-12,23.2,141.5,65.6,Stormy
Haryana,Panipat,2019-07-11,31.2,82.9,67.2,Rainy
Jharkhand,Ranchi,2019-07-11,28.0,90.8,75.1,Heavy Rain
Madhya Pradesh,Gwalior,2019-07-11,28.5,146.8,70.9,Heavy Rain
Mizoram,Aizawl,2019-07-11,23.8,75.5,89.9,Stormy
Arunachal Pradesh,Itanagar,2019-07-10,23.7,21.3,80.4,Heavy Rain
Sikkim,Gangtok,2019-07-10,32.8,73.4,87.8,Cloudy
Uttar Pradesh,Kanpur,2019-07-10,33.8,129.9,84.1,Stormy
Ladakh,Kargil,2019-07-10,29.1,58.6,73.0,Cloudy
Himachal Pradesh,Shimla,2019-07-09,24.8,154.2,78.3,Cloudy
Jharkhand,Jamshedpur,2019-07-09,28.0,135.2,89.4,Heavy Rain
West Bengal,Siliguri,2019-07-09,31.7,127.8,82.0,Cloudy
Ladakh,Leh,2019-07-09,30.2,26.4,70.9,Heavy Rain
Punjab,Chandigarh,2019-07-07,27.0,100.9,85.2,Rainy
Telangana,Warangal,2019-07-07,27.0,112.0,66.2,Heavy Rain
Gujarat,Ahmedabad,2019-07-06,24.9,98.8,83.1,Heavy Rain
Meghalaya,Shillong,2019-07-06,28.6,113.6,67.8,Heavy Rain
Assam,Silchar,2019-07-04,31.3,60.8,75.2,Heavy Rain
Haryana,Faridabad,2019-07-04,24.4,98.3,82.6,Stormy
Karnataka,Mangaluru,2019-07-04,28.6,124.7,78.9,Stormy
Nagaland,Dimapur,2019-07-04,28.1,90.9,75.2,Rainy
Uttarakhand,Haridwar,2019-07-04,28.6,135.8,90.0,Cloudy
Andhra Pradesh,Guntur,2019-07-03,30.2,137.4,91.6,Cloudy
Gujarat,Surat,2019-07-02,23.4,64.0,78.4,Heavy Rain
Odisha,Cuttack,2019-07-02,30.8,71.4,85.8,Cloudy
Punjab,Jalandhar,2019-07-02,27.6,90.4,74.7,Heavy Rain
Telangana,Nizamabad,2019-07-02,24.4,120.5,74.7,Rainy
Delhi (NCT),Dwarka,2019-07-02,30.8,82.5,66.8,Rainy
West Bengal,Darjeeling,2019-07-01,26.0,144.3,68.4,Stormy
Rajasthan,Jaipur,2019-06-30,30.8,93.6,77.9,Heavy Rain
Rajasthan,Udaipur,2019-06-30,30.8,104.7,89.0,Stormy
Telangana,Hyderabad,2019-06-30,23.9,120.0,74.2,Heavy Rain
Andhra Pradesh,Visakhapatnam,2019-06-29,33.9,42.6,71.6,Rainy
Tamil Nadu,Madurai,2019-06-29,28.7,102.6,86.9,Cloudy
Kerala,Kochi,2019-06-28,29.3,47.7,92.2,Rainy
Maharashtra,Pune,2019-06-28,30.3,93.1,77.4,Stormy
Tripura,Agartala,2019-06-28,30.3,93.1,77.4,Stormy
Bihar,Bhagalpur,2019-06-27,27.7,79.4,93.8,Cloudy
Gujarat,Vadodara,2019-06-27,28.2,91.0,75.3,Cloudy
Assam,Dibrugarh,2019-06-26,29.3,81.0,65.3,Cloudy
Kerala,Thiruvananthapuram,2019-06-26,27.6,25.2,84.3,Stormy
Arunachal Pradesh,Naharlagun,2019-06-25,32.9,41.6,70.6,Stormy
Assam,Guwahati,2019-06-25,30.9,71.5,85.9,Stormy
Goa,Margao,2019-06-25,30.4,26.6,71.1,Cloudy
Madhya Pradesh,Jabalpur,2019-06-25,25.0,154.4,78.5,Heavy Rain
Andhra Pradesh,Vijayawada,2019-06-24,34.0,174.5,68.5,Rainy
Karnataka,Mysuru,2019-06-24,33.0,95.8,80.1,Cloudy
Bihar,Patna,2019-06-23,29.9,37.2,81.7,Heavy Rain
Chhattisgarh,Raipur,2019-06-22,29.3,125.4,79.6,Cloudy
Maharashtra,Nagpur,2019-06-22,28.8,113.8,68.0,Cloudy
Tamil Nadu,Tiruchirappalli,2019-06-22,26.6,24.2,83.3,Rainy
Bihar,Gaya,2019-06-21,29.4,25.6,70.1,Heavy Rain
Karnataka,Hubballi,2019-06-20,24.6,109.6,93.9,Heavy Rain
Kerala,Kozhikode,2019-06-20,28.3,91.1,75.4,Stormy
Maharashtra,Aurangabad,2019-06-20,33.0,151.3,75.4,Rainy
Rajasthan,Jodhpur,2019-06-19,29.9,103.8,88.1,Cloudy
Madhya Pradesh,Bhopal,2019-06-18,24.6,131.8,86.0,Cloudy
Manipur,Imphal,2019-06-18,31.0,71.6,86.0,Heavy Rain
West Bengal,Kolkata,2019-06-18,27.8,112.8,67.0,Heavy Rain
Karnataka,Bengaluru,2019-06-17,26.2,122.3,76.5,Stormy
Uttarakhand,Dehradun,2019-06-17,26.2,133.4,87.6,Cloudy
West Bengal,Howrah,2019-06-17,29.4,103.3,87.6,Rainy
Uttar Pradesh,Agra,2019-06-15,28.9,102.8,87.1,Heavy Rain
Himachal Pradesh,Dharamshala,2019-06-14,28.3,37.0,66.0,Rainy
Madhya Pradesh,Indore,2019-06-13,25.2,132.4,86.6,Heavy Rain
Chhattisgarh,Bilaspur,2019-06-12,26.8,145.1,69.2,Stormy
Maharashtra,Nashik,2019-06-12,26.3,111.3,65.5,Rainy
Odisha,Bhubaneswar,2019-06-12,26.3,111.3,65.5,Rainy
Chhattisgarh,Durg,2019-06-11,27.9,101.8,86.1,Cloudy
Delhi (NCT),New Delhi,2019-06-11,27.9,101.8,86.1,Cloudy
Goa,Panaji,2019-06-10,28.5,24.7,69.2,Stormy
Haryana,Gurugram,2019-06-10,29.5,92.3,76.6,Stormy
Maharashtra,Mumbai,2019-06-10,25.8,110.8,65.0,Heavy Rain
Rajasthan,Kota,2019-06-10,29.0,69.6,84.0,Heavy Rain
Punjab,Ludhiana,2019-06-09,26.9,78.6,93.0,Cloudy
Tamil Nadu,Chennai,2019-06-08,25.3,99.2,83.5,Heavy Rain
Uttarakhand,Nainital,2019-06-08,25.8,133.0,87.2,Cloudy
Gujarat,Rajkot,2019-06-07,30.1,70.7,85.1,Stormy
Andhra Pradesh,Tirupati,2019-06-06,25.8,155.2,79.3,Heavy Rain
Jharkhand,Dhanbad,2019-06-06,32.2,95.0,79.3,Cloudy
Nagaland,Kohima,2019-06-06,24.3,76.0,90.4,Heavy Rain
Tamil Nadu,Coimbatore,2019-06-06,25.3,132.5,86.7,Rainy
Uttar Pradesh,Lucknow,2019-06-05,30.6,137.8,92.0,Cloudy
Haryana,Panipat,2019-06-04,27.5,79.2,93.6,Heavy Rain
Jharkhand,Ranchi,2019-06-04,24.3,87.1,71.4,Stormy
Madhya Pradesh,Gwalior,2019-06-04,24.8,143.1,67.2,Stormy
Mizoram,Aizawl,2019-06-04,31.2,71.8,86.2,Cloudy
Arunachal Pradesh,Itanagar,2019-06-03,31.1,17.6,76.7,Stormy
Sikkim,Gangtok,2019-06-03,29.1,69.7,84.1,Rainy
Uttar Pradesh,Kanpur,2019-06-03,30.1,126.2,80.4,Cloudy
Ladakh,Kargil,2019-06-03,25.4,54.9,69.3,Rainy
Himachal Pradesh,Shimla,2019-06-02,32.2,150.5,74.6,Rainy
Jharkhand,Jamshedpur,2019-06-02,24.3,131.5,85.7,Stormy
West Bengal,Siliguri,2019-06-02,28.0,124.1,78.3,Rainy
Ladakh,Leh,2019-06-02,26.5,22.7,67.2,Stormy
Punjab,Chandigarh,2019-05-31,43.8,11.4,46.5,Dry
Telangana,Warangal,2019-05-31,36.8,10.4,22.5,Clear
Gujarat,Ahmedabad,2019-05-30,41.7,9.3,44.4,Clear
Meghalaya,Shillong,2019-05-30,38.4,12.0,24.1,Clear
Assam,Silchar,2019-05-28,39.9,7.6,41.5,Clear
Haryana,Faridabad,2019-05-28,41.2,8.8,43.9,Hot
Karnataka,Mangaluru,2019-05-28,31.4,11.0,35.2,Hot
Nagaland,Dimapur,2019-05-28,33.8,1.4,36.5,Dry
Uttarakhand,Haridwar,2019-05-28,42.5,10.0,46.3,Sunny
Andhra Pradesh,Guntur,2019-05-27,44.1,11.6,47.9,Sunny
Gujarat,Surat,2019-05-26,43.1,10.8,44.7,Clear
Odisha,Cuttack,2019-05-26,32.4,6.1,17.0,Sunny
Punjab,Jalandhar,2019-05-26,33.3,0.9,36.0,Clear
Telangana,Nizamabad,2019-05-26,45.3,6.8,31.0,Dry
Delhi (NCT),Dwarka,2019-05-26,43.5,5.1,28.1,Dry
Himachal Pradesh,Manali,2019-05-25,40.8,2.2,27.6,Sunny
West Bengal,Darjeeling,2019-05-25,32.9,6.4,19.7,Hot
Rajasthan,Jaipur,2019-05-24,36.5,4.1,39.2,Clear
Rajasthan,Udaipur,2019-05-24,29.5,3.1,15.2,Hot
Telangana,Hyderabad,2019-05-24,44.8,6.3,30.5,Clear
Andhra Pradesh,Visakhapatnam,2019-05-23,42.0,9.3,48.0,Dry
Tamil Nadu,Madurai,2019-05-23,45.5,1.0,48.2,Sunny
Kerala,Kochi,2019-05-22,44.9,6.6,28.4,Dry
Maharashtra,Pune,2019-05-22,36.0,3.6,38.7,Hot
Tripura,Agartala,2019-05-22,36.0,3.6,38.7,Hot
Bihar,Bhagalpur,2019-05-21,40.4,2.0,25.0,Sunny
Gujarat,Vadodara,2019-05-21,33.9,1.5,36.6,Sunny
Assam,Dibrugarh,2019-05-20,42.0,3.6,26.6,Sunny
Kerala,Thiruvananthapuram,2019-05-20,42.7,4.0,30.6,Hot
Arunachal Pradesh,Naharlagun,2019-05-19,41.0,8.3,47.0,Hot
Assam,Guwahati,2019-05-19,32.5,6.2,17.1,Hot
Goa,Margao,2019-05-19,41.9,9.7,42.4,Sunny
Madhya Pradesh,Jabalpur,2019-05-19,43.0,4.4,29.8,Clear
Andhra Pradesh,Vijayawada,2019-05-18,45.0,0.3,49.9,Dry
Karnataka,Mysuru,2019-05-18,38.7,6.3,41.4,Sunny
Bihar,Patna,2019-05-17,34.4,8.2,17.9,Clear
Chhattisgarh,Raipur,2019-05-16,32.1,11.7,35.9,Sunny
Maharashtra,Nagpur,2019-05-16,38.6,0.1,24.3,Sunny
Tamil Nadu,Tiruchirappalli,2019-05-16,41.7,3.0,29.6,Dry
Bihar,Gaya,2019-05-15,40.9,8.7,41.4,Clear
Karnataka,Hubballi,2019-05-14,34.4,8.0,20.1,Clear
Kerala,Kozhikode,2019-05-14,34.0,1.6,36.7,Hot
Maharashtra,Aurangabad,2019-05-14,39.9,1.3,26.7,Dry
Rajasthan,Jodhpur,2019-05-13,28.6,2.2,49.4,Sunny
Madhya Pradesh,Bhopal,2019-05-12,38.5,6.0,42.3,Sunny
Manipur,Imphal,2019-05-12,32.6,6.3,17.2,Clear
West Bengal,Kolkata,2019-05-12,37.6,11.2,23.3,Clear
Karnataka,Bengaluru,2019-05-11,29.0,8.6,32.8,Hot
Uttarakhand,Dehradun,2019-05-11,40.1,7.6,43.9,Sunny
West Bengal,Howrah,2019-05-11,28.1,1.7,48.9,Dry
Uttar Pradesh,Agra,2019-05-09,45.7,1.2,48.4,Clear
Himachal Pradesh,Dharamshala,2019-05-08,36.4,3.7,42.4,Dry
Madhya Pradesh,Indore,2019-05-07,39.1,6.6,42.9,Clear
Chhattisgarh,Bilaspur,2019-05-06,33.7,7.2,20.5,Hot
Maharashtra,Nashik,2019-05-06,36.1,9.7,21.8,Dry
Odisha,Bhubaneswar,2019-05-06,36.1,9.7,21.8,Dry
Chhattisgarh,Durg,2019-05-05,44.7,0.2,47.4,Sunny
Delhi (NCT),New Delhi,2019-05-05,44.7,0.2,47.4,Sunny
Goa,Panaji,2019-05-04,40.0,7.8,40.5,Hot
Haryana,Gurugram,2019-05-04,35.2,2.8,37.9,Hot
Maharashtra,Mumbai,2019-05-04,35.6,9.2,21.3,Clear
Rajasthan,Kota,2019-05-04,30.6,4.3,15.2,Clear
Punjab,Ludhiana,2019-05-03,39.6,1.2,24.2,Sunny
Tamil Nadu,Chennai,2019-05-02,42.1,9.7,44.8,Clear
Uttarakhand,Nainital,2019-05-02,39.7,7.2,43.5,Sunny
Gujarat,Rajkot,2019-05-01,31.7,5.4,16.3,Hot
Andhra Pradesh,Tirupati,2019-04-30,43.8,5.2,30.6,Clear
Jharkhand,Dhanbad,2019-04-30,37.9,5.5,40.6,Sunny
Nagaland,Kohima,2019-04-30,37.0,10.7,21.6,Clear
Tamil Nadu,Coimbatore,2019-04-30,39.2,6.7,43.0,Dry
Uttar Pradesh,Lucknow,2019-04-29,44.5,12.0,48.3,Sunny
Haryana,Panipat,2019-04-28,40.2,1.8,24.8,Clear
Jharkhand,Ranchi,2019-04-28,30.0,9.7,32.7,Hot
Madhya Pradesh,Gwalior,2019-04-28,31.7,5.2,18.5,Hot
Mizoram,Aizawl,2019-04-28,32.8,6.5,17.4,Sunny
Arunachal Pradesh,Itanagar,2019-04-27,35.1,8.5,23.0,Hot
Sikkim,Gangtok,2019-04-27,30.7,4.4,15.3,Dry
Uttar Pradesh,Kanpur,2019-04-27,32.9,0.4,36.7,Sunny
Ladakh,Kargil,2019-04-27,34.0,1.7,35.6,Dry
Himachal Pradesh,Shimla,2019-04-26,39.1,0.5,25.9,Dry
Jharkhand,Jamshedpur,2019-04-26,38.2,5.7,42.0,Hot
West Bengal,Siliguri,2019-04-26,30.8,10.4,34.6,Dry
Ladakh,Leh,2019-04-26,38.0,5.8,38.5,Hot
Punjab,Chandigarh,2019-04-24,40.1,7.7,42.8,Clear
Telangana,Warangal,2019-04-24,33.1,6.7,18.8,Hot
Gujarat,Ahmedabad,2019-04-23,38.0,5.6,40.7,Hot
Meghalaya,Shillong,2019-04-23,34.7,8.3,20.4,Hot
Assam,Silchar,2019-04-21,36.2,3.9,37.8,Hot
Haryana,Faridabad,2019-04-21,37.5,5.1,40.2,Sunny
Karnataka,Mangaluru,2019-04-21,45.8,7.3,31.5,Sunny
Nagaland,Dimapur,2019-04-21,30.1,9.8,32.8,Clear
Uttarakhand,Haridwar,2019-04-21,38.8,6.3,42.6,Dry
Andhra Pradesh,Guntur,2019-04-20,40.4,7.9,44.2,Dry
Gujarat,Surat,2019-04-19,39.4,7.1,41.0,Hot
Odisha,Cuttack,2019-04-19,28.7,2.4,48.4,Dry
Punjab,Jalandhar,2019-04-19,29.6,9.3,32.3,Hot
Telangana,Nizamabad,2019-04-19,41.6,3.1,27.3,Clear
Himachal Pradesh,Manali,2019-04-18,37.1,10.6,23.9,Dry
West Bengal,Darjeeling,2019-04-18,29.2,2.7,16.0,Sunny
Rajasthan,Jaipur,2019-04-17,32.8,0.4,35.5,Hot
Rajasthan,Udaipur,2019-04-17,43.9,11.5,46.6,Sunny
Telangana,Hyderabad,2019-04-17,41.1,2.6,26.8,Hot
Andhra Pradesh,Visakhapatnam,2019-04-16,38.3,5.6,44.3,Clear
Tamil Nadu,Madurai,2019-04-16,41.8,9.4,44.5,Dry
Kerala,Kochi,2019-04-15,41.2,2.9,24.7,Clear
Maharashtra,Pune,2019-04-15,32.3,12.0,35.0,Sunny
Tripura,Agartala,2019-04-15,32.3,12.0,35.0,Sunny
Bihar,Bhagalpur,2019-04-14,36.7,10.4,21.3,Dry
Gujarat,Vadodara,2019-04-14,30.2,9.9,32.9,Dry
Assam,Dibrugarh,2019-04-13,38.3,12.0,22.9,Dry
Kerala,Thiruvananthapuram,2019-04-13,39.0,0.3,26.9,Sunny
Arunachal Pradesh,Naharlagun,2019-04-12,37.3,4.6,43.3,Sunny
Assam,Guwahati,2019-04-12,28.8,2.5,48.5,Sunny
Goa,Margao,2019-04-12,38.2,6.0,38.7,Dry
Madhya Pradesh,Jabalpur,2019-04-12,39.3,0.7,26.1,Hot
Andhra Pradesh,Vijayawada,2019-04-11,41.3,8.7,46.2,Clear
Karnataka,Mysuru,2019-04-11,35.0,2.6,37.7,Dry
Bihar,Patna,2019-04-10,30.7,4.5,49.3,Hot
Chhattisgarh,Raipur,2019-04-09,28.4,8.0,32.2,Dry
Maharashtra,Nagpur,2019-04-09,34.9,8.5,20.6,Dry
Tamil Nadu,Tiruchirappalli,2019-04-09,38.0,11.4,25.9,Clear
Bihar,Gaya,2019-04-08,37.2,5.0,37.7,Hot
Karnataka,Hubballi,2019-04-07,30.7,4.3,16.4,Hot
Kerala,Kozhikode,2019-04-07,30.3,10.0,33.0,Sunny
Maharashtra,Aurangabad,2019-04-07,36.2,9.7,23.0,Clear
Rajasthan,Jodhpur,2019-04-06,43.0,10.6,45.7,Dry
Madhya Pradesh,Bhopal,2019-04-05,34.8,2.3,38.6,Dry
Manipur,Imphal,2019-04-05,28.9,2.6,48.6,Hot
West Bengal,Kolkata,2019-04-05,33.9,7.5,19.6,Hot
Karnataka,Bengaluru,2019-04-04,43.4,4.9,29.1,Sunny
Uttarakhand,Dehradun,2019-04-04,36.4,3.9,40.2,Dry
West Bengal,Howrah,2019-04-04,42.5,10.1,45.2,Clear
Uttar Pradesh,Agra,2019-04-02,42.0,9.6,44.7,Hot
Himachal Pradesh,Dharamshala,2019-04-01,32.7,0.0,38.7,Clear
Madhya Pradesh,Indore,2019-03-31,35.4,2.9,39.2,Hot
Chhattisgarh,Bilaspur,2019-03-30,30.0,3.5,16.8,Sunny
Maharashtra,Nashik,2019-03-30,32.4,6.0,18.1,Clear
Odisha,Bhubaneswar,2019-03-30,32.4,6.0,18.1,Clear
Chhattisgarh,Durg,2019-03-29,41.0,8.6,43.7,Dry
Delhi (NCT),New Delhi,2019-03-29,41.0,8.6,43.7,Dry
Goa,Panaji,2019-03-28,36.3,4.1,36.8,Sunny
Haryana,Gurugram,2019-03-28,31.5,11.2,34.2,Sunny
Maharashtra,Mumbai,2019-03-28,31.9,5.5,17.6,Hot
Rajasthan,Kota,2019-03-28,45.0,0.6,46.6,Hot
Punjab,Ludhiana,2019-03-27,35.9,9.6,20.5,Dry
Tamil Nadu,Chennai,2019-03-26,38.4,6.0,41.1,Hot
Uttarakhand,Nainital,2019-03-26,36.0,3.5,39.8,Dry
Gujarat,Rajkot,2019-03-25,28.0,1.7,47.7,Sunny
Andhra Pradesh,Tirupati,2019-03-24,40.1,1.5,26.9,Hot
Jharkhand,Dhanbad,2019-03-24,34.2,1.8,36.9,Dry
Nagaland,Kohima,2019-03-24,33.3,7.0,17.9,Hot
Tamil Nadu,Coimbatore,2019-03-24,35.5,3.0,39.3,Clear
Uttar Pradesh,Lucknow,2019-03-23,40.8,8.3,44.6,Dry
Haryana,Panipat,2019-03-22,36.5,10.2,21.1,Hot
Jharkhand,Ranchi,2019-03-22,44.4,6.0,29.0,Sunny
Madhya Pradesh,Gwalior,2019-03-22,28.0,1.5,49.9,Sunny
Mizoram,Aizawl,2019-03-22,29.1,2.8,48.8,Dry
Arunachal Pradesh,Itanagar,2019-03-21,31.4,4.8,19.3,Sunny
Sikkim,Gangtok,2019-03-21,45.1,0.7,46.7,Clear
Uttar Pradesh,Kanpur,2019-03-21,29.2,8.8,33.0,Dry
Ladakh,Kargil,2019-03-21,30.3,10.1,31.9,Clear
Himachal Pradesh,Shimla,2019-03-20,35.4,8.9,22.2,Clear
Jharkhand,Jamshedpur,2019-03-20,34.5,2.0,38.3,Sunny
West Bengal,Siliguri,2019-03-20,45.2,6.7,30.9,Clear
Ladakh,Leh,2019-03-20,34.3,2.1,34.8,Sunny
Punjab,Chandigarh,2019-03-18,36.4,4.0,39.1,Hot
Telangana,Warangal,2019-03-18,29.4,3.0,15.1,Sunny
Gujarat,Ahmedabad,2019-03-17,34.3,1.9,37.0,Sunny
Meghalaya,Shillong,2019-03-17,31.0,4.6,16.7,Sunny
Assam,Silchar,2019-03-15,32.5,0.2,34.1,Sunny
Haryana,Faridabad,2019-03-15,33.8,1.4,36.5,Dry
Karnataka,Mangaluru,2019-03-15,42.1,3.6,27.8,Dry
Nagaland,Dimapur,2019-03-15,44.5,6.1,29.1,Hot
Uttarakhand,Haridwar,2019-03-15,35.1,2.6,38.9,Clear
Andhra Pradesh,Guntur,2019-03-14,36.7,4.2,40.5,Clear
Gujarat,Surat,2019-03-13,35.7,3.4,37.3,Sunny
Odisha,Cuttack,2019-03-13,43.1,10.8,44.7,Clear
Punjab,Jalandhar,2019-03-13,44.0,5.6,28.6,Sunny
Telangana,Nizamabad,2019-03-13,37.9,11.5,23.6,Hot
Himachal Pradesh,Manali,2019-03-12,33.4,6.9,20.2,Clear
West Bengal,Darjeeling,2019-03-12,43.6,11.1,47.4,Dry
Rajasthan,Jaipur,2019-03-11,29.1,8.8,31.8,Sunny
Rajasthan,Udaipur,2019-03-11,40.2,7.8,42.9,Dry
Telangana,Hyderabad,2019-03-11,37.4,11.0,23.1,Sunny
Andhra Pradesh,Visakhapatnam,2019-03-10,34.6,1.9,40.6,Hot
Tamil Nadu,Madurai,2019-03-10,38.1,5.7,40.8,Clear
Kerala,Kochi,2019-03-09,37.5,11.3,21.0,Hot
Maharashtra,Pune,2019-03-09,28.6,8.3,31.3,Dry
Tripura,Agartala,2019-03-09,28.6,8.3,31.3,Dry
Bihar,Bhagalpur,2019-03-08,33.0,6.7,17.6,Clear
Gujarat,Vadodara,2019-03-08,44.6,6.2,29.2,Clear
Assam,Dibrugarh,2019-03-07,34.6,8.3,19.2,Clear
Kerala,Thiruvananthapuram,2019-03-07,35.3,8.7,23.2,Dry
Arunachal Pradesh,Naharlagun,2019-03-06,33.6,0.9,39.6,Dry
Assam,Guwahati,2019-03-06,43.2,10.9,44.8,Dry
Goa,Margao,2019-03-06,34.5,2.3,35.0,Clear
Madhya Pradesh,Jabalpur,2019-03-06,35.6,9.1,22.4,Sunny
Andhra Pradesh,Vijayawada,2019-03-05,37.6,5.0,42.5,Hot
Karnataka,Mysuru,2019-03-05,31.3,11.0,34.0,Clear
Bihar,Patna,2019-03-04,45.1,0.8,45.6,Sunny
Chhattisgarh,Raipur,2019-03-03,42.8,4.3,28.5,Clear
Tamil Nadu,Tiruchirappalli,2019-03-03,34.3,7.7,22.2,Hot
Bihar,Gaya,2019-03-02,33.5,1.3,34.0,Sunny
Karnataka,Hubballi,2019-03-01,45.1,0.6,47.8,Sunny
Kerala,Kozhikode,2019-03-01,44.7,6.3,29.3,Dry
Maharashtra,Aurangabad,2019-03-01,32.5,6.0,19.3,Hot
Rajasthan,Jodhpur,2019-02-28,13.4,5.4,57.0,Cloudy
Madhya Pradesh,Bhopal,2019-02-27,23.4,1.0,49.9,Cloudy
Manipur,Imphal,2019-02-27,17.2,5.6,59.9,Sunny
West Bengal,Kolkata,2019-02-27,22.4,6.3,30.9,Sunny
Karnataka,Bengaluru,2019-02-26,13.9,7.7,40.4,Clear
Uttarakhand,Dehradun,2019-02-26,25.0,2.6,51.5,Cloudy
West Bengal,Howrah,2019-02-26,12.9,4.9,56.5,Foggy
Uttar Pradesh,Agra,2019-02-24,12.4,4.4,56.0,Sunny
Himachal Pradesh,Dharamshala,2019-02-23,21.7,6.5,50.0,Foggy
Madhya Pradesh,Indore,2019-02-22,24.0,1.6,50.5,Sunny
Chhattisgarh,Bilaspur,2019-02-21,18.7,6.2,63.2,Clear
Maharashtra,Nashik,2019-02-21,20.9,4.8,64.5,Foggy
Odisha,Bhubaneswar,2019-02-21,20.9,4.8,64.5,Foggy
Chhattisgarh,Durg,2019-02-20,11.4,3.4,55.0,Cloudy
Delhi (NCT),New Delhi,2019-02-20,11.4,3.4,55.0,Cloudy
Goa,Panaji,2019-02-19,24.3,7.3,48.1,Clear
Haryana,Gurugram,2019-02-19,19.9,2.0,45.5,Clear
Maharashtra,Mumbai,2019-02-19,20.4,4.3,64.0,Sunny
Rajasthan,Kota,2019-02-19,15.2,3.6,57.9,Sunny
Punjab,Ludhiana,2019-02-18,24.2,4.5,31.8,Cloudy
Tamil Nadu,Chennai,2019-02-17,8.8,0.8,52.4,Sunny
Uttarakhand,Nainital,2019-02-17,24.6,2.2,51.1,Cloudy
Gujarat,Rajkot,2019-02-16,16.3,4.7,59.0,Clear
Andhra Pradesh,Tirupati,2019-02-15,10.8,0.1,38.2,Sunny
Jharkhand,Dhanbad,2019-02-15,22.6,4.7,48.2,Cloudy
Nagaland,Kohima,2019-02-15,21.6,1.9,64.3,Sunny
Tamil Nadu,Coimbatore,2019-02-15,24.1,1.7,50.6,Foggy
Uttar Pradesh,Lucknow,2019-02-14,11.4,7.0,55.9,Cloudy
Jharkhand,Ranchi,2019-02-13,14.7,4.9,40.3,Clear
Madhya Pradesh,Gwalior,2019-02-13,16.7,4.2,61.2,Clear
Mizoram,Aizawl,2019-02-13,17.4,5.8,60.1,Cloudy
Arunachal Pradesh,Itanagar,2019-02-12,20.3,3.3,30.6,Clear
Sikkim,Gangtok,2019-02-12,15.3,3.7,58.0,Foggy
Uttar Pradesh,Kanpur,2019-02-12,17.8,3.5,44.3,Cloudy
Ladakh,Kargil,2019-02-12,18.5,5.1,43.2,Foggy
Himachal Pradesh,Shimla,2019-02-11,24.1,3.5,33.5,Foggy
Jharkhand,Jamshedpur,2019-02-11,23.1,0.7,49.6,Clear
West Bengal,Siliguri,2019-02-11,15.7,1.4,42.2,Foggy
Ladakh,Leh,2019-02-11,22.3,5.3,46.1,Clear
Punjab,Chandigarh,2019-02-09,24.8,6.9,50.4,Sunny
Telangana,Warangal,2019-02-09,17.9,1.8,61.5,Clear
Gujarat,Ahmedabad,2019-02-08,22.7,4.8,48.3,Clear
Meghalaya,Shillong,2019-02-08,19.5,3.4,63.1,Clear
Assam,Silchar,2019-02-06,20.7,7.3,45.4,Clear
Haryana,Faridabad,2019-02-06,22.2,4.3,47.8,Cloudy
Karnataka,Mangaluru,2019-02-06,12.6,6.4,39.1,Cloudy
Nagaland,Dimapur,2019-02-06,14.8,5.0,40.4,Sunny
Uttarakhand,Haridwar,2019-02-06,23.7,1.3,50.2,Foggy
Andhra Pradesh,Guntur,2019-02-05,25.3,2.9,51.8,Foggy
Gujarat,Surat,2019-02-04,23.9,2.4,48.6,Clear
Odisha,Cuttack,2019-02-04,13.3,1.7,56.0,Foggy
Punjab,Jalandhar,2019-02-04,14.3,4.5,39.9,Clear
Telangana,Nizamabad,2019-02-04,8.4,2.2,34.9,Sunny
Himachal Pradesh,Manali,2019-02-03,22.1,1.5,31.5,Foggy
West Bengal,Darjeeling,2019-02-03,14.2,1.7,58.7,Cloudy
Rajasthan,Jaipur,2019-02-02,17.5,7.7,43.1,Clear
Rajasthan,Udaipur,2019-02-02,10.6,2.6,54.2,Cloudy
Telangana,Hyderabad,2019-02-02,25.9,1.7,34.4,Clear
Andhra Pradesh,Visakhapatnam,2019-02-01,23.6,0.3,51.9,Sunny
Tamil Nadu,Madurai,2019-02-01,8.5,0.5,52.1,Foggy
Kerala,Kochi,2019-01-31,25.6,2.3,32.3,Sunny
Maharashtra,Pune,2019-01-31,17.0,7.2,42.6,Cloudy
Tripura,Agartala,2019-01-31,17.0,7.2,42.6,Cloudy
Bihar,Bhagalpur,2019-01-30,21.3,1.6,64.0,Foggy
Gujarat,Vadodara,2019-01-30,14.9,5.1,40.5,Foggy
Assam,Dibrugarh,2019-01-29,22.9,3.2,30.5,Foggy
Kerala,Thiruvananthapuram,2019-01-29,24.2,7.2,34.5,Cloudy
Arunachal Pradesh,Naharlagun,2019-01-28,22.6,7.4,50.9,Cloudy
Assam,Guwahati,2019-01-28,13.4,1.8,56.1,Cloudy
Goa,Margao,2019-01-28,22.5,5.5,46.3,Foggy
Madhya Pradesh,Jabalpur,2019-01-28,24.3,3.7,33.7,Clear
Andhra Pradesh,Vijayawada,2019-01-27,8.4,7.6,53.8,Sunny
Karnataka,Mysuru,2019-01-27,19.7,1.8,45.3,Foggy
Bihar,Patna,2019-01-26,15.1,8.0,56.9,Clear
Chhattisgarh,Raipur,2019-01-25,13.3,7.1,39.8,Foggy
Tamil Nadu,Tiruchirappalli,2019-01-25,23.2,6.2,33.5,Sunny
Bihar,Gaya,2019-01-24,21.5,4.5,45.3,Clear
Karnataka,Hubballi,2019-01-23,15.5,7.5,59.1,Clear
Kerala,Kozhikode,2019-01-23,15.0,5.2,40.6,Cloudy
Maharashtra,Aurangabad,2019-01-23,21.2,0.6,30.6,Sunny
Rajasthan,Jodhpur,2019-01-22,9.7,1.7,53.3,Foggy
Madhya Pradesh,Bhopal,2019-01-21,19.7,5.4,46.2,Foggy
Manipur,Imphal,2019-01-21,13.5,1.9,56.2,Clear
West Bengal,Kolkata,2019-01-21,18.7,2.6,62.3,Clear
Karnataka,Bengaluru,2019-01-20,10.2,4.0,36.7,Cloudy
Uttarakhand,Dehradun,2019-01-20,21.3,7.0,47.8,Foggy
West Bengal,Howrah,2019-01-20,9.2,1.2,52.8,Sunny
Uttar Pradesh,Agra,2019-01-18,8.7,0.7,52.3,Clear
Himachal Pradesh,Dharamshala,2019-01-17,18.0,2.8,46.3,Sunny
Madhya Pradesh,Indore,2019-01-16,20.3,6.0,46.8,Clear
Maharashtra,Nashik,2019-01-15,17.2,1.1,60.8,Sunny
Odisha,Bhubaneswar,2019-01-15,17.2,1.1,60.8,Sunny
Chhattisgarh,Durg,2019-01-14,25.7,7.8,51.3,Foggy
Delhi (NCT),New Delhi,2019-01-14,25.7,7.8,51.3,Foggy
Goa,Panaji,2019-01-13,20.6,3.6,44.4,Cloudy
Haryana,Gurugram,2019-01-13,16.2,6.4,41.8,Cloudy
Maharashtra,Mumbai,2019-01-13,16.7,0.6,60.3,Clear
Rajasthan,Kota,2019-01-13,11.5,8.0,54.2,Clear
Punjab,Ludhiana,2019-01-12,20.5,0.8,63.2,Foggy
Tamil Nadu,Chennai,2019-01-11,23.1,5.2,48.7,Clear
Uttarakhand,Nainital,2019-01-11,20.9,6.6,47.4,Foggy
Gujarat,Rajkot,2019-01-10,12.6,1.0,55.3,Cloudy
Andhra Pradesh,Tirupati,2019-01-09,25.1,4.5,34.5,Clear
Jharkhand,Dhanbad,2019-01-09,18.9,1.0,44.5,Foggy
Nagaland,Kohima,2019-01-09,17.9,6.3,60.6,Clear
Tamil Nadu,Coimbatore,2019-01-09,20.4,6.1,46.9,Sunny
Uttar Pradesh,Lucknow,2019-01-08,25.7,3.3,52.2,Foggy
Jharkhand,Ranchi,2019-01-07,11.0,1.2,36.6,Cloudy
Madhya Pradesh,Gwalior,2019-01-07,13.0,0.5,57.5,Cloudy
Mizoram,Aizawl,2019-01-07,13.7,2.1,56.4,Foggy
Arunachal Pradesh,Itanagar,2019-01-06,16.6,7.7,62.0,Cloudy
Sikkim,Gangtok,2019-01-06,11.6,0.0,54.3,Sunny
Uttar Pradesh,Kanpur,2019-01-06,14.1,7.9,40.6,Foggy
Ladakh,Kargil,2019-01-06,14.8,1.4,39.5,Sunny
Himachal Pradesh,Shimla,2019-01-05,20.4,7.9,64.9,Sunny
Jharkhand,Jamshedpur,2019-01-05,19.4,5.1,45.9,Cloudy
West Bengal,Siliguri,2019-01-05,12.0,5.8,38.5,Sunny
Ladakh,Leh,2019-01-05,18.6,1.6,42.4,Cloudy
Punjab,Chandigarh,2019-01-03,21.1,3.2,46.7,Clear
Telangana,Warangal,2019-01-03,14.2,6.2,57.8,Cloudy
Gujarat,Ahmedabad,2019-01-02,19.0,1.1,44.6,Cloudy
Meghalaya,Shillong,2019-01-02,15.8,7.8,59.4,Cloudy
Assam,Silchar,2018-12-31,17.0,3.6,41.7,Cloudy
Haryana,Faridabad,2018-12-31,18.5,0.6,44.1,Foggy
Karnataka,Mangaluru,2018-12-31,8.9,2.7,35.4,Foggy
Nagaland,Dimapur,2018-12-31,11.1,1.3,36.7,Clear
Uttarakhand,Haridwar,2018-12-31,20.0,5.7,46.5,Sunny
Andhra Pradesh,Guntur,2018-12-30,21.6,7.3,48.1,Sunny
Gujarat,Surat,2018-12-29,20.2,6.8,44.9,Cloudy
Odisha,Cuttack,2018-12-29,9.6,6.1,52.3,Sunny
Punjab,Jalandhar,2018-12-29,10.6,0.8,36.2,Cloudy
Telangana,Nizamabad,2018-12-29,22.7,6.6,31.2,Clear
Himachal Pradesh,Manali,2018-12-28,18.4,5.9,62.9,Sunny
West Bengal,Darjeeling,2018-12-28,10.5,6.1,55.0,Foggy
Rajasthan,Jaipur,2018-12-27,13.8,4.0,39.4,Cloudy
Rajasthan,Udaipur,2018-12-27,24.9,7.0,50.5,Foggy
Telangana,Hyderabad,2018-12-27,22.2,6.1,30.7,Cloudy
Andhra Pradesh,Visakhapatnam,2018-12-26,19.9,4.7,48.2,Clear
Tamil Nadu,Madurai,2018-12-26,22.8,4.9,48.4,Sunny
Kerala,Kochi,2018-12-25,21.9,6.7,63.7,Clear
Maharashtra,Pune,2018-12-25,13.3,3.5,38.9,Foggy
Tripura,Agartala,2018-12-25,13.3,3.5,38.9,Foggy
Bihar,Bhagalpur,2018-12-24,17.6,6.0,60.3,Sunny
Gujarat,Vadodara,2018-12-24,11.2,1.4,36.8,Sunny
Kerala,Thiruvananthapuram,2018-12-23,20.5,3.5,30.8,Foggy
Arunachal Pradesh,Naharlagun,2018-12-22,18.9,3.7,47.2,Foggy
Assam,Guwahati,2018-12-22,9.7,6.2,52.4,Foggy
Goa,Margao,2018-12-22,18.8,1.8,42.6,Sunny
Madhya Pradesh,Jabalpur,2018-12-22,20.6,0.0,30.0,Cloudy
Andhra Pradesh,Vijayawada,2018-12-21,22.7,3.9,50.1,Clear
Karnataka,Mysuru,2018-12-21,16.0,6.2,41.6,Sunny
Bihar,Patna,2018-12-20,11.4,4.3,53.2,Cloudy
Chhattisgarh,Raipur,2018-12-19,9.6,3.4,36.1,Sunny
Tamil Nadu,Tiruchirappalli,2018-12-19,19.5,2.5,64.9,Clear
Bihar,Gaya,2018-12-18,17.8,0.8,41.6,Cloudy
Karnataka,Hubballi,2018-12-17,11.8,3.8,55.4,Cloudy
Kerala,Kozhikode,2018-12-17,11.3,1.5,36.9,Foggy
Maharashtra,Aurangabad,2018-12-17,17.5,5.0,62.0,Clear
Rajasthan,Jodhpur,2018-12-16,24.0,6.1,49.6,Sunny
Madhya Pradesh,Bhopal,2018-12-15,16.0,1.7,42.5,Sunny
Manipur,Imphal,2018-12-15,9.8,6.3,52.5,Cloudy
Karnataka,Bengaluru,2018-12-14,24.5,0.3,33.0,Foggy
Uttarakhand,Dehradun,2018-12-14,17.6,3.3,44.1,Sunny
West Bengal,Howrah,2018-12-14,23.5,5.6,49.1,Clear
Uttar Pradesh,Agra,2018-12-12,23.0,5.1,48.6,Cloudy
Himachal Pradesh,Dharamshala,2018-12-11,14.3,7.2,42.6,Clear
Madhya Pradesh,Indore,2018-12-10,16.6,2.3,43.1,Cloudy
Maharashtra,Nashik,2018-12-09,13.5,5.5,57.1,Clear
Odisha,Bhubaneswar,2018-12-09,13.5,5.5,57.1,Clear
Chhattisgarh,Durg,2018-12-08,22.0,4.1,47.6,Sunny
Delhi (NCT),New Delhi,2018-12-08,22.0,4.1,47.6,Sunny
Goa,Panaji,2018-12-07,16.9,8.0,40.7,Foggy
Haryana,Gurugram,2018-12-07,12.5,2.7,38.1,Foggy
Maharashtra,Mumbai,2018-12-07,13.0,5.0,56.6,Cloudy
Rajasthan,Kota,2018-12-07,25.8,4.3,50.5,Cloudy
Punjab,Ludhiana,2018-12-06,16.8,5.2,59.5,Sunny
Tamil Nadu,Chennai,2018-12-05,19.4,1.5,45.0,Cloudy
Uttarakhand,Nainital,2018-12-05,17.2,2.9,43.7,Sunny
Gujarat,Rajkot,2018-12-04,8.9,5.4,51.6,Foggy
Andhra Pradesh,Tirupati,2018-12-03,21.4,0.8,30.8,Cloudy
Jharkhand,Dhanbad,2018-12-03,15.2,5.4,40.8,Sunny
Nagaland,Kohima,2018-12-03,14.2,2.6,56.9,Cloudy
Tamil Nadu,Coimbatore,2018-12-03,16.7,2.4,43.2,Clear
Uttar Pradesh,Lucknow,2018-12-02,22.0,7.7,48.5,Sunny
Jharkhand,Ranchi,2018-12-01,25.3,5.6,32.9,Foggy
Madhya Pradesh,Gwalior,2018-12-01,9.3,4.9,53.8,Foggy
Mizoram,Aizawl,2018-12-01,10.0,6.5,52.7,Sunny
Arunachal Pradesh,Itanagar,2018-11-30,22.2,4.3,68.3,Sunny
Sikkim,Gangtok,2018-11-30,30.0,16.8,45.6,Humid
Uttar Pradesh,Kanpur,2018-11-30,26.1,23.1,72.0,Cloudy
Ladakh,Kargil,2018-11-30,30.3,2.0,60.9,Humid
Himachal Pradesh,Shimla,2018-11-29,20.2,22.3,66.2,Humid
Jharkhand,Jamshedpur,2018-11-29,31.4,3.3,47.2,Sunny
West Bengal,Siliguri,2018-11-29,24.0,21.0,69.9,Humid
Ladakh,Leh,2018-11-29,28.3,20.0,58.8,Sunny
Punjab,Chandigarh,2018-11-27,27.3,19.2,73.1,Clear
Telangana,Warangal,2018-11-27,23.3,5.2,54.1,Sunny
Gujarat,Ahmedabad,2018-11-26,25.2,17.1,71.0,Sunny
Meghalaya,Shillong,2018-11-26,24.9,6.8,55.7,Sunny
Assam,Silchar,2018-11-24,32.5,4.2,63.1,Sunny
Haryana,Faridabad,2018-11-24,24.7,16.6,70.5,Cloudy
Karnataka,Mangaluru,2018-11-24,20.9,17.9,66.8,Cloudy
Nagaland,Dimapur,2018-11-24,32.4,9.2,63.1,Clear
Uttarakhand,Haridwar,2018-11-24,32.0,3.9,47.8,Humid
Andhra Pradesh,Guntur,2018-11-23,18.5,5.5,49.4,Humid
Gujarat,Surat,2018-11-22,20.6,7.4,66.3,Sunny
Odisha,Cuttack,2018-11-22,28.0,14.8,73.7,Humid
Punjab,Jalandhar,2018-11-22,31.9,8.7,62.6,Sunny
Telangana,Nizamabad,2018-11-22,31.8,13.7,62.6,Clear
Himachal Pradesh,Manali,2018-11-21,18.2,20.3,64.2,Humid
West Bengal,Darjeeling,2018-11-21,25.4,12.4,56.3,Cloudy
Rajasthan,Jaipur,2018-11-20,20.0,11.9,65.8,Sunny
Rajasthan,Udaipur,2018-11-20,31.1,23.0,46.8,Cloudy
Telangana,Hyderabad,2018-11-20,31.3,13.2,62.1,Sunny
Andhra Pradesh,Visakhapatnam,2018-11-19,28.4,0.5,59.5,Clear
Tamil Nadu,Madurai,2018-11-19,29.0,20.9,74.8,Humid
Kerala,Kochi,2018-11-18,19.4,16.2,50.0,Clear
Maharashtra,Pune,2018-11-18,19.5,11.4,65.3,Cloudy
Tripura,Agartala,2018-11-18,19.5,11.4,65.3,Cloudy
Bihar,Bhagalpur,2018-11-17,20.9,22.8,51.6,Humid
Gujarat,Vadodara,2018-11-17,32.5,9.3,63.2,Humid
Kerala,Thiruvananthapuram,2018-11-16,26.1,8.2,72.2,Cloudy
Arunachal Pradesh,Naharlagun,2018-11-15,27.4,24.6,58.5,Cloudy
Assam,Guwahati,2018-11-15,28.1,14.9,73.8,Cloudy
Goa,Margao,2018-11-15,28.5,20.2,59.0,Humid
Madhya Pradesh,Jabalpur,2018-11-15,20.4,22.5,66.4,Sunny
Andhra Pradesh,Vijayawada,2018-11-14,25.4,17.5,56.4,Clear
Karnataka,Mysuru,2018-11-14,22.2,14.1,68.0,Humid
Bihar,Patna,2018-11-13,24.0,5.7,69.6,Sunny
Chhattisgarh,Raipur,2018-11-12,21.6,18.6,67.5,Humid
Tamil Nadu,Tiruchirappalli,2018-11-12,25.1,7.2,71.2,Clear
Bihar,Gaya,2018-11-11,27.5,19.2,58.0,Sunny
Karnataka,Hubballi,2018-11-10,20.9,2.8,51.7,Sunny
Kerala,Kozhikode,2018-11-10,32.6,9.4,63.3,Cloudy
Maharashtra,Aurangabad,2018-11-10,32.4,19.4,63.3,Clear
Rajasthan,Jodhpur,2018-11-09,30.2,22.1,45.9,Humid
Madhya Pradesh,Bhopal,2018-11-08,28.0,25.0,73.9,Humid
Manipur,Imphal,2018-11-08,28.2,15.0,73.9,Sunny
Karnataka,Bengaluru,2018-11-07,18.5,15.5,64.4,Cloudy
Uttarakhand,Dehradun,2018-11-07,29.6,1.5,45.4,Humid
West Bengal,Howrah,2018-11-07,29.7,21.6,45.4,Clear
Uttar Pradesh,Agra,2018-11-05,29.2,21.1,75.0,Sunny
Himachal Pradesh,Dharamshala,2018-11-04,22.8,20.0,53.9,Clear
Madhya Pradesh,Indore,2018-11-03,28.6,0.5,74.5,Sunny
Maharashtra,Nashik,2018-11-02,22.6,4.5,53.4,Clear
Odisha,Bhubaneswar,2018-11-02,22.6,4.5,53.4,Clear
Chhattisgarh,Durg,2018-11-01,28.2,20.1,74.0,Humid
Delhi (NCT),New Delhi,2018-11-01,28.2,20.1,74.0,Humid
Goa,Panaji,2018-10-31,26.6,18.3,57.1,Cloudy
Haryana,Gurugram,2018-10-31,18.7,10.6,64.5,Cloudy
Maharashtra,Mumbai,2018-10-31,22.1,4.0,52.9,Sunny
Rajasthan,Kota,2018-10-31,26.2,13.0,71.9,Sunny
Punjab,Ludhiana,2018-10-30,20.1,22.0,50.8,Humid
Tamil Nadu,Chennai,2018-10-29,25.6,17.5,71.4,Sunny
Uttarakhand,Nainital,2018-10-29,29.2,1.1,45.0,Humid
Gujarat,Rajkot,2018-10-28,27.3,14.1,73.0,Cloudy
Andhra Pradesh,Tirupati,2018-10-27,21.2,23.3,67.2,Sunny
Jharkhand,Dhanbad,2018-10-27,21.4,13.3,67.2,Humid
Nagaland,Kohima,2018-10-27,32.6,19.4,48.2,Sunny
Tamil Nadu,Coimbatore,2018-10-27,28.7,0.6,74.6,Clear
Uttar Pradesh,Lucknow,2018-10-26,18.9,5.9,49.8,Humid
Jharkhand,Ranchi,2018-10-25,28.6,5.4,59.3,Cloudy
Madhya Pradesh,Gwalior,2018-10-25,24.2,11.2,55.1,Cloudy
Mizoram,Aizawl,2018-10-25,28.4,15.2,74.1,Humid
Arunachal Pradesh,Itanagar,2018-10-24,18.5,0.6,64.6,Cloudy
Sikkim,Gangtok,2018-10-24,26.3,13.1,72.0,Clear
Uttar Pradesh,Kanpur,2018-10-24,22.4,19.4,68.3,Humid
Ladakh,Kargil,2018-10-24,26.6,23.4,57.2,Clear
Himachal Pradesh,Shimla,2018-10-23,31.6,18.6,62.5,Clear
Jharkhand,Jamshedpur,2018-10-23,27.7,24.7,73.6,Cloudy
West Bengal,Siliguri,2018-10-23,20.3,17.3,66.2,Clear
Ladakh,Leh,2018-10-23,24.6,16.3,55.1,Cloudy
Punjab,Chandigarh,2018-10-21,23.6,15.5,69.4,Sunny
Telangana,Warangal,2018-10-21,19.6,1.5,50.4,Cloudy
Gujarat,Ahmedabad,2018-10-20,21.5,13.4,67.3,Cloudy
Meghalaya,Shillong,2018-10-20,21.2,3.1,52.0,Cloudy
Assam,Silchar,2018-10-18,28.8,0.5,59.4,Cloudy
Haryana,Faridabad,2018-10-18,21.0,12.9,66.8,Humid
Karnataka,Mangaluru,2018-10-18,32.3,14.2,63.1,Humid
Nagaland,Dimapur,2018-10-18,28.7,5.5,59.4,Sunny
Uttarakhand,Haridwar,2018-10-18,28.3,0.2,74.2,Clear
Andhra Pradesh,Guntur,2018-10-17,29.9,1.8,45.7,Clear
Gujarat,Surat,2018-10-16,32.0,3.7,62.6,Cloudy
Odisha,Cuttack,2018-10-16,24.3,11.1,70.0,Clear
Punjab,Jalandhar,2018-10-16,28.2,5.0,58.9,Cloudy
Telangana,Nizamabad,2018-10-16,28.1,10.0,58.9,Sunny
Himachal Pradesh,Manali,2018-10-15,29.6,16.6,60.5,Clear
West Bengal,Darjeeling,2018-10-15,21.7,8.7,52.6,Humid
Rajasthan,Jaipur,2018-10-14,31.4,8.2,62.1,Cloudy
Rajasthan,Udaipur,2018-10-14,27.4,19.3,73.2,Humid
Telangana,Hyderabad,2018-10-14,27.6,9.5,58.4,Cloudy
Andhra Pradesh,Visakhapatnam,2018-10-13,24.7,21.9,55.8,Sunny
Tamil Nadu,Madurai,2018-10-13,25.3,17.2,71.1,Clear
Kerala,Kochi,2018-10-12,30.8,12.5,46.3,Sunny
Maharashtra,Pune,2018-10-12,30.9,7.7,61.6,Humid
Tripura,Agartala,2018-10-12,30.9,7.7,61.6,Humid
Bihar,Bhagalpur,2018-10-11,32.3,19.1,47.9,Clear
Gujarat,Vadodara,2018-10-11,28.8,5.6,59.5,Clear
Kerala,Thiruvananthapuram,2018-10-10,22.4,4.5,68.5,Humid
Arunachal Pradesh,Naharlagun,2018-10-09,23.7,20.9,54.8,Humid
Assam,Guwahati,2018-10-09,24.4,11.2,70.1,Humid
Goa,Margao,2018-10-09,24.8,16.5,55.3,Clear
Madhya Pradesh,Jabalpur,2018-10-09,31.8,18.8,62.7,Cloudy
Andhra Pradesh,Vijayawada,2018-10-08,21.7,13.8,52.7,Sunny
Karnataka,Mysuru,2018-10-08,18.5,10.4,64.3,Clear
Bihar,Patna,2018-10-07,20.3,2.0,65.9,Cloudy
Chhattisgarh,Raipur,2018-10-06,33.0,14.9,63.8,Clear
Tamil Nadu,Tiruchirappalli,2018-10-06,21.4,3.5,67.5,Sunny
Bihar,Gaya,2018-10-05,23.8,15.5,54.3,Cloudy
Karnataka,Hubballi,2018-10-04,32.3,24.2,48.0,Cloudy
Kerala,Kozhikode,2018-10-04,28.9,5.7,59.6,Humid
Maharashtra,Aurangabad,2018-10-04,28.7,15.7,59.6,Sunny
Rajasthan,Jodhpur,2018-10-03,26.5,18.4,72.3,Clear
Madhya Pradesh,Bhopal,2018-10-02,24.3,21.3,70.2,Clear
Manipur,Imphal,2018-10-02,24.5,11.3,70.2,Cloudy
Karnataka,Bengaluru,2018-10-01,29.9,11.8,60.7,Humid
Uttarakhand,Dehradun,2018-10-01,25.9,22.9,71.8,Clear
West Bengal,Howrah,2018-10-01,26.0,17.9,71.8,Sunny
Uttar Pradesh,Agra,2018-09-29,25.2,76.9,91.3,Rainy
Himachal Pradesh,Dharamshala,2018-09-28,24.6,176.2,70.2,Cloudy
Madhya Pradesh,Indore,2018-09-27,32.6,106.5,90.8,Rainy
Maharashtra,Nashik,2018-09-26,33.7,85.4,69.7,Cloudy
Odisha,Bhubaneswar,2018-09-26,33.7,85.4,69.7,Cloudy
Chhattisgarh,Durg,2018-09-25,24.2,75.9,90.3,Stormy
Delhi (NCT),New Delhi,2018-09-25,24.2,75.9,90.3,Stormy
Goa,Panaji,2018-09-24,24.8,163.9,73.4,Heavy Rain
Haryana,Gurugram,2018-09-24,25.8,66.4,80.8,Heavy Rain
Maharashtra,Mumbai,2018-09-24,33.2,84.9,69.2,Rainy
Rajasthan,Kota,2018-09-24,25.3,43.7,88.2,Rainy
Tamil Nadu,Chennai,2018-09-22,32.7,73.3,87.7,Rainy
Uttarakhand,Nainital,2018-09-22,33.2,107.1,91.4,Stormy
Gujarat,Rajkot,2018-09-21,26.4,44.8,89.3,Heavy Rain
Andhra Pradesh,Tirupati,2018-09-20,33.2,129.3,83.5,Rainy
Jharkhand,Dhanbad,2018-09-20,28.5,69.1,83.5,Stormy
Nagaland,Kohima,2018-09-20,31.7,50.1,94.6,Rainy
Tamil Nadu,Coimbatore,2018-09-20,32.7,106.6,90.9,Cloudy
Uttar Pradesh,Lucknow,2018-09-19,26.9,111.9,66.1,Stormy
Jharkhand,Ranchi,2018-09-18,31.7,61.2,75.6,Heavy Rain
Madhya Pradesh,Gwalior,2018-09-18,32.2,117.2,71.4,Heavy Rain
Mizoram,Aizawl,2018-09-18,27.5,45.9,90.4,Stormy
Arunachal Pradesh,Itanagar,2018-09-17,27.4,156.8,80.9,Heavy Rain
Sikkim,Gangtok,2018-09-17,25.4,43.8,88.3,Cloudy
Uttar Pradesh,Kanpur,2018-09-17,26.4,100.3,84.6,Stormy
Ladakh,Kargil,2018-09-17,32.8,29.0,73.5,Cloudy
Himachal Pradesh,Shimla,2018-09-16,28.5,124.6,78.8,Cloudy
Jharkhand,Jamshedpur,2018-09-16,31.7,105.6,89.9,Heavy Rain
West Bengal,Siliguri,2018-09-16,24.3,98.2,82.5,Cloudy
Ladakh,Leh,2018-09-16,33.9,161.9,71.4,Heavy Rain
Punjab,Chandigarh,2018-09-14,30.7,71.3,85.7,Rainy
Telangana,Warangal,2018-09-14,30.7,82.4,66.7,Heavy Rain
Gujarat,Ahmedabad,2018-09-13,28.6,69.2,83.6,Heavy Rain
Meghalaya,Shillong,2018-09-13,32.3,84.0,68.3,Heavy Rain
Assam,Silchar,2018-09-11,23.9,31.2,75.7,Heavy Rain
Haryana,Faridabad,2018-09-11,28.1,68.7,83.1,Stormy
Karnataka,Mangaluru,2018-09-11,32.3,95.1,79.4,Stormy
Nagaland,Dimapur,2018-09-11,31.8,61.3,75.7,Rainy
Uttarakhand,Haridwar,2018-09-11,32.3,106.2,90.5,Cloudy
Andhra Pradesh,Guntur,2018-09-10,33.9,107.8,92.1,Cloudy
Gujarat,Surat,2018-09-09,27.1,34.4,78.9,Heavy Rain
Odisha,Cuttack,2018-09-09,23.4,41.8,86.3,Cloudy
Punjab,Jalandhar,2018-09-09,31.3,60.8,75.2,Heavy Rain
Telangana,Nizamabad,2018-09-09,28.1,90.9,75.2,Rainy
Himachal Pradesh,Manali,2018-09-08,26.5,122.6,76.8,Cloudy
West Bengal,Darjeeling,2018-09-08,29.7,114.7,68.9,Stormy
Rajasthan,Jaipur,2018-09-07,23.4,64.0,78.4,Heavy Rain
Rajasthan,Udaipur,2018-09-07,23.4,75.1,89.5,Stormy
Telangana,Hyderabad,2018-09-07,27.6,90.4,74.7,Heavy Rain
Andhra Pradesh,Visakhapatnam,2018-09-06,26.5,178.1,72.1,Rainy
Tamil Nadu,Madurai,2018-09-06,32.4,73.0,87.4,Cloudy
Maharashtra,Pune,2018-09-05,34.0,63.5,77.9,Stormy
Tripura,Agartala,2018-09-05,34.0,63.5,77.9,Stormy
Bihar,Bhagalpur,2018-09-04,31.4,49.8,94.3,Cloudy
Gujarat,Vadodara,2018-09-04,31.9,61.4,75.8,Cloudy
Kerala,Thiruvananthapuram,2018-09-03,31.3,160.7,84.8,Stormy
Arunachal Pradesh,Naharlagun,2018-09-02,25.5,177.1,71.1,Stormy
Assam,Guwahati,2018-09-02,23.5,41.9,86.4,Stormy
Goa,Margao,2018-09-02,23.0,162.1,71.6,Cloudy
Madhya Pradesh,Jabalpur,2018-09-02,28.7,124.8,79.0,Heavy Rain
Andhra Pradesh,Vijayawada,2018-09-01,26.6,144.9,69.0,Rainy
Karnataka,Mysuru,2018-09-01,25.6,66.2,80.6,Cloudy
Bihar,Patna,2018-08-31,33.6,172.7,82.2,Heavy Rain
Chhattisgarh,Raipur,2018-08-30,33.0,95.8,80.1,Cloudy
Tamil Nadu,Tiruchirappalli,2018-08-30,30.3,159.7,83.8,Rainy
Bihar,Gaya,2018-08-29,33.1,161.1,70.6,Heavy Rain
Karnataka,Hubballi,2018-08-28,28.3,80.0,94.4,Heavy Rain
Kerala,Kozhikode,2018-08-28,32.0,61.5,75.9,Stormy
Maharashtra,Aurangabad,2018-08-28,25.6,121.7,75.9,Rainy
Rajasthan,Jodhpur,2018-08-27,33.6,74.2,88.6,Cloudy
Madhya Pradesh,Bhopal,2018-08-26,28.3,102.2,86.5,Cloudy
Manipur,Imphal,2018-08-26,23.6,42.0,86.5,Heavy Rain
Karnataka,Bengaluru,2018-08-25,29.9,92.7,77.0,Stormy
Uttarakhand,Dehradun,2018-08-25,29.9,103.8,88.1,Cloudy
West Bengal,Howrah,2018-08-25,33.1,73.7,88.1,Rainy
Uttar Pradesh,Agra,2018-08-23,32.6,73.2,87.6,Heavy Rain
Himachal Pradesh,Dharamshala,2018-08-22,32.0,172.5,66.5,Rainy
Madhya Pradesh,Indore,2018-08-21,28.9,102.8,87.1,Heavy Rain
Chhattisgarh,Durg,2018-08-19,31.6,72.2,86.6,Cloudy
Delhi (NCT),New Delhi,2018-08-19,31.6,72.2,86.6,Cloudy
Goa,Panaji,2018-08-18,32.2,160.2,69.7,Stormy
Haryana,Gurugram,2018-08-18,33.2,62.7,77.1,Stormy
Maharashtra,Mumbai,2018-08-18,29.5,81.2,65.5,Heavy Rain
Rajasthan,Kota,2018-08-18,32.7,40.0,84.5,Heavy Rain
Tamil Nadu,Chennai,2018-08-16,29.0,69.6,84.0,Heavy Rain
Uttarakhand,Nainital,2018-08-16,29.5,103.4,87.7,Cloudy
Gujarat,Rajkot,2018-08-15,33.8,41.1,85.6,Stormy
Andhra Pradesh,Tirupati,2018-08-14,29.5,125.6,79.8,Heavy Rain
Jharkhand,Dhanbad,2018-08-14,24.8,65.4,79.8,Cloudy
Nagaland,Kohima,2018-08-14,28.0,46.4,90.9,Heavy Rain
Tamil Nadu,Coimbatore,2018-08-14,29.0,102.9,87.2,Rainy
Uttar Pradesh,Lucknow,2018-08-13,23.2,108.2,92.5,Cloudy
Jharkhand,Ranchi,2018-08-12,28.0,57.5,71.9,Stormy
Mizoram,Aizawl,2018-08-12,23.8,42.2,86.7,Cloudy
Arunachal Pradesh,Itanagar,2018-08-11,23.7,153.1,77.2,Stormy
Sikkim,Gangtok,2018-08-11,32.8,40.1,84.6,Rainy
Uttar Pradesh,Kanpur,2018-08-11,33.8,96.6,80.9,Cloudy
Ladakh,Kargil,2018-08-11,29.1,25.3,69.8,Rainy
Himachal Pradesh,Shimla,2018-08-10,24.8,120.9,75.1,Rainy
Jharkhand,Jamshedpur,2018-08-10,28.0,101.9,86.2,Stormy
West Bengal,Siliguri,2018-08-10,31.7,94.5,78.8,Rainy
Ladakh,Leh,2018-08-10,30.2,158.2,67.7,Stormy
Punjab,Chandigarh,2018-08-08,27.0,67.6,82.0,Heavy Rain
Telangana,Warangal,2018-08-08,27.0,78.7,93.1,Stormy
Gujarat,Ahmedabad,2018-08-07,24.9,65.5,79.9,Stormy
Assam,Silchar,2018-08-05,31.3,27.5,72.0,Stormy
Haryana,Faridabad,2018-08-05,24.4,65.0,79.4,Cloudy
Karnataka,Mangaluru,2018-08-05,28.6,91.4,75.7,Cloudy
Nagaland,Dimapur,2018-08-05,28.1,57.6,72.0,Heavy Rain
Uttarakhand,Haridwar,2018-08-05,28.6,102.5,86.8,Rainy
Andhra Pradesh,Guntur,2018-08-04,30.2,104.1,88.4,Rainy
Gujarat,Surat,2018-08-03,23.4,30.7,75.2,Stormy
Odisha,Cuttack,2018-08-03,30.8,38.1,82.6,Rainy
Punjab,Jalandhar,2018-08-03,27.6,57.1,71.5,Stormy
Telangana,Nizamabad,2018-08-03,24.4,87.2,71.5,Heavy Rain
Himachal Pradesh,Manali,2018-08-02,33.9,118.9,73.1,Rainy
West Bengal,Darjeeling,2018-08-02,26.0,111.0,65.2,Cloudy
Rajasthan,Jaipur,2018-08-01,30.8,60.3,74.7,Stormy
Rajasthan,Udaipur,2018-08-01,30.8,71.4,85.8,Cloudy
Telangana,Hyderabad,2018-08-01,23.9,86.7,71.0,Stormy
Andhra Pradesh,Visakhapatnam,2018-07-31,33.9,174.4,68.4,Heavy Rain
Tamil Nadu,Madurai,2018-07-31,28.7,69.3,83.7,Rainy
Maharashtra,Pune,2018-07-30,30.3,59.8,74.2,Cloudy
Tripura,Agartala,2018-07-30,30.3,59.8,74.2,Cloudy
Bihar,Bhagalpur,2018-07-29,27.7,46.1,90.6,Rainy
Gujarat,Vadodara,2018-07-29,28.2,57.7,72.1,Rainy
Kerala,Thiruvananthapuram,2018-07-28,27.6,157.0,81.1,Cloudy
Arunachal Pradesh,Naharlagun,2018-07-27,32.9,173.4,67.4,Cloudy
Assam,Guwahati,2018-07-27,30.9,38.2,82.7,Cloudy
Goa,Margao,2018-07-27,30.4,158.4,67.9,Rainy
Madhya Pradesh,Jabalpur,2018-07-27,25.0,121.1,75.3,Stormy
Andhra Pradesh,Vijayawada,2018-07-26,34.0,141.2,65.3,Heavy Rain
Karnataka,Mysuru,2018-07-26,33.0,62.5,76.9,Rainy
Bihar,Patna,2018-07-25,29.9,169.0,78.5,Stormy
Chhattisgarh,Raipur,2018-07-24,29.3,92.1,76.4,Rainy
Tamil Nadu,Tiruchirappalli,2018-07-24,26.6,156.0,80.1,Heavy Rain
Bihar,Gaya,2018-07-23,29.4,157.4,66.9,Stormy
Karnataka,Hubballi,2018-07-22,24.6,76.3,90.7,Stormy
Kerala,Kozhikode,2018-07-22,28.3,57.8,72.2,Cloudy
Maharashtra,Aurangabad,2018-07-22,33.0,118.0,72.2,Heavy Rain
Rajasthan,Jodhpur,2018-07-21,29.9,70.5,84.9,Rainy
Madhya Pradesh,Bhopal,2018-07-20,24.6,98.5,82.8,Rainy
Manipur,Imphal,2018-07-20,31.0,38.3,82.8,Stormy
Karnataka,Bengaluru,2018-07-19,26.2,89.0,73.3,Cloudy
Uttarakhand,Dehradun,2018-07-19,26.2,100.1,84.4,Rainy
West Bengal,Howrah,2018-07-19,29.4,70.0,84.4,Heavy Rain
Uttar Pradesh,Agra,2018-07-17,28.9,69.5,83.9,Stormy
Himachal Pradesh,Dharamshala,2018-07-16,28.3,168.8,92.9,Heavy Rain
Madhya Pradesh,Indore,2018-07-15,25.2,99.1,83.4,Stormy
Chhattisgarh,Durg,2018-07-13,27.9,68.5,82.9,Rainy
Delhi (NCT),New Delhi,2018-07-13,27.9,68.5,82.9,Rainy
Goa,Panaji,2018-07-12,28.5,156.5,66.0,Cloudy
Haryana,Gurugram,2018-07-12,29.5,59.0,73.4,Cloudy
Rajasthan,Kota,2018-07-12,29.0,36.3,80.8,Stormy
Tamil Nadu,Chennai,2018-07-10,25.3,65.9,80.3,Stormy
Uttarakhand,Nainital,2018-07-10,25.8,99.7,84.0,Rainy
Gujarat,Rajkot,2018-07-09,30.1,37.4,81.9,Cloudy
Andhra Pradesh,Tirupati,2018-07-08,25.8,121.9,76.1,Stormy
Jharkhand,Dhanbad,2018-07-08,32.2,61.7,76.1,Rainy
Nagaland,Kohima,2018-07-08,24.3,42.7,87.2,Stormy
Tamil Nadu,Coimbatore,2018-07-08,25.3,99.2,83.5,Heavy Rain
Uttar Pradesh,Lucknow,2018-07-07,30.6,104.5,88.8,Rainy
Jharkhand,Ranchi,2018-07-06,24.3,53.8,68.2,Cloudy
Mizoram,Aizawl,2018-07-06,31.2,38.5,83.0,Rainy
Arunachal Pradesh,Itanagar,2018-07-05,31.1,149.4,73.5,Cloudy
Sikkim,Gangtok,2018-07-05,29.1,36.4,80.9,Heavy Rain
Uttar Pradesh,Kanpur,2018-07-05,30.1,92.9,77.2,Rainy
Ladakh,Kargil,2018-07-05,25.4,21.6,66.1,Heavy Rain
Himachal Pradesh,Shimla,2018-07-04,32.2,117.2,71.4,Heavy Rain
Jharkhand,Jamshedpur,2018-07-04,24.3,98.2,82.5,Cloudy
West Bengal,Siliguri,2018-07-04,28.0,90.8,75.1,Heavy Rain
Ladakh,Leh,2018-07-04,26.5,154.5,94.1,Cloudy
Punjab,Chandigarh,2018-07-02,23.3,63.9,78.3,Stormy
Telangana,Warangal,2018-07-02,23.3,75.0,89.4,Cloudy
Gujarat,Ahmedabad,2018-07-01,32.3,61.8,76.2,Cloudy
Assam,Silchar,2018-06-29,27.6,23.8,68.3,Cloudy
Haryana,Faridabad,2018-06-29,31.8,61.3,75.7,Rainy
Karnataka,Mangaluru,2018-06-29,24.9,87.7,72.0,Rainy
Nagaland,Dimapur,2018-06-29,24.4,53.9,68.3,Stormy
Uttarakhand,Haridwar,2018-06-29,24.9,98.8,83.1,Heavy Rain
Andhra Pradesh,Guntur,2018-06-28,26.5,100.4,84.7,Heavy Rain
Gujarat,Surat,2018-06-27,30.8,27.0,71.5,Cloudy
Odisha,Cuttack,2018-06-27,27.1,34.4,78.9,Heavy Rain
Punjab,Jalandhar,2018-06-27,23.9,53.4,67.8,Cloudy
Telangana,Nizamabad,2018-06-27,31.8,83.5,67.8,Stormy
Himachal Pradesh,Manali,2018-06-26,30.2,115.2,69.4,Heavy Rain
West Bengal,Darjeeling,2018-06-26,33.4,107.3,91.6,Rainy
Rajasthan,Jaipur,2018-06-25,27.1,56.6,71.0,Cloudy
Rajasthan,Udaipur,2018-06-25,27.1,67.7,82.1,Rainy
Telangana,Hyderabad,2018-06-25,31.3,83.0,67.3,Cloudy
Andhra Pradesh,Visakhapatnam,2018-06-24,30.2,170.7,94.8,Stormy
Tamil Nadu,Madurai,2018-06-24,25.0,65.6,80.0,Heavy Rain
Maharashtra,Pune,2018-06-23,26.6,56.1,70.5,Rainy
Tripura,Agartala,2018-06-23,26.6,56.1,70.5,Rainy
Bihar,Bhagalpur,2018-06-22,24.0,42.4,86.9,Heavy Rain
Gujarat,Vadodara,2018-06-22,24.5,54.0,68.4,Heavy Rain
Kerala,Thiruvananthapuram,2018-06-21,23.9,153.3,77.4,Rainy
Jammu and Kashmir,Jammu,2018-06-21,27.1,112.1,66.3,Rainy
Arunachal Pradesh,Naharlagun,2018-06-20,29.2,169.7,93.8,Rainy
Assam,Guwahati,2018-06-20,27.2,34.5,79.0,Rainy
Goa,Margao,2018-06-20,26.7,154.7,94.3,Heavy Rain
Madhya Pradesh,Jabalpur,2018-06-20,32.4,117.4,71.6,Cloudy
Andhra Pradesh,Vijayawada,2018-06-19,30.3,137.5,91.7,Stormy
Karnataka,Mysuru,2018-06-19,29.3,58.8,73.2,Heavy Rain
Bihar,Patna,2018-06-18,26.2,165.3,74.8,Cloudy
Chhattisgarh,Raipur,2018-06-17,25.6,88.4,72.7,Heavy Rain
Tamil Nadu,Tiruchirappalli,2018-06-17,34.0,152.3,76.4,Stormy
Bihar,Gaya,2018-06-16,25.7,153.7,93.3,Cloudy
Karnataka,Hubballi,2018-06-15,32.0,72.6,87.0,Cloudy
Kerala,Kozhikode,2018-06-15,24.6,54.1,68.5,Rainy
Maharashtra,Aurangabad,2018-06-15,29.3,114.3,68.5,Stormy
Rajasthan,Jodhpur,2018-06-14,26.2,66.8,81.2,Heavy Rain
Madhya Pradesh,Bhopal,2018-06-13,32.0,94.8,79.1,Heavy Rain
Manipur,Imphal,2018-06-13,27.3,34.6,79.1,Cloudy
Karnataka,Bengaluru,2018-06-12,33.6,85.3,69.6,Rainy
Uttarakhand,Dehradun,2018-06-12,33.6,96.4,80.7,Heavy Rain
West Bengal,Howrah,2018-06-12,25.7,66.3,80.7,Stormy
Uttar Pradesh,Agra,2018-06-10,25.2,65.8,80.2,Cloudy
Himachal Pradesh,Dharamshala,2018-06-09,24.6,165.1,89.2,Stormy
Madhya Pradesh,Indore,2018-06-08,32.6,95.4,79.7,Cloudy
Chhattisgarh,Durg,2018-06-06,24.2,64.8,79.2,Heavy Rain
Delhi (NCT),New Delhi,2018-06-06,24.2,64.8,79.2,Heavy Rain
Goa,Panaji,2018-06-05,24.8,152.8,92.4,Rainy
Haryana,Gurugram,2018-06-05,25.8,55.3,69.7,Rainy
Rajasthan,Kota,2018-06-05,25.3,32.6,77.1,Cloudy
Tamil Nadu,Chennai,2018-06-03,32.7,62.2,76.6,Cloudy
Uttarakhand,Nainital,2018-06-03,33.2,96.0,80.3,Heavy Rain
Gujarat,Rajkot,2018-06-02,26.4,33.7,78.2,Rainy
Andhra Pradesh,Tirupati,2018-06-01,33.2,118.2,72.4,Cloudy
Jharkhand,Dhanbad,2018-06-01,28.5,58.0,72.4,Heavy Rain
Nagaland,Kohima,2018-06-01,31.7,39.0,83.5,Cloudy
Tamil Nadu,Coimbatore,2018-06-01,32.7,95.5,79.8,Stormy
Uttar Pradesh,Lucknow,2018-05-31,29.3,2.9,15.0,Dry
Jharkhand,Ranchi,2018-05-30,32.9,0.6,34.5,Sunny
Mizoram,Aizawl,2018-05-30,35.7,9.5,19.2,Dry
Arunachal Pradesh,Itanagar,2018-05-29,38.0,11.5,24.8,Sunny
Sikkim,Gangtok,2018-05-29,33.6,7.4,17.1,Clear
Uttar Pradesh,Kanpur,2018-05-29,35.8,3.4,38.5,Dry
Ladakh,Kargil,2018-05-29,36.9,4.7,37.4,Clear
Himachal Pradesh,Shimla,2018-05-28,42.0,3.5,27.7,Clear
Jharkhand,Jamshedpur,2018-05-28,41.1,8.7,43.8,Sunny
West Bengal,Siliguri,2018-05-28,33.7,1.3,36.4,Clear
Ladakh,Leh,2018-05-28,40.9,8.8,40.3,Sunny
Punjab,Chandigarh,2018-05-26,43.0,10.7,44.6,Hot
Telangana,Warangal,2018-05-26,36.0,9.7,20.6,Sunny
Gujarat,Ahmedabad,2018-05-25,40.9,8.6,42.5,Sunny
Assam,Silchar,2018-05-23,39.1,6.9,39.6,Sunny
Haryana,Faridabad,2018-05-23,40.4,8.1,42.0,Dry
Karnataka,Mangaluru,2018-05-23,30.6,10.3,33.3,Dry
Nagaland,Dimapur,2018-05-23,33.0,0.7,34.6,Hot
Uttarakhand,Haridwar,2018-05-23,41.7,9.3,44.4,Clear
Andhra Pradesh,Guntur,2018-05-22,43.3,10.9,46.0,Clear
Gujarat,Surat,2018-05-21,42.3,10.1,42.8,Sunny
Odisha,Cuttack,2018-05-21,31.6,5.4,15.1,Clear
Punjab,Jalandhar,2018-05-21,32.5,0.2,34.1,Sunny
Telangana,Nizamabad,2018-05-21,44.5,6.1,29.1,Hot
Himachal Pradesh,Manali,2018-05-20,40.0,1.5,25.7,Clear
West Bengal,Darjeeling,2018-05-20,32.1,5.7,17.8,Dry
Rajasthan,Jaipur,2018-05-19,35.7,3.4,37.3,Sunny
Rajasthan,Udaipur,2018-05-19,28.7,2.4,48.4,Dry
Telangana,Hyderabad,2018-05-19,44.0,5.6,28.6,Sunny
Andhra Pradesh,Visakhapatnam,2018-05-18,41.2,8.6,46.1,Hot
Tamil Nadu,Madurai,2018-05-18,44.7,0.3,46.3,Clear
Maharashtra,Pune,2018-05-17,35.2,2.9,36.8,Dry
Tripura,Agartala,2018-05-17,35.2,2.9,36.8,Dry
Gujarat,Vadodara,2018-05-16,33.1,0.8,34.7,Clear
Kerala,Thiruvananthapuram,2018-05-15,41.9,3.3,28.7,Dry
Jammu and Kashmir,Jammu,2018-05-15,36.9,10.5,22.6,Dry
Arunachal Pradesh,Naharlagun,2018-05-14,40.2,7.6,45.1,Dry
Assam,Guwahati,2018-05-14,31.7,5.5,15.2,Dry
Goa,Margao,2018-05-14,41.1,9.0,40.5,Clear
Madhya Pradesh,Jabalpur,2018-05-14,42.2,3.7,27.9,Sunny
Andhra Pradesh,Vijayawada,2018-05-13,44.2,11.7,48.0,Hot
Karnataka,Mysuru,2018-05-13,37.9,5.6,39.5,Clear
Bihar,Patna,2018-05-12,33.6,7.5,16.0,Sunny
Chhattisgarh,Raipur,2018-05-11,31.3,11.0,34.0,Clear
Tamil Nadu,Tiruchirappalli,2018-05-11,40.9,2.3,27.7,Hot
Bihar,Gaya,2018-05-10,40.1,8.0,39.5,Sunny
Karnataka,Hubballi,2018-05-09,33.6,7.3,18.2,Sunny
Kerala,Kozhikode,2018-05-09,33.2,0.9,34.8,Dry
Maharashtra,Aurangabad,2018-05-09,39.1,0.6,24.8,Hot
Rajasthan,Jodhpur,2018-05-08,45.9,1.5,47.5,Clear
Madhya Pradesh,Bhopal,2018-05-07,37.7,5.3,40.4,Clear
Manipur,Imphal,2018-05-07,31.8,5.6,15.3,Sunny
Karnataka,Bengaluru,2018-05-06,28.2,7.9,30.9,Dry
Uttarakhand,Dehradun,2018-05-06,39.3,6.9,42.0,Clear
West Bengal,Howrah,2018-05-06,45.4,1.0,47.0,Hot
Uttar Pradesh,Agra,2018-05-04,44.9,0.5,46.5,Sunny
Himachal Pradesh,Dharamshala,2018-05-03,35.6,3.0,40.5,Hot
Delhi (NCT),Rohini,2018-05-03,42.4,4.1,25.9,Clear
Madhya Pradesh,Indore,2018-05-02,38.3,5.9,41.0,Sunny
Chhattisgarh,Durg,2018-04-30,43.9,11.6,45.5,Clear
Delhi (NCT),New Delhi,2018-04-30,43.9,11.6,45.5,Clear
Goa,Panaji,2018-04-29,39.2,7.1,38.6,Dry
Haryana,Gurugram,2018-04-29,34.4,2.1,36.0,Dry
Rajasthan,Kota,2018-04-29,29.8,3.6,48.4,Sunny
Tamil Nadu,Chennai,2018-04-27,41.3,9.0,42.9,Sunny
Uttarakhand,Nainital,2018-04-27,38.9,6.5,41.6,Clear
Gujarat,Rajkot,2018-04-26,30.9,4.7,49.5,Dry
Andhra Pradesh,Tirupati,2018-04-25,43.0,4.5,28.7,Sunny
Jharkhand,Dhanbad,2018-04-25,37.1,4.8,38.7,Clear
Nagaland,Kohima,2018-04-25,36.2,10.0,19.7,Sunny
Tamil Nadu,Coimbatore,2018-04-25,38.4,6.0,41.1,Hot
Uttar Pradesh,Lucknow,2018-04-24,43.7,11.3,46.4,Clear
Jharkhand,Ranchi,2018-04-23,29.2,9.0,30.8,Dry
Mizoram,Aizawl,2018-04-23,32.0,5.8,15.5,Clear
Arunachal Pradesh,Itanagar,2018-04-22,34.3,7.8,21.1,Dry
Sikkim,Gangtok,2018-04-22,29.9,3.7,48.5,Hot
Uttar Pradesh,Kanpur,2018-04-22,32.1,11.8,34.8,Clear
Ladakh,Kargil,2018-04-22,33.2,1.0,33.7,Hot
Himachal Pradesh,Shimla,2018-04-21,38.3,11.9,24.0,Hot
Jharkhand,Jamshedpur,2018-04-21,37.4,5.0,40.1,Dry
West Bengal,Siliguri,2018-04-21,30.0,9.7,32.7,Hot
Ladakh,Leh,2018-04-21,37.2,5.1,36.6,Dry
Punjab,Chandigarh,2018-04-19,39.3,7.0,40.9,Sunny
Telangana,Warangal,2018-04-19,32.3,6.0,16.9,Dry
Gujarat,Ahmedabad,2018-04-18,37.2,4.9,38.8,Dry
Assam,Silchar,2018-04-16,35.4,3.2,35.9,Dry
Haryana,Faridabad,2018-04-16,36.7,4.4,38.3,Clear
Karnataka,Mangaluru,2018-04-16,45.0,6.6,29.6,Clear
Nagaland,Dimapur,2018-04-16,29.3,9.1,30.9,Sunny
Uttarakhand,Haridwar,2018-04-16,38.0,5.6,40.7,Hot
Andhra Pradesh,Guntur,2018-04-15,39.6,7.2,42.3,Hot
Gujarat,Surat,2018-04-14,38.6,6.4,39.1,Dry
Odisha,Cuttack,2018-04-14,46.0,1.7,46.5,Hot
Punjab,Jalandhar,2018-04-14,28.8,8.6,30.4,Dry
Telangana,Nizamabad,2018-04-14,40.8,2.4,25.4,Sunny
Himachal Pradesh,Manali,2018-04-13,36.3,9.9,22.0,Hot
West Bengal,Darjeeling,2018-04-13,28.4,2.0,49.2,Clear
Rajasthan,Jaipur,2018-04-12,32.0,11.8,33.6,Dry
Rajasthan,Udaipur,2018-04-12,43.1,10.8,44.7,Clear
Telangana,Hyderabad,2018-04-12,40.3,1.9,24.9,Dry
Andhra Pradesh,Visakhapatnam,2018-04-11,37.5,4.9,42.4,Sunny
Tamil Nadu,Madurai,2018-04-11,41.0,8.7,42.6,Hot
Maharashtra,Pune,2018-04-10,31.5,11.3,33.1,Clear
Tripura,Agartala,2018-04-10,31.5,11.3,33.1,Clear
Gujarat,Vadodara,2018-04-09,29.4,9.2,31.0,Hot
Kerala,Thiruvananthapuram,2018-04-08,38.2,11.7,25.0,Clear
Jammu and Kashmir,Jammu,2018-04-08,33.2,6.8,18.9,Clear
Arunachal Pradesh,Naharlagun,2018-04-07,36.5,3.9,41.4,Clear
Assam,Guwahati,2018-04-07,28.0,1.8,46.6,Clear
Goa,Margao,2018-04-07,37.4,5.3,36.8,Hot
Madhya Pradesh,Jabalpur,2018-04-07,38.5,0.0,24.2,Dry
Punjab,Amritsar,2018-04-07,39.6,1.3,23.1,Clear
Andhra Pradesh,Vijayawada,2018-04-06,40.5,8.0,44.3,Sunny
Karnataka,Mysuru,2018-04-06,34.2,1.9,35.8,Hot
Bihar,Patna,2018-04-05,29.9,3.8,47.4,Dry
Chhattisgarh,Raipur,2018-04-04,45.7,7.3,30.3,Hot
Tamil Nadu,Tiruchirappalli,2018-04-04,37.2,10.7,24.0,Sunny
Bihar,Gaya,2018-04-03,36.4,4.3,35.8,Dry
Karnataka,Hubballi,2018-04-02,29.9,3.6,49.6,Dry
Kerala,Kozhikode,2018-04-02,29.5,9.3,31.1,Clear
Maharashtra,Aurangabad,2018-04-02,35.4,9.0,21.1,Sunny
Rajasthan,Jodhpur,2018-04-01,42.2,9.9,43.8,Hot
Madhya Pradesh,Bhopal,2018-03-31,34.0,1.6,36.7,Hot
Manipur,Imphal,2018-03-31,28.1,1.9,46.7,Dry
Karnataka,Bengaluru,2018-03-30,42.6,4.2,27.2,Clear
Uttarakhand,Dehradun,2018-03-30,35.6,3.2,38.3,Hot
West Bengal,Howrah,2018-03-30,41.7,9.4,43.3,Sunny
Uttar Pradesh,Agra,2018-03-28,41.2,8.9,42.8,Dry
Himachal Pradesh,Dharamshala,2018-03-27,31.9,11.4,36.8,Sunny
Delhi (NCT),Rohini,2018-03-27,38.7,0.4,22.2,Hot
Madhya Pradesh,Indore,2018-03-26,34.6,2.2,37.3,Dry
Chhattisgarh,Durg,2018-03-24,40.2,7.9,41.8,Hot
Delhi (NCT),New Delhi,2018-03-24,40.2,7.9,41.8,Hot
Goa,Panaji,2018-03-23,35.5,3.4,34.9,Clear
Haryana,Gurugram,2018-03-23,30.7,10.5,32.3,Clear
Rajasthan,Kota,2018-03-23,44.2,12.0,44.7,Dry
Tamil Nadu,Chennai,2018-03-21,37.6,5.3,39.2,Dry
Uttarakhand,Nainital,2018-03-21,35.2,2.8,37.9,Hot
Gujarat,Rajkot,2018-03-20,45.3,1.0,45.8,Clear
Andhra Pradesh,Tirupati,2018-03-19,39.3,0.8,25.0,Dry
Jharkhand,Dhanbad,2018-03-19,33.4,1.1,35.0,Hot
Nagaland,Kohima,2018-03-19,32.5,6.3,16.0,Dry
Tamil Nadu,Coimbatore,2018-03-19,34.7,2.3,37.4,Sunny
Uttar Pradesh,Lucknow,2018-03-18,40.0,7.6,42.7,Hot
Jharkhand,Ranchi,2018-03-17,43.6,5.3,27.1,Clear
Mizoram,Aizawl,2018-03-17,28.3,2.1,46.9,Hot
Arunachal Pradesh,Itanagar,2018-03-16,30.6,4.1,17.4,Clear
Sikkim,Gangtok,2018-03-16,44.3,0.0,44.8,Sunny
Uttar Pradesh,Kanpur,2018-03-16,28.4,8.1,31.1,Hot
Ladakh,Kargil,2018-03-16,29.5,9.4,30.0,Sunny
Himachal Pradesh,Shimla,2018-03-15,34.6,8.2,20.3,Sunny
Jharkhand,Jamshedpur,2018-03-15,33.7,1.3,36.4,Clear
West Bengal,Siliguri,2018-03-15,44.4,6.0,29.0,Sunny
Ladakh,Leh,2018-03-15,33.5,1.4,32.9,Clear
Punjab,Chandigarh,2018-03-13,35.6,3.3,37.2,Dry
Telangana,Warangal,2018-03-13,28.6,2.3,48.3,Clear
Gujarat,Ahmedabad,2018-03-12,33.5,1.2,35.1,Clear
Assam,Silchar,2018-03-10,31.7,11.6,32.2,Clear
Haryana,Faridabad,2018-03-10,33.0,0.7,34.6,Hot
Karnataka,Mangaluru,2018-03-10,41.3,2.9,25.9,Hot
Nagaland,Dimapur,2018-03-10,43.7,5.4,27.2,Dry
Uttarakhand,Haridwar,2018-03-10,34.3,1.9,37.0,Sunny
Andhra Pradesh,Guntur,2018-03-09,35.9,3.5,38.6,Sunny
Gujarat,Surat,2018-03-08,34.9,2.7,35.4,Clear
Odisha,Cuttack,2018-03-08,42.3,10.1,42.8,Sunny
Punjab,Jalandhar,2018-03-08,43.2,4.9,26.7,Clear
Telangana,Nizamabad,2018-03-08,37.1,10.8,21.7,Dry
Himachal Pradesh,Manali,2018-03-07,32.6,6.2,18.3,Sunny
West Bengal,Darjeeling,2018-03-07,42.8,10.4,45.5,Hot
Rajasthan,Jaipur,2018-03-06,28.3,8.1,29.9,Clear
Rajasthan,Udaipur,2018-03-06,39.4,7.1,41.0,Hot
Telangana,Hyderabad,2018-03-06,36.6,10.3,21.2,Clear
Andhra Pradesh,Visakhapatnam,2018-03-05,33.8,1.2,38.7,Dry
Tamil Nadu,Madurai,2018-03-05,37.3,5.0,38.9,Sunny
Maharashtra,Pune,2018-03-04,45.9,7.6,29.4,Hot
Tripura,Agartala,2018-03-04,45.9,7.6,29.4,Hot
Gujarat,Vadodara,2018-03-03,43.8,5.5,27.3,Sunny
Kerala,Thiruvananthapuram,2018-03-02,34.5,8.0,21.3,Hot
Jammu and Kashmir,Jammu,2018-03-02,29.5,3.1,15.2,Hot
Arunachal Pradesh,Naharlagun,2018-03-01,32.8,0.2,37.7,Hot
Assam,Guwahati,2018-03-01,42.4,10.2,42.9,Hot
Goa,Margao,2018-03-01,33.7,1.6,33.1,Sunny
Madhya Pradesh,Jabalpur,2018-03-01,34.8,8.4,20.5,Clear
Punjab,Amritsar,2018-03-01,35.9,9.7,19.4,Hot
Andhra Pradesh,Vijayawada,2018-02-28,11.1,6.7,55.6,Clear
Karnataka,Mysuru,2018-02-28,22.4,0.9,47.1,Sunny
Bihar,Patna,2018-02-27,17.8,7.1,58.7,Cloudy
Chhattisgarh,Raipur,2018-02-26,16.0,6.2,41.6,Sunny
Tamil Nadu,Tiruchirappalli,2018-02-26,25.9,5.3,35.3,Clear
Bihar,Gaya,2018-02-25,24.2,3.6,47.1,Cloudy
Karnataka,Hubballi,2018-02-24,18.2,6.6,60.9,Cloudy
Kerala,Kozhikode,2018-02-24,17.7,4.3,42.4,Foggy
Maharashtra,Aurangabad,2018-02-24,23.9,7.8,32.4,Clear
Rajasthan,Jodhpur,2018-02-23,12.4,0.8,55.1,Sunny
Madhya Pradesh,Bhopal,2018-02-22,22.4,4.5,48.0,Sunny
Manipur,Imphal,2018-02-22,16.2,1.0,58.0,Cloudy
Karnataka,Bengaluru,2018-02-21,12.9,3.1,38.5,Foggy
Uttarakhand,Dehradun,2018-02-21,24.0,6.1,49.6,Sunny
West Bengal,Howrah,2018-02-21,11.9,0.3,54.6,Clear
Uttar Pradesh,Agra,2018-02-19,11.4,7.9,54.1,Cloudy
Himachal Pradesh,Dharamshala,2018-02-18,20.7,1.9,48.1,Clear
Delhi (NCT),Rohini,2018-02-18,8.8,3.5,33.5,Sunny
Madhya Pradesh,Indore,2018-02-17,23.0,5.1,48.6,Cloudy
Jammu and Kashmir,Srinagar,2018-02-16,16.0,3.5,60.5,Sunny
Chhattisgarh,Durg,2018-02-15,10.4,6.9,53.1,Sunny
Delhi (NCT),New Delhi,2018-02-15,10.4,6.9,53.1,Sunny
Goa,Panaji,2018-02-14,23.3,2.7,46.2,Foggy
Haryana,Gurugram,2018-02-14,18.9,5.5,43.6,Foggy
Rajasthan,Kota,2018-02-14,14.2,7.1,56.0,Cloudy
Tamil Nadu,Chennai,2018-02-12,25.8,4.3,50.5,Cloudy
Uttarakhand,Nainital,2018-02-12,23.6,5.7,49.2,Sunny
Gujarat,Rajkot,2018-02-11,15.3,0.1,57.1,Foggy
Uttar Pradesh,Varanasi,2018-02-11,18.8,2.7,62.4,Sunny
Andhra Pradesh,Tirupati,2018-02-10,9.8,3.6,36.3,Cloudy
Jharkhand,Dhanbad,2018-02-10,21.6,0.1,46.3,Sunny
Nagaland,Kohima,2018-02-10,20.6,5.4,62.4,Cloudy
Tamil Nadu,Coimbatore,2018-02-10,23.1,5.2,48.7,Clear
Uttar Pradesh,Lucknow,2018-02-09,10.4,2.4,54.0,Sunny
Jharkhand,Ranchi,2018-02-08,13.7,0.3,38.4,Foggy
Mizoram,Aizawl,2018-02-08,16.4,1.2,58.2,Sunny
Arunachal Pradesh,Itanagar,2018-02-07,19.3,6.8,63.8,Foggy
Sikkim,Gangtok,2018-02-07,14.3,7.2,56.1,Clear
Uttar Pradesh,Kanpur,2018-02-07,16.8,7.0,42.4,Sunny
Ladakh,Kargil,2018-02-07,17.5,0.5,41.3,Clear
Himachal Pradesh,Shimla,2018-02-06,23.1,7.0,31.6,Clear
Jharkhand,Jamshedpur,2018-02-06,22.1,4.2,47.7,Foggy
West Bengal,Siliguri,2018-02-06,14.7,4.9,40.3,Clear
Ladakh,Leh,2018-02-06,21.3,0.7,44.2,Foggy
Punjab,Chandigarh,2018-02-04,23.8,2.3,48.5,Cloudy
Telangana,Warangal,2018-02-04,16.9,5.3,59.6,Foggy
Gujarat,Ahmedabad,2018-02-03,21.7,0.2,46.4,Foggy
Assam,Silchar,2018-02-01,19.7,2.7,43.5,Foggy
Haryana,Faridabad,2018-02-01,21.2,7.8,45.9,Sunny
Karnataka,Mangaluru,2018-02-01,11.6,1.8,37.2,Sunny
Nagaland,Dimapur,2018-02-01,13.8,0.4,38.5,Cloudy
Uttarakhand,Haridwar,2018-02-01,22.7,4.8,48.3,Clear
Andhra Pradesh,Guntur,2018-01-31,24.3,6.4,49.9,Clear
Gujarat,Surat,2018-01-30,22.9,5.9,46.7,Foggy
Odisha,Cuttack,2018-01-30,12.3,5.2,54.1,Clear
Punjab,Jalandhar,2018-01-30,13.3,8.0,38.0,Foggy
Telangana,Nizamabad,2018-01-30,25.4,5.7,33.0,Cloudy
Himachal Pradesh,Manali,2018-01-29,21.1,5.0,64.7,Clear
Rajasthan,Jaipur,2018-01-28,16.5,3.1,41.2,Foggy
Rajasthan,Udaipur,2018-01-28,9.6,6.1,52.3,Sunny
Telangana,Hyderabad,2018-01-28,24.9,5.2,32.5,Foggy
Andhra Pradesh,Visakhapatnam,2018-01-27,22.6,3.8,50.0,Cloudy
Tamil Nadu,Madurai,2018-01-27,25.5,4.0,50.2,Clear
Maharashtra,Pune,2018-01-26,16.0,2.6,40.7,Sunny
Tripura,Agartala,2018-01-26,16.0,2.6,40.7,Sunny
Gujarat,Vadodara,2018-01-25,13.9,0.5,38.6,Clear
Kerala,Thiruvananthapuram,2018-01-24,23.2,2.6,32.6,Sunny
Jammu and Kashmir,Jammu,2018-01-24,18.0,1.9,61.6,Sunny
Arunachal Pradesh,Naharlagun,2018-01-23,21.6,2.8,49.0,Sunny
Assam,Guwahati,2018-01-23,12.4,5.3,54.2,Sunny
Goa,Margao,2018-01-23,21.5,0.9,44.4,Clear
Madhya Pradesh,Jabalpur,2018-01-23,23.3,7.2,31.8,Foggy
Punjab,Amritsar,2018-01-23,24.0,0.7,30.7,Sunny
Andhra Pradesh,Vijayawada,2018-01-22,25.4,3.0,51.9,Cloudy
Karnataka,Mysuru,2018-01-22,18.7,5.3,43.4,Clear
Bihar,Patna,2018-01-21,14.1,3.4,55.0,Foggy
Chhattisgarh,Raipur,2018-01-20,12.3,2.5,37.9,Clear
Tamil Nadu,Tiruchirappalli,2018-01-20,22.2,1.6,31.6,Cloudy
Bihar,Gaya,2018-01-19,20.5,8.0,43.4,Foggy
Odisha,Rourkela,2018-01-19,23.0,7.8,64.8,Cloudy
Karnataka,Hubballi,2018-01-18,14.5,2.9,57.2,Foggy
Kerala,Kozhikode,2018-01-18,14.0,0.6,38.7,Sunny
Maharashtra,Aurangabad,2018-01-18,20.2,4.1,63.8,Cloudy
Rajasthan,Jodhpur,2018-01-17,8.7,5.2,51.4,Clear
Madhya Pradesh,Bhopal,2018-01-16,18.7,0.8,44.3,Clear
Manipur,Imphal,2018-01-16,12.5,5.4,54.3,Foggy
Karnataka,Bengaluru,2018-01-15,9.2,7.5,34.8,Sunny
Uttarakhand,Dehradun,2018-01-15,20.3,2.4,45.9,Clear
West Bengal,Howrah,2018-01-15,8.2,4.7,50.9,Cloudy
Uttar Pradesh,Agra,2018-01-13,25.7,4.2,50.4,Foggy
Himachal Pradesh,Dharamshala,2018-01-12,17.0,6.3,44.4,Cloudy
Delhi (NCT),Rohini,2018-01-12,23.1,7.9,64.9,Clear
Madhya Pradesh,Indore,2018-01-11,19.3,1.4,44.9,Foggy
Jammu and Kashmir,Srinagar,2018-01-10,12.3,7.9,56.8,Clear
Chhattisgarh,Durg,2018-01-09,24.7,3.2,49.4,Clear
Delhi (NCT),New Delhi,2018-01-09,24.7,3.2,49.4,Clear
Goa,Panaji,2018-01-08,19.6,7.1,42.5,Sunny
Haryana,Gurugram,2018-01-08,15.2,1.8,39.9,Sunny
Rajasthan,Kota,2018-01-08,10.5,3.4,52.3,Foggy
Tamil Nadu,Chennai,2018-01-06,22.1,0.6,46.8,Foggy
Uttarakhand,Nainital,2018-01-06,19.9,2.0,45.5,Clear
Gujarat,Rajkot,2018-01-05,11.6,4.5,53.4,Sunny
Uttar Pradesh,Varanasi,2018-01-05,15.1,7.1,58.7,Clear
Andhra Pradesh,Tirupati,2018-01-04,24.1,8.0,32.6,Foggy
Jharkhand,Dhanbad,2018-01-04,17.9,4.5,42.6,Clear
Nagaland,Kohima,2018-01-04,16.9,1.7,58.7,Foggy
Tamil Nadu,Coimbatore,2018-01-04,19.4,1.5,45.0,Cloudy
Uttar Pradesh,Lucknow,2018-01-03,24.7,6.8,50.3,Clear
Jharkhand,Ranchi,2018-01-02,10.0,4.7,34.7,Sunny
Mizoram,Aizawl,2018-01-02,12.7,5.6,54.5,Clear
Arunachal Pradesh,Itanagar,2018-01-01,15.6,3.1,60.1,Sunny
Sikkim,Gangtok,2018-01-01,10.6,3.5,52.4,Cloudy
Uttar Pradesh,Kanpur,2018-01-01,13.1,3.3,38.7,Clear
Ladakh,Kargil,2018-01-01,13.8,4.9,37.6,Cloudy
Himachal Pradesh,Shimla,2017-12-31,19.4,3.3,63.0,Cloudy
Jharkhand,Jamshedpur,2017-12-31,18.4,0.5,44.0,Sunny
West Bengal,Siliguri,2017-12-31,11.0,1.2,36.6,Cloudy
Ladakh,Leh,2017-12-31,17.6,5.1,40.5,Sunny
Punjab,Chandigarh,2017-12-29,20.1,6.7,44.8,Foggy
Uttar Pradesh,Noida,2017-12-29,17.4,5.8,60.1,Cloudy
Gujarat,Ahmedabad,2017-12-28,18.0,4.6,42.7,Sunny
Assam,Silchar,2017-12-26,16.0,7.1,39.8,Sunny
Haryana,Faridabad,2017-12-26,17.5,4.1,42.2,Clear
Karnataka,Mangaluru,2017-12-26,25.9,6.2,33.5,Clear
Nagaland,Dimapur,2017-12-26,10.1,4.8,34.8,Foggy
Uttarakhand,Haridwar,2017-12-26,19.0,1.1,44.6,Cloudy
Andhra Pradesh,Guntur,2017-12-25,20.6,2.7,46.2,Cloudy
Gujarat,Surat,2017-12-24,19.2,2.2,43.0,Sunny
Odisha,Cuttack,2017-12-24,8.6,1.5,50.4,Cloudy
Punjab,Jalandhar,2017-12-24,9.6,4.3,34.3,Sunny
Telangana,Nizamabad,2017-12-24,21.7,2.0,64.4,Foggy
Himachal Pradesh,Manali,2017-12-23,17.4,1.3,61.0,Cloudy
Rajasthan,Jaipur,2017-12-22,12.8,7.5,37.5,Sunny
Rajasthan,Udaipur,2017-12-22,23.9,2.4,48.6,Clear
Telangana,Hyderabad,2017-12-22,21.2,1.5,63.9,Sunny
Andhra Pradesh,Visakhapatnam,2017-12-21,18.9,0.1,46.3,Foggy
Tamil Nadu,Madurai,2017-12-21,21.8,0.3,46.5,Cloudy
Maharashtra,Pune,2017-12-20,12.3,7.0,37.0,Clear
Tripura,Agartala,2017-12-20,12.3,7.0,37.0,Clear
Gujarat,Vadodara,2017-12-19,10.2,4.9,34.9,Cloudy
Kerala,Thiruvananthapuram,2017-12-18,19.5,7.0,64.0,Clear
Jammu and Kashmir,Jammu,2017-12-18,14.3,6.3,57.9,Clear
Arunachal Pradesh,Naharlagun,2017-12-17,17.9,7.2,45.3,Clear
Assam,Guwahati,2017-12-17,8.7,1.6,50.5,Clear
Goa,Margao,2017-12-17,17.8,5.3,40.7,Cloudy
Madhya Pradesh,Jabalpur,2017-12-17,19.6,3.5,63.2,Sunny
Punjab,Amritsar,2017-12-17,20.3,5.1,62.1,Clear
Andhra Pradesh,Vijayawada,2017-12-16,21.7,7.4,48.2,Foggy
Karnataka,Mysuru,2017-12-16,15.0,1.6,39.7,Cloudy
Bihar,Patna,2017-12-15,10.4,7.8,51.3,Sunny
Chhattisgarh,Raipur,2017-12-14,8.6,6.9,34.2,Cloudy
Tamil Nadu,Tiruchirappalli,2017-12-14,18.5,6.0,63.0,Foggy
Bihar,Gaya,2017-12-13,16.8,4.3,39.7,Sunny
Odisha,Rourkela,2017-12-13,19.3,4.1,61.1,Foggy
Karnataka,Hubballi,2017-12-12,10.8,7.3,53.5,Sunny
Kerala,Kozhikode,2017-12-12,10.3,5.0,35.0,Clear
Maharashtra,Aurangabad,2017-12-12,16.5,0.4,60.1,Foggy
Rajasthan,Jodhpur,2017-12-11,23.0,1.5,47.7,Cloudy
Madhya Pradesh,Bhopal,2017-12-10,15.0,5.2,40.6,Cloudy
Manipur,Imphal,2017-12-10,8.8,1.7,50.6,Sunny
Karnataka,Bengaluru,2017-12-09,23.5,3.8,31.1,Clear
Uttarakhand,Dehradun,2017-12-09,16.6,6.8,42.2,Cloudy
West Bengal,Howrah,2017-12-09,22.5,1.0,47.2,Foggy
Uttar Pradesh,Agra,2017-12-07,22.0,0.5,46.7,Sunny
Himachal Pradesh,Dharamshala,2017-12-06,13.3,2.6,40.7,Foggy
Delhi (NCT),Rohini,2017-12-06,19.4,4.2,61.2,Cloudy
Madhya Pradesh,Indore,2017-12-05,15.6,5.8,41.2,Sunny
Jammu and Kashmir,Srinagar,2017-12-04,8.6,4.2,53.1,Cloudy
Chhattisgarh,Durg,2017-12-03,21.0,7.6,45.7,Cloudy
Delhi (NCT),New Delhi,2017-12-03,21.0,7.6,45.7,Cloudy
Goa,Panaji,2017-12-02,15.9,3.4,38.8,Clear
Haryana,Gurugram,2017-12-02,11.5,6.2,36.2,Clear
Rajasthan,Kota,2017-12-02,24.8,7.8,48.6,Sunny
Tamil Nadu,Chennai,2017-11-30,22.5,9.3,68.2,Cloudy
Uttarakhand,Nainital,2017-11-30,26.1,18.0,71.9,Clear
Gujarat,Rajkot,2017-11-29,24.2,5.9,69.8,Humid
Uttar Pradesh,Varanasi,2017-11-29,24.2,6.1,55.0,Clear
Andhra Pradesh,Tirupati,2017-11-28,18.1,15.1,64.0,Cloudy
Jharkhand,Dhanbad,2017-11-28,18.3,5.1,64.0,Clear
Tamil Nadu,Coimbatore,2017-11-28,25.6,17.5,71.4,Sunny
Uttar Pradesh,Lucknow,2017-11-27,30.9,22.8,46.6,Clear
Jharkhand,Ranchi,2017-11-26,25.5,22.3,56.1,Humid
Mizoram,Aizawl,2017-11-26,25.3,7.0,70.9,Clear
Arunachal Pradesh,Itanagar,2017-11-25,30.5,17.5,61.4,Humid
Sikkim,Gangtok,2017-11-25,23.2,4.9,68.8,Sunny
Uttar Pradesh,Kanpur,2017-11-25,19.3,11.2,65.1,Clear
Ladakh,Kargil,2017-11-25,23.5,15.2,54.0,Sunny
Himachal Pradesh,Shimla,2017-11-24,28.5,10.4,59.3,Sunny
Jharkhand,Jamshedpur,2017-11-24,24.6,16.5,70.4,Humid
West Bengal,Siliguri,2017-11-24,32.3,9.1,63.0,Sunny
Ladakh,Leh,2017-11-24,21.5,8.1,51.9,Humid
Punjab,Chandigarh,2017-11-22,20.5,7.3,66.2,Cloudy
Uttar Pradesh,Noida,2017-11-22,20.7,22.6,51.4,Sunny
Gujarat,Ahmedabad,2017-11-21,18.4,5.2,64.1,Humid
Assam,Silchar,2017-11-19,25.7,17.4,56.2,Humid
Haryana,Faridabad,2017-11-19,33.0,4.7,63.6,Clear
Karnataka,Mangaluru,2017-11-19,29.2,6.0,59.9,Clear
Nagaland,Dimapur,2017-11-19,25.6,22.4,56.2,Cloudy
Uttarakhand,Haridwar,2017-11-19,25.2,17.1,71.0,Sunny
Andhra Pradesh,Guntur,2017-11-18,26.8,18.7,72.6,Sunny
Gujarat,Surat,2017-11-17,28.9,20.6,59.4,Humid
Odisha,Cuttack,2017-11-17,21.2,2.9,66.8,Sunny
Punjab,Jalandhar,2017-11-17,25.1,21.9,55.7,Humid
Telangana,Nizamabad,2017-11-17,25.0,1.8,55.7,Cloudy
Himachal Pradesh,Manali,2017-11-16,26.5,8.4,57.3,Sunny
Rajasthan,Jaipur,2017-11-15,28.3,0.0,58.9,Humid
Rajasthan,Udaipur,2017-11-15,24.3,11.1,70.0,Clear
Telangana,Hyderabad,2017-11-15,24.5,1.3,55.2,Humid
Andhra Pradesh,Visakhapatnam,2017-11-14,21.6,13.7,52.6,Cloudy
Tamil Nadu,Madurai,2017-11-14,22.2,9.0,67.9,Sunny
Maharashtra,Pune,2017-11-13,27.8,24.6,58.4,Clear
Tripura,Agartala,2017-11-13,27.8,24.6,58.4,Clear
Gujarat,Vadodara,2017-11-12,25.7,22.5,56.3,Sunny
Kerala,Thiruvananthapuram,2017-11-11,19.3,21.4,65.3,Clear
Jammu and Kashmir,Jammu,2017-11-11,23.4,5.3,54.2,Clear
Arunachal Pradesh,Naharlagun,2017-11-10,20.6,12.7,51.6,Clear
Assam,Guwahati,2017-11-10,21.3,3.0,66.9,Clear
Goa,Margao,2017-11-10,21.7,8.3,52.1,Sunny
Madhya Pradesh,Jabalpur,2017-11-10,28.7,10.6,59.5,Humid
Punjab,Amritsar,2017-11-10,32.9,14.6,48.4,Clear
Andhra Pradesh,Vijayawada,2017-11-09,18.6,5.6,49.5,Cloudy
Karnataka,Mysuru,2017-11-09,30.5,2.2,61.1,Sunny
Bihar,Patna,2017-11-08,32.3,18.9,62.7,Humid
Chhattisgarh,Raipur,2017-11-07,29.9,6.7,60.6,Sunny
Tamil Nadu,Tiruchirappalli,2017-11-07,18.3,20.4,64.3,Cloudy
Bihar,Gaya,2017-11-06,20.7,7.3,51.1,Humid
Odisha,Rourkela,2017-11-06,31.9,13.6,47.4,Cloudy
Karnataka,Hubballi,2017-11-05,29.2,16.0,74.9,Humid
Kerala,Kozhikode,2017-11-05,25.8,22.6,56.4,Clear
Maharashtra,Aurangabad,2017-11-05,25.6,7.5,56.4,Cloudy
Rajasthan,Jodhpur,2017-11-04,23.4,10.2,69.1,Sunny
Madhya Pradesh,Bhopal,2017-11-03,21.2,13.1,67.0,Sunny
Manipur,Imphal,2017-11-03,21.4,3.1,67.0,Humid
Karnataka,Bengaluru,2017-11-02,26.8,3.6,57.5,Clear
Uttarakhand,Dehradun,2017-11-02,22.8,14.7,68.6,Sunny
West Bengal,Howrah,2017-11-02,22.9,9.7,68.6,Cloudy
Uttar Pradesh,Agra,2017-10-31,22.4,9.2,68.1,Humid
Himachal Pradesh,Dharamshala,2017-10-30,31.1,8.1,47.0,Cloudy
Delhi (NCT),Rohini,2017-10-30,32.0,13.7,47.5,Sunny
Madhya Pradesh,Indore,2017-10-29,21.8,13.7,67.6,Humid
Jammu and Kashmir,Srinagar,2017-10-28,23.5,10.5,54.4,Sunny
Chhattisgarh,Durg,2017-10-27,21.4,8.2,67.1,Sunny
Delhi (NCT),New Delhi,2017-10-27,21.4,8.2,67.1,Sunny
Goa,Panaji,2017-10-26,19.8,6.4,50.2,Clear
Haryana,Gurugram,2017-10-26,27.0,23.8,57.6,Clear
Rajasthan,Kota,2017-10-26,19.4,1.1,65.0,Humid
Tamil Nadu,Chennai,2017-10-24,18.8,5.6,64.5,Humid
Uttarakhand,Nainital,2017-10-24,22.4,14.3,68.2,Sunny
Gujarat,Rajkot,2017-10-23,20.5,2.2,66.1,Clear
Uttar Pradesh,Varanasi,2017-10-23,20.5,2.4,51.3,Sunny
Andhra Pradesh,Tirupati,2017-10-22,29.5,11.4,60.3,Humid
Jharkhand,Dhanbad,2017-10-22,29.7,1.4,60.3,Sunny
Tamil Nadu,Coimbatore,2017-10-22,21.9,13.8,67.7,Cloudy
Uttar Pradesh,Lucknow,2017-10-21,27.2,19.1,73.0,Sunny
Jharkhand,Ranchi,2017-10-20,21.8,18.6,52.4,Clear
Mizoram,Aizawl,2017-10-20,21.6,3.3,67.2,Sunny
Delhi (NCT),Dwarka,2017-10-20,29.5,11.2,45.0,Cloudy
Arunachal Pradesh,Itanagar,2017-10-19,26.8,13.8,57.7,Clear
Sikkim,Gangtok,2017-10-19,19.5,1.2,65.1,Cloudy
Uttar Pradesh,Kanpur,2017-10-19,30.7,7.5,61.4,Sunny
Ladakh,Kargil,2017-10-19,19.8,11.5,50.3,Cloudy
Himachal Pradesh,Shimla,2017-10-18,24.8,6.7,55.6,Cloudy
Jharkhand,Jamshedpur,2017-10-18,20.9,12.8,66.7,Clear
West Bengal,Siliguri,2017-10-18,28.6,5.4,59.3,Cloudy
Ladakh,Leh,2017-10-18,32.9,4.4,48.2,Clear
Punjab,Chandigarh,2017-10-16,31.9,3.6,62.5,Humid
Uttar Pradesh,Noida,2017-10-16,32.1,18.9,47.7,Cloudy
Gujarat,Ahmedabad,2017-10-15,29.8,1.5,60.4,Clear
Assam,Silchar,2017-10-13,22.0,13.7,52.5,Clear
Haryana,Faridabad,2017-10-13,29.3,1.0,59.9,Sunny
Karnataka,Mangaluru,2017-10-13,25.5,2.3,56.2,Sunny
Nagaland,Dimapur,2017-10-13,21.9,18.7,52.5,Humid
Uttarakhand,Haridwar,2017-10-13,21.5,13.4,67.3,Cloudy
Andhra Pradesh,Guntur,2017-10-12,23.1,15.0,68.9,Cloudy
Gujarat,Surat,2017-10-11,25.2,16.9,55.7,Clear
Odisha,Cuttack,2017-10-11,32.6,24.3,63.1,Cloudy
Punjab,Jalandhar,2017-10-11,21.4,18.2,52.0,Clear
Telangana,Nizamabad,2017-10-11,21.3,23.2,52.0,Humid
Himachal Pradesh,Manali,2017-10-10,22.8,4.7,53.6,Cloudy
Rajasthan,Jaipur,2017-10-09,24.6,21.4,55.2,Clear
Rajasthan,Udaipur,2017-10-09,20.6,7.4,66.3,Sunny
Telangana,Hyderabad,2017-10-09,20.8,22.7,51.5,Clear
Andhra Pradesh,Visakhapatnam,2017-10-08,33.0,10.0,48.9,Humid
Tamil Nadu,Madurai,2017-10-08,18.5,5.3,64.2,Cloudy
Maharashtra,Pune,2017-10-07,24.1,20.9,54.7,Sunny
Tripura,Agartala,2017-10-07,24.1,20.9,54.7,Sunny
Gujarat,Vadodara,2017-10-06,22.0,18.8,52.6,Cloudy
Kerala,Thiruvananthapuram,2017-10-05,30.7,17.7,61.6,Sunny
Jammu and Kashmir,Jammu,2017-10-05,19.7,1.6,50.5,Sunny
Arunachal Pradesh,Naharlagun,2017-10-04,32.0,9.0,47.9,Sunny
Assam,Guwahati,2017-10-04,32.7,24.4,63.2,Sunny
Goa,Margao,2017-10-04,18.0,4.6,48.4,Cloudy
Madhya Pradesh,Jabalpur,2017-10-04,25.0,6.9,55.8,Clear
Punjab,Amritsar,2017-10-04,29.2,10.9,74.8,Sunny
Andhra Pradesh,Vijayawada,2017-10-03,30.0,1.9,45.8,Humid
Karnataka,Mysuru,2017-10-03,26.8,23.6,57.4,Cloudy
Bihar,Patna,2017-10-02,28.6,15.2,59.0,Clear
Chhattisgarh,Raipur,2017-10-01,26.2,3.0,56.9,Cloudy
Tamil Nadu,Tiruchirappalli,2017-10-01,29.7,16.7,60.6,Humid
Bihar,Gaya,2017-09-30,33.1,127.8,67.4,Stormy
Odisha,Rourkela,2017-09-30,23.0,19.2,93.8,Heavy Rain
Kerala,Kozhikode,2017-09-29,32.0,28.2,72.7,Cloudy
Maharashtra,Aurangabad,2017-09-29,25.6,88.4,72.7,Heavy Rain
Rajasthan,Jodhpur,2017-09-28,33.6,40.9,85.4,Rainy
Madhya Pradesh,Bhopal,2017-09-27,28.3,68.9,83.3,Rainy
Manipur,Imphal,2017-09-27,23.6,173.8,83.3,Stormy
Karnataka,Bengaluru,2017-09-26,29.9,59.4,73.8,Cloudy
Uttarakhand,Dehradun,2017-09-26,29.9,70.5,84.9,Rainy
West Bengal,Howrah,2017-09-26,33.1,40.4,84.9,Heavy Rain
Uttar Pradesh,Agra,2017-09-24,32.6,39.9,84.4,Stormy
Himachal Pradesh,Dharamshala,2017-09-23,32.0,139.2,93.4,Heavy Rain
Delhi (NCT),Rohini,2017-09-23,23.1,19.3,93.9,Rainy
Madhya Pradesh,Indore,2017-09-22,28.9,69.5,83.9,Stormy
Jammu and Kashmir,Srinagar,2017-09-21,31.5,116.5,70.7,Rainy
Chhattisgarh,Durg,2017-09-20,31.6,38.9,83.4,Rainy
Delhi (NCT),New Delhi,2017-09-20,31.6,38.9,83.4,Rainy
Goa,Panaji,2017-09-19,32.2,126.9,66.5,Cloudy
Haryana,Gurugram,2017-09-19,33.2,29.4,73.9,Cloudy
Rajasthan,Kota,2017-09-19,32.7,171.8,81.3,Stormy
Tamil Nadu,Chennai,2017-09-17,29.0,36.3,80.8,Stormy
Uttarakhand,Nainital,2017-09-17,29.5,70.1,84.5,Rainy
Gujarat,Rajkot,2017-09-16,33.8,172.9,82.4,Cloudy
Uttar Pradesh,Varanasi,2017-09-16,31.6,83.3,67.6,Rainy
Andhra Pradesh,Tirupati,2017-09-15,29.5,92.3,76.6,Stormy
Jharkhand,Dhanbad,2017-09-15,24.8,32.1,76.6,Rainy
Tamil Nadu,Coimbatore,2017-09-15,29.0,69.6,84.0,Heavy Rain
Uttar Pradesh,Lucknow,2017-09-14,23.2,74.9,89.3,Rainy
Jharkhand,Ranchi,2017-09-13,28.0,24.2,68.7,Cloudy
Mizoram,Aizawl,2017-09-13,23.8,174.0,83.5,Rainy
Delhi (NCT),Dwarka,2017-09-13,31.7,16.8,91.4,Heavy Rain
Arunachal Pradesh,Itanagar,2017-09-12,23.7,119.8,74.0,Cloudy
Sikkim,Gangtok,2017-09-12,32.8,171.9,81.4,Heavy Rain
Uttar Pradesh,Kanpur,2017-09-12,33.8,63.3,77.7,Rainy
Ladakh,Kargil,2017-09-12,29.1,157.1,66.6,Heavy Rain
Himachal Pradesh,Shimla,2017-09-11,24.8,87.6,71.9,Heavy Rain
Jharkhand,Jamshedpur,2017-09-11,28.0,68.6,83.0,Cloudy
West Bengal,Siliguri,2017-09-11,31.7,61.2,75.6,Heavy Rain
Ladakh,Leh,2017-09-11,30.2,124.9,94.6,Cloudy
Punjab,Chandigarh,2017-09-09,27.0,34.3,78.8,Stormy
Uttar Pradesh,Noida,2017-09-09,31.2,49.6,94.1,Heavy Rain
Gujarat,Ahmedabad,2017-09-08,24.9,32.2,76.7,Cloudy
Assam,Silchar,2017-09-06,31.3,159.3,68.8,Cloudy
Haryana,Faridabad,2017-09-06,24.4,31.7,76.2,Rainy
Karnataka,Mangaluru,2017-09-06,28.6,58.1,72.5,Rainy
Nagaland,Dimapur,2017-09-06,28.1,24.3,68.8,Stormy
Uttarakhand,Haridwar,2017-09-06,28.6,69.2,83.6,Heavy Rain
Andhra Pradesh,Guntur,2017-09-05,30.2,70.8,85.2,Heavy Rain
Gujarat,Surat,2017-09-04,23.4,162.5,72.0,Cloudy
Odisha,Cuttack,2017-09-04,30.8,169.9,79.4,Heavy Rain
Punjab,Jalandhar,2017-09-04,27.6,23.8,68.3,Cloudy
Telangana,Nizamabad,2017-09-04,24.4,53.9,68.3,Stormy
Himachal Pradesh,Manali,2017-09-03,33.9,85.6,69.9,Heavy Rain
Maharashtra,Nagpur,2017-09-03,29.7,48.1,92.6,Rainy
Rajasthan,Jaipur,2017-09-02,30.8,27.0,71.5,Cloudy
Rajasthan,Udaipur,2017-09-02,30.8,38.1,82.6,Rainy
Telangana,Hyderabad,2017-09-02,23.9,53.4,67.8,Cloudy
Andhra Pradesh,Visakhapatnam,2017-09-01,33.9,141.1,65.2,Stormy
Tamil Nadu,Madurai,2017-09-01,28.7,36.0,80.5,Heavy Rain
Maharashtra,Pune,2017-08-31,30.3,26.5,71.0,Rainy
Tripura,Agartala,2017-08-31,30.3,26.5,71.0,Rainy
Gujarat,Vadodara,2017-08-30,28.2,24.4,68.9,Heavy Rain
Kerala,Thiruvananthapuram,2017-08-29,27.6,123.7,77.9,Rainy
Jammu and Kashmir,Jammu,2017-08-29,30.8,82.5,66.8,Rainy
Arunachal Pradesh,Naharlagun,2017-08-28,32.9,140.1,94.3,Rainy
Assam,Guwahati,2017-08-28,30.9,170.0,79.5,Rainy
Goa,Margao,2017-08-28,30.4,125.1,94.8,Heavy Rain
Madhya Pradesh,Jabalpur,2017-08-28,25.0,87.8,72.1,Cloudy
Punjab,Amritsar,2017-08-28,31.4,16.5,91.1,Rainy
Andhra Pradesh,Vijayawada,2017-08-27,34.0,107.9,92.2,Stormy
Karnataka,Mysuru,2017-08-27,33.0,29.2,73.7,Heavy Rain
Bihar,Patna,2017-08-26,29.9,135.7,75.3,Cloudy
Chhattisgarh,Raipur,2017-08-25,29.3,58.8,73.2,Heavy Rain
Tamil Nadu,Tiruchirappalli,2017-08-25,26.6,122.7,76.9,Stormy
Bihar,Gaya,2017-08-24,29.4,124.1,93.8,Cloudy
Odisha,Rourkela,2017-08-24,30.4,15.5,90.1,Stormy
Kerala,Kozhikode,2017-08-23,28.3,24.5,69.0,Rainy
Maharashtra,Aurangabad,2017-08-23,33.0,84.7,69.0,Stormy
Rajasthan,Jodhpur,2017-08-22,29.9,37.2,81.7,Heavy Rain
Madhya Pradesh,Bhopal,2017-08-21,24.6,65.2,79.6,Heavy Rain
Manipur,Imphal,2017-08-21,31.0,170.1,79.6,Cloudy
Karnataka,Bengaluru,2017-08-20,26.2,55.7,70.1,Rainy
Uttarakhand,Dehradun,2017-08-20,26.2,66.8,81.2,Heavy Rain
West Bengal,Howrah,2017-08-20,29.4,36.7,81.2,Stormy
Uttar Pradesh,Agra,2017-08-18,28.9,36.2,80.7,Cloudy
Himachal Pradesh,Dharamshala,2017-08-17,28.3,135.5,89.7,Stormy
Delhi (NCT),Rohini,2017-08-17,30.5,15.6,90.2,Heavy Rain
Haryana,Panipat,2017-08-16,28.4,178.6,88.1,Stormy
Madhya Pradesh,Indore,2017-08-16,25.2,65.8,80.2,Cloudy
Jammu and Kashmir,Srinagar,2017-08-15,27.8,112.8,67.0,Heavy Rain
Chhattisgarh,Durg,2017-08-14,27.9,35.2,79.7,Heavy Rain
Delhi (NCT),New Delhi,2017-08-14,27.9,35.2,79.7,Heavy Rain
Goa,Panaji,2017-08-13,28.5,123.2,92.9,Rainy
Haryana,Gurugram,2017-08-13,29.5,25.7,70.2,Rainy
Rajasthan,Kota,2017-08-13,29.0,168.1,77.6,Cloudy
Tamil Nadu,Chennai,2017-08-11,25.3,32.6,77.1,Cloudy
Uttarakhand,Nainital,2017-08-11,25.8,66.4,80.8,Heavy Rain
Gujarat,Rajkot,2017-08-10,30.1,169.2,78.7,Rainy
Uttar Pradesh,Varanasi,2017-08-10,27.9,79.6,94.0,Heavy Rain
Andhra Pradesh,Tirupati,2017-08-09,25.8,88.6,72.9,Cloudy
Jharkhand,Dhanbad,2017-08-09,32.2,28.4,72.9,Heavy Rain
Tamil Nadu,Coimbatore,2017-08-09,25.3,65.9,80.3,Stormy
Uttar Pradesh,Lucknow,2017-08-08,30.6,71.2,85.6,Heavy Rain
Jharkhand,Ranchi,2017-08-07,24.3,20.5,65.0,Rainy
Mizoram,Aizawl,2017-08-07,31.2,170.3,79.8,Heavy Rain
Delhi (NCT),Dwarka,2017-08-07,28.0,178.2,87.7,Stormy
Arunachal Pradesh,Itanagar,2017-08-06,31.1,116.1,70.3,Rainy
Sikkim,Gangtok,2017-08-06,29.1,168.2,77.7,Stormy
Uttar Pradesh,Kanpur,2017-08-06,30.1,59.6,74.0,Heavy Rain
Ladakh,Kargil,2017-08-06,25.4,153.4,93.0,Stormy
Himachal Pradesh,Shimla,2017-08-05,32.2,83.9,68.2,Stormy
Jharkhand,Jamshedpur,2017-08-05,24.3,64.9,79.3,Rainy
West Bengal,Siliguri,2017-08-05,28.0,57.5,71.9,Stormy
Ladakh,Leh,2017-08-05,26.5,121.2,90.9,Rainy
Punjab,Chandigarh,2017-08-03,23.3,30.6,75.1,Cloudy
Uttar Pradesh,Noida,2017-08-03,27.5,45.9,90.4,Stormy
Gujarat,Ahmedabad,2017-08-02,32.3,28.5,73.0,Rainy
Assam,Silchar,2017-07-31,27.6,155.6,65.1,Rainy
Haryana,Faridabad,2017-07-31,31.8,28.0,72.5,Heavy Rain
Karnataka,Mangaluru,2017-07-31,24.9,54.4,68.8,Heavy Rain
Nagaland,Dimapur,2017-07-31,24.4,20.6,65.1,Cloudy
Uttarakhand,Haridwar,2017-07-31,24.9,65.5,79.9,Stormy
Andhra Pradesh,Guntur,2017-07-30,26.5,67.1,81.5,Stormy
Gujarat,Surat,2017-07-29,30.8,158.8,68.3,Rainy
Odisha,Cuttack,2017-07-29,27.1,166.2,75.7,Stormy
Punjab,Jalandhar,2017-07-29,23.9,20.1,94.7,Rainy
Telangana,Nizamabad,2017-07-29,31.8,50.2,94.7,Cloudy
Himachal Pradesh,Manali,2017-07-28,30.2,81.9,66.2,Stormy
Maharashtra,Nagpur,2017-07-28,26.0,44.4,88.9,Heavy Rain
Rajasthan,Jaipur,2017-07-27,27.1,23.3,67.8,Rainy
Rajasthan,Udaipur,2017-07-27,27.1,34.4,78.9,Heavy Rain
Telangana,Hyderabad,2017-07-27,31.3,49.7,94.2,Rainy
Andhra Pradesh,Visakhapatnam,2017-07-26,30.2,137.4,91.6,Cloudy
Tamil Nadu,Madurai,2017-07-26,25.0,32.3,76.8,Stormy
Maharashtra,Pune,2017-07-25,26.6,22.8,67.3,Heavy Rain
Tripura,Agartala,2017-07-25,26.6,22.8,67.3,Heavy Rain
Gujarat,Vadodara,2017-07-24,24.5,20.7,65.2,Stormy
Kerala,Thiruvananthapuram,2017-07-23,23.9,120.0,74.2,Heavy Rain
Jammu and Kashmir,Jammu,2017-07-23,27.1,78.8,93.2,Heavy Rain
Arunachal Pradesh,Naharlagun,2017-07-22,29.2,136.4,90.6,Heavy Rain
Assam,Guwahati,2017-07-22,27.2,166.3,75.8,Heavy Rain
Goa,Margao,2017-07-22,26.7,121.4,91.1,Stormy
Madhya Pradesh,Jabalpur,2017-07-22,32.4,84.1,68.4,Rainy
Punjab,Amritsar,2017-07-22,27.7,177.9,87.4,Heavy Rain
Andhra Pradesh,Vijayawada,2017-07-21,30.3,104.2,88.5,Cloudy
Karnataka,Mysuru,2017-07-21,29.3,25.5,70.0,Stormy
Bihar,Patna,2017-07-20,26.2,132.0,71.6,Rainy
Chhattisgarh,Raipur,2017-07-19,25.6,55.1,69.5,Stormy
Tamil Nadu,Tiruchirappalli,2017-07-19,34.0,119.0,73.2,Cloudy
Bihar,Gaya,2017-07-18,25.7,120.4,90.1,Rainy
Chhattisgarh,Bilaspur,2017-07-18,24.0,75.7,90.1,Rainy
Odisha,Rourkela,2017-07-18,26.7,176.9,86.4,Cloudy
Kerala,Kozhikode,2017-07-17,24.6,20.8,65.3,Heavy Rain
Maharashtra,Aurangabad,2017-07-17,29.3,81.0,65.3,Cloudy
Rajasthan,Jodhpur,2017-07-16,26.2,33.5,78.0,Stormy
Madhya Pradesh,Bhopal,2017-07-15,32.0,61.5,75.9,Stormy
Manipur,Imphal,2017-07-15,27.3,166.4,75.9,Rainy
Karnataka,Bengaluru,2017-07-14,33.6,52.0,66.4,Heavy Rain
Uttarakhand,Dehradun,2017-07-14,33.6,63.1,77.5,Stormy
West Bengal,Howrah,2017-07-14,25.7,33.0,77.5,Cloudy
Uttar Pradesh,Agra,2017-07-12,25.2,32.5,77.0,Rainy
Himachal Pradesh,Dharamshala,2017-07-11,24.6,131.8,86.0,Cloudy
Delhi (NCT),Rohini,2017-07-11,26.8,177.0,86.5,Stormy
Haryana,Panipat,2017-07-10,24.7,174.9,84.4,Cloudy
Madhya Pradesh,Indore,2017-07-10,32.6,62.1,76.5,Rainy
Jammu and Kashmir,Srinagar,2017-07-09,24.1,109.1,93.4,Stormy
Chhattisgarh,Durg,2017-07-08,24.2,31.5,76.0,Stormy
Delhi (NCT),New Delhi,2017-07-08,24.2,31.5,76.0,Stormy
Goa,Panaji,2017-07-07,24.8,119.5,89.2,Heavy Rain
Haryana,Gurugram,2017-07-07,25.8,22.0,66.5,Heavy Rain
Rajasthan,Kota,2017-07-07,25.3,164.4,73.9,Rainy
Tamil Nadu,Chennai,2017-07-05,32.7,28.9,73.4,Rainy
Uttarakhand,Nainital,2017-07-05,33.2,62.7,77.1,Stormy
Gujarat,Rajkot,2017-07-04,26.4,165.5,75.0,Heavy Rain
Uttar Pradesh,Varanasi,2017-07-04,24.2,75.9,90.3,Stormy
Andhra Pradesh,Tirupati,2017-07-03,33.2,84.9,69.2,Rainy
Jharkhand,Dhanbad,2017-07-03,28.5,24.7,69.2,Stormy
Tamil Nadu,Coimbatore,2017-07-03,32.7,62.2,76.6,Cloudy
Uttar Pradesh,Lucknow,2017-07-02,26.9,67.5,81.9,Stormy
Jharkhand,Ranchi,2017-07-01,31.7,16.8,91.4,Heavy Rain
Mizoram,Aizawl,2017-07-01,27.5,166.6,76.1,Stormy
Delhi (NCT),Dwarka,2017-07-01,24.3,174.5,84.0,Cloudy
Arunachal Pradesh,Itanagar,2017-06-30,27.4,112.4,66.6,Heavy Rain
Sikkim,Gangtok,2017-06-30,25.4,164.5,74.0,Cloudy
Uttar Pradesh,Kanpur,2017-06-30,26.4,55.9,70.3,Stormy
Ladakh,Kargil,2017-06-30,32.8,149.7,89.3,Cloudy
Himachal Pradesh,Shimla,2017-06-29,28.5,80.2,94.6,Cloudy
Jharkhand,Jamshedpur,2017-06-29,31.7,61.2,75.6,Heavy Rain
West Bengal,Siliguri,2017-06-29,24.3,53.8,68.2,Cloudy
Ladakh,Leh,2017-06-29,33.9,117.5,87.2,Heavy Rain
Punjab,Chandigarh,2017-06-27,30.7,26.9,71.4,Rainy
Uttar Pradesh,Noida,2017-06-27,23.8,42.2,86.7,Cloudy
Gujarat,Ahmedabad,2017-06-26,28.6,24.8,69.3,Heavy Rain
Assam,Dibrugarh,2017-06-25,33.9,173.0,82.5,Stormy
Assam,Silchar,2017-06-24,23.9,151.9,91.5,Heavy Rain
Haryana,Faridabad,2017-06-24,28.1,24.3,68.8,Stormy
Karnataka,Mangaluru,2017-06-24,32.3,50.7,65.1,Stormy
Nagaland,Dimapur,2017-06-24,31.8,16.9,91.5,Rainy
Uttarakhand,Haridwar,2017-06-24,32.3,61.8,76.2,Cloudy
Andhra Pradesh,Guntur,2017-06-23,33.9,63.4,77.8,Cloudy
Gujarat,Surat,2017-06-22,27.1,155.1,94.7,Heavy Rain
Odisha,Cuttack,2017-06-22,23.4,162.5,72.0,Cloudy
Punjab,Jalandhar,2017-06-22,31.3,16.4,91.0,Heavy Rain
Telangana,Nizamabad,2017-06-22,28.1,46.5,91.0,Rainy
Himachal Pradesh,Manali,2017-06-21,26.5,78.2,92.6,Cloudy
Maharashtra,Nagpur,2017-06-21,33.4,40.7,85.2,Stormy
Rajasthan,Jaipur,2017-06-20,23.4,19.6,94.2,Heavy Rain
Rajasthan,Udaipur,2017-06-20,23.4,30.7,75.2,Stormy
Telangana,Hyderabad,2017-06-20,27.6,46.0,90.5,Heavy Rain
Tamil Nadu,Madurai,2017-06-19,32.4,28.6,73.1,Cloudy
Maharashtra,Pune,2017-06-18,34.0,19.1,93.7,Stormy
Tripura,Agartala,2017-06-18,34.0,19.1,93.7,Stormy
Gujarat,Vadodara,2017-06-17,31.9,17.0,91.6,Cloudy
West Bengal,Kolkata,2017-06-17,32.4,39.7,84.2,Rainy
Kerala,Thiruvananthapuram,2017-06-16,31.3,116.3,70.5,Stormy
Jammu and Kashmir,Jammu,2017-06-16,23.4,75.1,89.5,Stormy
Arunachal Pradesh,Naharlagun,2017-06-15,25.5,132.7,86.9,Stormy
Assam,Guwahati,2017-06-15,23.5,162.6,72.1,Stormy
Goa,Margao,2017-06-15,23.0,117.7,87.4,Cloudy
Madhya Pradesh,Jabalpur,2017-06-15,28.7,80.4,94.8,Heavy Rain
Punjab,Amritsar,2017-06-15,24.0,174.2,83.7,Stormy
Karnataka,Mysuru,2017-06-14,25.6,21.8,66.3,Cloudy
Bihar,Patna,2017-06-13,33.6,128.3,67.9,Heavy Rain
Chhattisgarh,Raipur,2017-06-12,33.0,51.4,65.8,Cloudy
Tamil Nadu,Tiruchirappalli,2017-06-12,30.3,115.3,69.5,Rainy
Bihar,Gaya,2017-06-11,33.1,116.7,86.4,Heavy Rain
Chhattisgarh,Bilaspur,2017-06-11,31.4,72.0,86.4,Heavy Rain
Odisha,Rourkela,2017-06-11,23.0,173.2,82.7,Rainy
Kerala,Kozhikode,2017-06-10,32.0,17.1,91.7,Stormy
Maharashtra,Aurangabad,2017-06-10,25.6,77.3,91.7,Rainy
Rajasthan,Jodhpur,2017-06-09,33.6,29.8,74.3,Cloudy
Madhya Pradesh,Bhopal,2017-06-08,28.3,57.8,72.2,Cloudy
Manipur,Imphal,2017-06-08,23.6,162.7,72.2,Heavy Rain
Karnataka,Bengaluru,2017-06-07,29.9,48.3,92.8,Stormy
Uttarakhand,Dehradun,2017-06-07,29.9,59.4,73.8,Cloudy
West Bengal,Howrah,2017-06-07,33.1,29.3,73.8,Rainy
Uttar Pradesh,Agra,2017-06-05,32.6,28.8,73.3,Heavy Rain
Himachal Pradesh,Dharamshala,2017-06-04,32.0,128.1,82.3,Rainy
Delhi (NCT),Rohini,2017-06-04,23.1,173.3,82.8,Cloudy
Haryana,Panipat,2017-06-03,32.1,171.2,80.7,Rainy
Madhya Pradesh,Indore,2017-06-03,28.9,58.4,72.8,Heavy Rain
Jammu and Kashmir,Srinagar,2017-06-02,31.5,105.4,89.7,Cloudy
Chhattisgarh,Durg,2017-06-01,31.6,27.8,72.3,Cloudy
Delhi (NCT),New Delhi,2017-06-01,31.6,27.8,72.3,Cloudy
Goa,Panaji,2017-05-31,42.1,10.1,40.4,Clear
Haryana,Gurugram,2017-05-31,37.3,5.1,37.8,Clear
Rajasthan,Kota,2017-05-31,32.7,6.6,15.1,Dry
Tamil Nadu,Chennai,2017-05-29,44.2,12.0,44.7,Dry
Uttarakhand,Nainital,2017-05-29,41.8,9.5,43.4,Hot
Gujarat,Rajkot,2017-05-28,33.8,7.7,16.2,Clear
Uttar Pradesh,Varanasi,2017-05-28,36.9,10.6,21.5,Hot
Andhra Pradesh,Tirupati,2017-05-27,45.9,7.5,30.5,Dry
Jharkhand,Dhanbad,2017-05-27,40.0,7.8,40.5,Hot
Tamil Nadu,Coimbatore,2017-05-27,41.3,9.0,42.9,Sunny
Uttar Pradesh,Lucknow,2017-05-26,28.5,2.2,48.2,Hot
Jharkhand,Ranchi,2017-05-25,32.1,12.0,32.6,Clear
Mizoram,Aizawl,2017-05-25,34.9,8.8,17.3,Hot
Delhi (NCT),Dwarka,2017-05-25,42.8,4.6,25.2,Sunny
Arunachal Pradesh,Itanagar,2017-05-24,37.2,10.8,22.9,Clear
Sikkim,Gangtok,2017-05-24,32.8,6.7,15.2,Sunny
Uttar Pradesh,Kanpur,2017-05-24,35.0,2.7,36.6,Hot
Ladakh,Kargil,2017-05-24,36.1,4.0,35.5,Sunny
Himachal Pradesh,Shimla,2017-05-23,41.2,2.8,25.8,Sunny
Jharkhand,Jamshedpur,2017-05-23,40.3,8.0,41.9,Clear
West Bengal,Siliguri,2017-05-23,32.9,0.6,34.5,Sunny
Ladakh,Leh,2017-05-23,40.1,8.1,38.4,Clear
Punjab,Chandigarh,2017-05-21,42.2,10.0,42.7,Dry
Uttar Pradesh,Noida,2017-05-21,39.4,1.1,22.9,Sunny
Gujarat,Ahmedabad,2017-05-20,40.1,7.9,40.6,Clear
Assam,Dibrugarh,2017-05-19,41.3,3.1,23.7,Hot
Assam,Silchar,2017-05-18,38.3,6.2,37.7,Clear
Haryana,Faridabad,2017-05-18,39.6,7.4,40.1,Hot
Karnataka,Mangaluru,2017-05-18,29.8,9.6,31.4,Hot
Nagaland,Dimapur,2017-05-18,32.2,0.0,32.7,Dry
Uttarakhand,Haridwar,2017-05-18,40.9,8.6,42.5,Sunny
Andhra Pradesh,Guntur,2017-05-17,42.5,10.2,44.1,Sunny
Gujarat,Surat,2017-05-16,41.5,9.4,40.9,Clear
Odisha,Cuttack,2017-05-16,30.8,4.7,48.3,Sunny
Punjab,Jalandhar,2017-05-16,31.7,11.6,32.2,Clear
Telangana,Nizamabad,2017-05-16,43.7,5.4,27.2,Dry
Himachal Pradesh,Manali,2017-05-15,39.2,0.8,23.8,Sunny
Maharashtra,Nagpur,2017-05-15,37.9,11.7,21.4,Hot
Rajasthan,Jaipur,2017-05-14,34.9,2.7,35.4,Clear
Rajasthan,Udaipur,2017-05-14,46.0,1.7,46.5,Hot
Telangana,Hyderabad,2017-05-14,43.2,4.9,26.7,Clear
Tamil Nadu,Madurai,2017-05-13,43.9,11.7,44.4,Sunny
Maharashtra,Pune,2017-05-12,34.4,2.2,34.9,Hot
Tripura,Agartala,2017-05-12,34.4,2.2,34.9,Hot
Gujarat,Vadodara,2017-05-11,32.3,0.1,32.8,Sunny
West Bengal,Kolkata,2017-05-11,36.9,10.7,20.4,Dry
Kerala,Thiruvananthapuram,2017-05-10,41.1,2.6,26.8,Hot
Jammu and Kashmir,Jammu,2017-05-10,36.1,9.8,20.7,Hot
Arunachal Pradesh,Naharlagun,2017-05-09,39.4,6.9,43.2,Hot
Assam,Guwahati,2017-05-09,30.9,4.8,48.4,Hot
Goa,Margao,2017-05-09,40.3,8.3,38.6,Sunny
Madhya Pradesh,Jabalpur,2017-05-09,41.4,3.0,26.0,Clear
Punjab,Amritsar,2017-05-09,42.5,4.3,24.9,Hot
Karnataka,Mysuru,2017-05-08,37.1,4.9,37.6,Sunny
Bihar,Patna,2017-05-07,32.8,6.8,49.2,Clear
Chhattisgarh,Raipur,2017-05-06,30.5,10.3,32.1,Sunny
Tamil Nadu,Tiruchirappalli,2017-05-06,40.1,1.6,25.8,Dry
Bihar,Gaya,2017-05-05,39.3,7.3,37.6,Clear
Chhattisgarh,Bilaspur,2017-05-05,33.0,6.7,17.6,Clear
Odisha,Rourkela,2017-05-05,41.5,3.3,23.9,Dry
Kerala,Kozhikode,2017-05-04,32.4,0.2,32.9,Hot
Maharashtra,Aurangabad,2017-05-04,38.3,12.0,22.9,Dry
Rajasthan,Jodhpur,2017-05-03,45.1,0.8,45.6,Sunny
Madhya Pradesh,Bhopal,2017-05-02,36.9,4.6,38.5,Sunny
Manipur,Imphal,2017-05-02,31.0,4.9,48.5,Clear
Karnataka,Bengaluru,2017-05-01,45.5,7.2,29.0,Hot
Uttarakhand,Dehradun,2017-05-01,38.5,6.2,40.1,Sunny
West Bengal,Howrah,2017-05-01,44.6,0.3,45.1,Dry
Uttar Pradesh,Agra,2017-04-29,44.1,11.9,44.6,Clear
Himachal Pradesh,Dharamshala,2017-04-28,34.8,2.3,38.6,Dry
Delhi (NCT),Rohini,2017-04-28,41.6,3.4,24.0,Sunny
Haryana,Panipat,2017-04-27,39.5,1.3,21.9,Dry
Madhya Pradesh,Indore,2017-04-27,37.5,5.2,39.1,Clear
Jammu and Kashmir,Srinagar,2017-04-26,30.2,3.8,15.9,Sunny
Chhattisgarh,Durg,2017-04-25,43.1,10.9,43.6,Sunny
Delhi (NCT),New Delhi,2017-04-25,43.1,10.9,43.6,Sunny
Goa,Panaji,2017-04-24,38.4,6.4,36.7,Hot
Haryana,Gurugram,2017-04-24,33.6,1.4,34.1,Hot
Rajasthan,Kota,2017-04-24,29.0,2.9,46.5,Clear
Tamil Nadu,Chennai,2017-04-22,40.5,8.3,41.0,Clear
Uttarakhand,Nainital,2017-04-22,38.1,5.8,39.7,Sunny
Gujarat,Rajkot,2017-04-21,30.1,4.0,47.6,Hot
Uttar Pradesh,Varanasi,2017-04-21,33.2,6.9,17.8,Sunny
Andhra Pradesh,Tirupati,2017-04-20,42.2,3.8,26.8,Clear
Jharkhand,Dhanbad,2017-04-20,36.3,4.1,36.8,Sunny
Tamil Nadu,Coimbatore,2017-04-20,37.6,5.3,39.2,Dry
Uttar Pradesh,Lucknow,2017-04-19,42.9,10.6,44.5,Sunny
Jharkhand,Ranchi,2017-04-18,28.4,8.3,28.9,Hot
Mizoram,Aizawl,2017-04-18,31.2,5.1,48.7,Sunny
Delhi (NCT),Dwarka,2017-04-18,39.1,0.9,21.5,Dry
Arunachal Pradesh,Itanagar,2017-04-17,33.5,7.1,19.2,Hot
Sikkim,Gangtok,2017-04-17,29.1,3.0,46.6,Dry
Uttar Pradesh,Kanpur,2017-04-17,31.3,11.1,32.9,Sunny
Ladakh,Kargil,2017-04-17,32.4,0.3,31.8,Dry
Himachal Pradesh,Shimla,2017-04-16,37.5,11.2,22.1,Dry
Jharkhand,Jamshedpur,2017-04-16,36.6,4.3,38.2,Hot
West Bengal,Siliguri,2017-04-16,29.2,9.0,30.8,Dry
Ladakh,Leh,2017-04-16,36.4,4.4,34.7,Hot
Punjab,Chandigarh,2017-04-14,38.5,6.3,39.0,Clear
Uttar Pradesh,Noida,2017-04-14,35.7,9.5,19.2,Dry
Gujarat,Ahmedabad,2017-04-13,36.4,4.2,36.9,Hot
Assam,Dibrugarh,2017-04-12,37.6,11.5,20.0,Sunny
Assam,Silchar,2017-04-11,34.6,2.5,34.0,Hot
Haryana,Faridabad,2017-04-11,35.9,3.7,36.4,Sunny
Karnataka,Mangaluru,2017-04-11,44.2,5.9,27.7,Sunny
Nagaland,Dimapur,2017-04-11,28.5,8.4,29.0,Clear
Uttarakhand,Haridwar,2017-04-11,37.2,4.9,38.8,Dry
Andhra Pradesh,Guntur,2017-04-10,38.8,6.5,40.4,Dry
Gujarat,Surat,2017-04-09,37.8,5.7,37.2,Hot
Odisha,Cuttack,2017-04-09,45.2,1.0,44.6,Dry
Punjab,Jalandhar,2017-04-09,28.0,7.9,28.5,Hot
Telangana,Nizamabad,2017-04-09,40.0,1.7,23.5,Clear
Himachal Pradesh,Manali,2017-04-08,35.5,9.2,20.1,Dry
Maharashtra,Nagpur,2017-04-08,34.2,8.0,17.7,Sunny
Rajasthan,Jaipur,2017-04-07,31.2,11.1,31.7,Hot
Rajasthan,Udaipur,2017-04-07,42.3,10.1,42.8,Sunny
Telangana,Hyderabad,2017-04-07,39.5,1.2,23.0,Hot
Tamil Nadu,Madurai,2017-04-06,40.2,8.0,40.7,Dry
Maharashtra,Pune,2017-04-05,30.7,10.6,31.2,Sunny
Tripura,Agartala,2017-04-05,30.7,10.6,31.2,Sunny
Gujarat,Vadodara,2017-04-04,28.6,8.5,29.1,Dry
West Bengal,Kolkata,2017-04-04,33.2,7.0,16.7,Clear
Kerala,Thiruvananthapuram,2017-04-03,37.4,11.0,23.1,Sunny
Jammu and Kashmir,Jammu,2017-04-03,32.4,6.1,17.0,Sunny
Assam,Guwahati,2017-04-02,45.3,1.1,44.7,Sunny
Goa,Margao,2017-04-02,36.6,4.6,34.9,Dry
Madhya Pradesh,Jabalpur,2017-04-02,37.7,11.4,22.3,Hot
Punjab,Amritsar,2017-04-02,38.8,0.6,21.2,Sunny
Karnataka,Mysuru,2017-04-01,33.4,1.2,33.9,Dry
Bihar,Patna,2017-03-31,29.1,3.1,45.5,Hot
Chhattisgarh,Raipur,2017-03-30,44.9,6.6,28.4,Dry
Tamil Nadu,Tiruchirappalli,2017-03-30,36.4,10.0,22.1,Clear
Bihar,Gaya,2017-03-29,35.6,3.6,33.9,Hot
Chhattisgarh,Bilaspur,2017-03-29,29.3,3.0,49.0,Hot
Odisha,Rourkela,2017-03-29,37.8,11.7,20.2,Clear
Kerala,Kozhikode,2017-03-28,28.7,8.6,29.2,Sunny
Maharashtra,Aurangabad,2017-03-28,34.6,8.3,19.2,Clear
Rajasthan,Jodhpur,2017-03-27,41.4,9.2,41.9,Dry
Madhya Pradesh,Bhopal,2017-03-26,33.2,0.9,34.8,Dry
Manipur,Imphal,2017-03-26,45.4,1.2,44.8,Hot
Punjab,Ludhiana,2017-03-26,35.2,9.1,17.6,Sunny
Karnataka,Bengaluru,2017-03-25,41.8,3.5,25.3,Sunny
Uttarakhand,Dehradun,2017-03-25,34.8,2.5,36.4,Dry
West Bengal,Howrah,2017-03-25,40.9,8.7,41.4,Clear
Uttar Pradesh,Agra,2017-03-23,40.4,8.2,40.9,Hot
Himachal Pradesh,Dharamshala,2017-03-22,31.1,10.7,34.9,Clear
Delhi (NCT),Rohini,2017-03-22,37.9,11.8,20.3,Dry
Haryana,Panipat,2017-03-21,35.8,9.7,18.2,Clear
Madhya Pradesh,Indore,2017-03-21,33.8,1.5,35.4,Hot
Jammu and Kashmir,Srinagar,2017-03-20,44.6,0.1,47.3,Dry
Chhattisgarh,Durg,2017-03-19,39.4,7.2,39.9,Dry
Delhi (NCT),New Delhi,2017-03-19,39.4,7.2,39.9,Dry
Goa,Panaji,2017-03-18,34.7,2.7,33.0,Sunny
Haryana,Gurugram,2017-03-18,29.9,9.8,30.4,Sunny
Rajasthan,Kota,2017-03-18,43.4,11.3,42.8,Hot
Tamil Nadu,Chennai,2017-03-16,36.8,4.6,37.3,Hot
Uttarakhand,Nainital,2017-03-16,34.4,2.1,36.0,Dry
Gujarat,Rajkot,2017-03-15,44.5,0.3,43.9,Sunny
Uttar Pradesh,Varanasi,2017-03-15,29.5,3.2,49.2,Dry
Andhra Pradesh,Tirupati,2017-03-14,38.5,0.1,23.1,Hot
Jharkhand,Dhanbad,2017-03-14,32.6,0.4,33.1,Dry
Tamil Nadu,Coimbatore,2017-03-14,33.9,1.6,35.5,Clear
Uttar Pradesh,Lucknow,2017-03-13,39.2,6.9,40.8,Dry
Jharkhand,Ranchi,2017-03-12,42.8,4.6,25.2,Sunny
Mizoram,Aizawl,2017-03-12,45.6,1.4,45.0,Dry
Delhi (NCT),Dwarka,2017-03-12,35.4,9.3,17.8,Clear
Arunachal Pradesh,Itanagar,2017-03-11,29.8,3.4,15.5,Sunny
Sikkim,Gangtok,2017-03-11,43.5,11.4,42.9,Clear
Uttar Pradesh,Kanpur,2017-03-11,45.7,7.4,29.2,Dry
Ladakh,Kargil,2017-03-11,28.7,8.7,28.1,Clear
Himachal Pradesh,Shimla,2017-03-10,33.8,7.5,18.4,Clear
Jharkhand,Jamshedpur,2017-03-10,32.9,0.6,34.5,Sunny
West Bengal,Siliguri,2017-03-10,43.6,5.3,27.1,Clear
Ladakh,Leh,2017-03-10,32.7,0.7,31.0,Sunny
Kerala,Kochi,2017-03-08,36.8,10.8,18.1,Clear
Punjab,Chandigarh,2017-03-08,34.8,2.6,35.3,Hot
Uttar Pradesh,Noida,2017-03-08,32.0,5.8,15.5,Clear
Gujarat,Ahmedabad,2017-03-07,32.7,0.5,33.2,Sunny
Assam,Dibrugarh,2017-03-06,33.9,7.8,16.3,Dry
Assam,Silchar,2017-03-05,30.9,10.9,30.3,Sunny
Haryana,Faridabad,2017-03-05,32.2,0.0,32.7,Dry
Karnataka,Mangaluru,2017-03-05,40.5,2.2,24.0,Dry
Nagaland,Dimapur,2017-03-05,42.9,4.7,25.3,Hot
Uttarakhand,Haridwar,2017-03-05,33.5,1.2,35.1,Clear
Andhra Pradesh,Guntur,2017-03-04,35.1,2.8,36.7,Clear
Gujarat,Surat,2017-03-03,34.1,2.0,33.5,Sunny
Odisha,Cuttack,2017-03-03,41.5,9.4,40.9,Clear
Punjab,Jalandhar,2017-03-03,42.4,4.2,24.8,Sunny
Telangana,Nizamabad,2017-03-03,36.3,10.1,19.8,Hot
Himachal Pradesh,Manali,2017-03-02,31.8,5.5,16.4,Clear
Maharashtra,Nagpur,2017-03-02,30.5,4.3,49.1,Dry
Rajasthan,Jaipur,2017-03-01,45.6,7.4,28.0,Sunny
Rajasthan,Udaipur,2017-03-01,38.6,6.4,39.1,Dry
Telangana,Hyderabad,2017-03-01,35.8,9.6,19.3,Sunny
Tamil Nadu,Madurai,2017-02-28,10.2,3.1,52.0,Cloudy
Maharashtra,Pune,2017-02-27,18.7,1.7,42.5,Clear
Tripura,Agartala,2017-02-27,18.7,1.7,42.5,Clear
Gujarat,Vadodara,2017-02-26,16.6,7.7,40.4,Cloudy
West Bengal,Kolkata,2017-02-26,21.3,6.1,63.1,Foggy
Kerala,Thiruvananthapuram,2017-02-25,25.9,1.7,34.4,Clear
Jammu and Kashmir,Jammu,2017-02-25,20.7,1.0,63.4,Clear
Assam,Guwahati,2017-02-24,15.1,4.4,56.0,Clear
Goa,Margao,2017-02-24,24.2,0.0,46.2,Cloudy
Madhya Pradesh,Jabalpur,2017-02-24,8.0,6.3,33.6,Sunny
Punjab,Amritsar,2017-02-24,8.7,7.9,32.5,Clear
Karnataka,Mysuru,2017-02-23,21.4,4.4,45.2,Cloudy
Bihar,Patna,2017-02-22,16.8,2.5,56.8,Sunny
Chhattisgarh,Raipur,2017-02-21,15.0,1.6,39.7,Cloudy
Tamil Nadu,Tiruchirappalli,2017-02-21,24.9,0.7,33.4,Foggy
Bihar,Gaya,2017-02-20,23.2,7.1,45.2,Sunny
Chhattisgarh,Bilaspur,2017-02-20,17.6,6.0,60.3,Sunny
Maharashtra,Nashik,2017-02-20,19.8,4.6,61.6,Cloudy
Odisha,Bhubaneswar,2017-02-20,19.8,4.6,61.6,Cloudy
Odisha,Rourkela,2017-02-20,25.7,6.9,31.5,Foggy
Kerala,Kozhikode,2017-02-19,16.7,7.8,40.5,Clear
Maharashtra,Aurangabad,2017-02-19,22.9,3.2,30.5,Foggy
Rajasthan,Jodhpur,2017-02-18,11.4,4.3,53.2,Cloudy
Madhya Pradesh,Bhopal,2017-02-17,21.4,8.0,46.1,Cloudy
Manipur,Imphal,2017-02-17,15.2,4.5,56.1,Sunny
Punjab,Ludhiana,2017-02-17,23.1,4.3,64.0,Clear
Karnataka,Bengaluru,2017-02-16,11.9,6.6,36.6,Clear
Uttarakhand,Dehradun,2017-02-16,23.0,1.5,47.7,Cloudy
West Bengal,Howrah,2017-02-16,10.9,3.8,52.7,Foggy
Uttar Pradesh,Agra,2017-02-14,10.4,3.3,52.2,Sunny
Himachal Pradesh,Dharamshala,2017-02-13,19.7,5.4,46.2,Foggy
Delhi (NCT),Rohini,2017-02-13,25.8,7.0,31.6,Cloudy
Haryana,Panipat,2017-02-12,23.7,4.9,64.6,Foggy
Madhya Pradesh,Indore,2017-02-12,22.0,0.5,46.7,Sunny
Madhya Pradesh,Gwalior,2017-02-12,15.6,4.0,58.3,Sunny
Jammu and Kashmir,Srinagar,2017-02-11,15.0,7.0,58.6,Cloudy
Chhattisgarh,Durg,2017-02-10,9.4,2.3,51.2,Cloudy
Delhi (NCT),New Delhi,2017-02-10,9.4,2.3,51.2,Cloudy
Goa,Panaji,2017-02-09,22.3,6.2,44.3,Clear
Haryana,Gurugram,2017-02-09,17.9,0.9,41.7,Clear
Rajasthan,Kota,2017-02-09,13.2,2.5,54.1,Sunny
Meghalaya,Shillong,2017-02-07,18.4,3.2,60.2,Sunny
Tamil Nadu,Chennai,2017-02-07,24.8,7.8,48.6,Sunny
Uttarakhand,Nainital,2017-02-07,22.6,1.1,47.3,Cloudy
Gujarat,Rajkot,2017-02-06,14.3,3.6,55.2,Clear
Uttar Pradesh,Varanasi,2017-02-06,17.8,6.2,60.5,Cloudy
Andhra Pradesh,Tirupati,2017-02-05,8.8,7.1,34.4,Sunny
Jharkhand,Dhanbad,2017-02-05,20.6,3.6,44.4,Cloudy
Tamil Nadu,Coimbatore,2017-02-05,22.1,0.6,46.8,Foggy
Uttar Pradesh,Lucknow,2017-02-04,9.4,5.9,52.1,Cloudy
Jharkhand,Ranchi,2017-02-03,12.7,3.8,36.5,Clear
Mizoram,Aizawl,2017-02-03,15.4,4.7,56.3,Cloudy
Delhi (NCT),Dwarka,2017-02-03,23.3,4.5,64.2,Foggy
Arunachal Pradesh,Itanagar,2017-02-02,18.3,2.2,61.9,Clear
Sikkim,Gangtok,2017-02-02,13.3,2.6,54.2,Foggy
Uttar Pradesh,Kanpur,2017-02-02,15.8,2.4,40.5,Cloudy
Ladakh,Kargil,2017-02-02,16.5,4.0,39.4,Foggy
Himachal Pradesh,Shimla,2017-02-01,22.1,2.4,64.8,Foggy
Jharkhand,Jamshedpur,2017-02-01,21.1,7.7,45.8,Clear
West Bengal,Siliguri,2017-02-01,13.7,0.3,38.4,Foggy
Ladakh,Leh,2017-02-01,20.3,4.2,42.3,Clear
Kerala,Kochi,2017-01-30,24.5,2.1,64.5,Foggy
Punjab,Chandigarh,2017-01-30,22.8,5.8,46.6,Sunny
Uttar Pradesh,Noida,2017-01-30,20.1,4.9,61.9,Foggy
Gujarat,Ahmedabad,2017-01-29,20.7,3.7,44.5,Clear
Assam,Dibrugarh,2017-01-28,21.8,3.0,62.7,Cloudy
Assam,Silchar,2017-01-27,18.7,6.2,41.6,Clear
Haryana,Faridabad,2017-01-27,20.2,3.2,44.0,Cloudy
Karnataka,Mangaluru,2017-01-27,10.6,5.3,35.3,Cloudy
Nagaland,Dimapur,2017-01-27,12.8,3.9,36.6,Sunny
Uttarakhand,Haridwar,2017-01-27,21.7,0.2,46.4,Foggy
Andhra Pradesh,Guntur,2017-01-26,23.3,1.8,48.0,Foggy
Gujarat,Surat,2017-01-25,21.9,1.3,44.8,Clear
Odisha,Cuttack,2017-01-25,11.3,0.6,52.2,Foggy
Punjab,Jalandhar,2017-01-25,12.3,3.4,36.1,Clear
Telangana,Nizamabad,2017-01-25,24.4,1.1,31.1,Sunny
Himachal Pradesh,Manali,2017-01-24,20.1,0.4,62.8,Foggy
Maharashtra,Nagpur,2017-01-24,18.6,3.4,60.4,Cloudy
Rajasthan,Jaipur,2017-01-23,15.5,6.6,39.3,Clear
Rajasthan,Udaipur,2017-01-23,8.6,1.5,50.4,Cloudy
Telangana,Hyderabad,2017-01-23,23.9,0.6,30.6,Clear
Tamil Nadu,Madurai,2017-01-22,24.5,7.5,48.3,Foggy
Maharashtra,Pune,2017-01-21,15.0,6.1,38.8,Cloudy
Tripura,Agartala,2017-01-21,15.0,6.1,38.8,Cloudy
Gujarat,Vadodara,2017-01-20,12.9,4.0,36.7,Foggy
West Bengal,Kolkata,2017-01-20,17.6,2.4,59.4,Sunny
Kerala,Thiruvananthapuram,2017-01-19,22.2,6.1,30.7,Cloudy
Jammu and Kashmir,Jammu,2017-01-19,17.0,5.4,59.7,Cloudy
Assam,Guwahati,2017-01-18,11.4,0.7,52.3,Cloudy
Goa,Margao,2017-01-18,20.5,4.4,42.5,Foggy
Madhya Pradesh,Jabalpur,2017-01-18,22.3,2.6,65.0,Clear
Punjab,Amritsar,2017-01-18,23.0,4.2,63.9,Cloudy
Karnataka,Mysuru,2017-01-17,17.7,0.7,41.5,Foggy
Bihar,Patna,2017-01-16,13.1,6.9,53.1,Clear
Chhattisgarh,Raipur,2017-01-15,11.3,6.0,36.0,Foggy
Tamil Nadu,Tiruchirappalli,2017-01-15,21.2,5.1,64.8,Sunny
Bihar,Gaya,2017-01-14,19.5,3.4,41.5,Clear
Chhattisgarh,Bilaspur,2017-01-14,13.9,2.3,56.6,Clear
Maharashtra,Nashik,2017-01-14,16.1,0.9,57.9,Foggy
Odisha,Bhubaneswar,2017-01-14,16.1,0.9,57.9,Foggy
Odisha,Rourkela,2017-01-14,22.0,3.2,62.9,Sunny
Kerala,Kozhikode,2017-01-13,13.0,4.1,36.8,Cloudy
Maharashtra,Aurangabad,2017-01-13,19.2,7.6,61.9,Sunny
Maharashtra,Mumbai,2017-01-12,15.6,0.4,57.4,Sunny
Rajasthan,Jodhpur,2017-01-12,25.7,0.6,49.5,Foggy
Madhya Pradesh,Bhopal,2017-01-11,17.7,4.3,42.4,Foggy
Manipur,Imphal,2017-01-11,11.5,0.8,52.4,Clear
Punjab,Ludhiana,2017-01-11,19.4,0.6,60.3,Cloudy
Karnataka,Bengaluru,2017-01-10,8.2,2.9,32.9,Cloudy
Uttarakhand,Dehradun,2017-01-10,19.3,5.9,44.0,Foggy
West Bengal,Howrah,2017-01-10,25.2,0.1,49.0,Sunny
Uttar Pradesh,Agra,2017-01-08,24.7,7.7,48.5,Clear
Himachal Pradesh,Dharamshala,2017-01-07,16.0,1.7,42.5,Sunny
Delhi (NCT),Rohini,2017-01-07,22.1,3.3,63.0,Foggy
Haryana,Panipat,2017-01-06,20.0,1.2,60.9,Sunny
Madhya Pradesh,Indore,2017-01-06,18.3,4.9,43.0,Clear
Madhya Pradesh,Gwalior,2017-01-06,11.9,0.3,54.6,Clear
Jammu and Kashmir,Srinagar,2017-01-05,11.3,3.3,54.9,Foggy
Chhattisgarh,Durg,2017-01-04,23.7,6.7,47.5,Foggy
Delhi (NCT),New Delhi,2017-01-04,23.7,6.7,47.5,Foggy
Goa,Panaji,2017-01-03,18.6,2.5,40.6,Cloudy
Haryana,Gurugram,2017-01-03,14.2,5.3,38.0,Cloudy
Rajasthan,Kota,2017-01-03,9.5,6.9,50.4,Clear
Meghalaya,Shillong,2017-01-01,14.7,7.6,56.5,Clear
Tamil Nadu,Chennai,2017-01-01,21.1,4.1,44.9,Clear
Uttarakhand,Nainital,2017-01-01,18.9,5.5,43.6,Foggy
Gujarat,Rajkot,2016-12-31,10.6,8.0,51.5,Cloudy
Uttar Pradesh,Varanasi,2016-12-31,14.1,2.5,56.8,Foggy
Andhra Pradesh,Tirupati,2016-12-30,23.1,3.4,30.7,Clear
Jharkhand,Dhanbad,2016-12-30,16.9,8.0,40.7,Foggy
Tamil Nadu,Coimbatore,2016-12-30,18.4,5.0,43.1,Sunny
Uttar Pradesh,Lucknow,2016-12-29,23.7,2.2,48.4,Foggy
Jharkhand,Ranchi,2016-12-28,9.0,0.1,32.8,Cloudy
Mizoram,Aizawl,2016-12-28,11.7,1.0,52.6,Foggy
Delhi (NCT),Dwarka,2016-12-28,19.6,0.8,60.5,Sunny
Arunachal Pradesh,Itanagar,2016-12-27,14.6,6.6,58.2,Cloudy
Sikkim,Gangtok,2016-12-27,9.6,7.0,50.5,Sunny
Uttar Pradesh,Kanpur,2016-12-27,12.1,6.8,36.8,Foggy
Ladakh,Kargil,2016-12-27,12.8,0.3,35.7,Sunny
Himachal Pradesh,Shimla,2016-12-26,18.4,6.8,61.1,Sunny
Jharkhand,Jamshedpur,2016-12-26,17.4,4.0,42.1,Cloudy
West Bengal,Siliguri,2016-12-26,10.0,4.7,34.7,Sunny
Ladakh,Leh,2016-12-26,16.6,0.5,38.6,Cloudy
Kerala,Kochi,2016-12-24,20.8,6.5,60.8,Sunny
Punjab,Chandigarh,2016-12-24,19.1,2.1,42.9,Clear
Uttar Pradesh,Noida,2016-12-24,16.4,1.2,58.2,Sunny
Gujarat,Ahmedabad,2016-12-23,17.0,0.0,40.8,Cloudy
Assam,Dibrugarh,2016-12-22,18.1,7.4,59.0,Foggy
Assam,Silchar,2016-12-21,15.0,2.5,37.9,Cloudy
Haryana,Faridabad,2016-12-21,16.5,7.6,40.3,Foggy
Karnataka,Mangaluru,2016-12-21,24.9,1.6,31.6,Foggy
Nagaland,Dimapur,2016-12-21,9.1,0.2,32.9,Clear
Uttarakhand,Haridwar,2016-12-21,18.0,4.6,42.7,Sunny
Andhra Pradesh,Guntur,2016-12-20,19.6,6.2,44.3,Sunny
Gujarat,Surat,2016-12-19,18.2,5.7,41.1,Cloudy
Odisha,Cuttack,2016-12-19,25.6,5.0,48.5,Sunny
Punjab,Jalandhar,2016-12-19,8.6,7.8,32.4,Cloudy
Telangana,Nizamabad,2016-12-19,20.7,5.5,62.5,Clear
Himachal Pradesh,Manali,2016-12-18,16.4,4.8,59.1,Sunny
Maharashtra,Nagpur,2016-12-18,14.9,7.8,56.7,Foggy
Rajasthan,Jaipur,2016-12-17,11.8,2.9,35.6,Cloudy
Rajasthan,Udaipur,2016-12-17,22.9,5.9,46.7,Foggy
Telangana,Hyderabad,2016-12-17,20.2,5.0,62.0,Cloudy
Tamil Nadu,Madurai,2016-12-16,20.8,3.8,44.6,Sunny
Maharashtra,Pune,2016-12-15,11.3,2.4,35.1,Foggy
Tripura,Agartala,2016-12-15,11.3,2.4,35.1,Foggy
Gujarat,Vadodara,2016-12-14,9.2,0.3,33.0,Sunny
West Bengal,Kolkata,2016-12-14,13.9,6.8,55.7,Clear
Kerala,Thiruvananthapuram,2016-12-13,18.5,2.4,62.1,Foggy
Jammu and Kashmir,Jammu,2016-12-13,13.3,1.7,56.0,Foggy
Assam,Guwahati,2016-12-12,25.7,5.1,48.6,Foggy
Goa,Margao,2016-12-12,16.8,0.7,38.8,Sunny
Madhya Pradesh,Jabalpur,2016-12-12,18.6,7.0,61.3,Cloudy
Punjab,Amritsar,2016-12-12,19.3,0.5,60.2,Foggy
Karnataka,Mysuru,2016-12-11,14.0,5.1,37.8,Sunny
Bihar,Patna,2016-12-10,9.4,3.2,49.4,Cloudy
Chhattisgarh,Raipur,2016-12-09,25.6,2.3,32.3,Sunny
Tamil Nadu,Tiruchirappalli,2016-12-09,17.5,1.4,61.1,Clear
Bihar,Gaya,2016-12-08,15.8,7.8,37.8,Cloudy
Chhattisgarh,Bilaspur,2016-12-08,10.2,6.7,52.9,Cloudy
Maharashtra,Nashik,2016-12-08,12.4,5.3,54.2,Sunny
Odisha,Bhubaneswar,2016-12-08,12.4,5.3,54.2,Sunny
Odisha,Rourkela,2016-12-08,18.3,7.6,59.2,Clear
Kerala,Kozhikode,2016-12-07,9.3,0.4,33.1,Foggy
Maharashtra,Aurangabad,2016-12-07,15.5,3.9,58.2,Clear
Maharashtra,Mumbai,2016-12-06,11.9,4.8,53.7,Clear
Rajasthan,Jodhpur,2016-12-06,22.0,5.0,45.8,Sunny
Madhya Pradesh,Bhopal,2016-12-05,14.0,0.6,38.7,Sunny
Manipur,Imphal,2016-12-05,25.8,5.2,48.7,Cloudy
Punjab,Ludhiana,2016-12-05,15.7,5.0,56.6,Foggy
Karnataka,Bengaluru,2016-12-04,22.5,7.3,64.3,Foggy
Uttarakhand,Dehradun,2016-12-04,15.6,2.2,40.3,Sunny
West Bengal,Howrah,2016-12-04,21.5,4.5,45.3,Clear
Uttar Pradesh,Agra,2016-12-02,21.0,4.0,44.8,Cloudy
Himachal Pradesh,Dharamshala,2016-12-01,12.3,6.1,38.8,Clear
Delhi (NCT),Rohini,2016-12-01,18.4,7.7,59.3,Sunny
Haryana,Panipat,2016-11-30,26.8,3.4,72.3,Humid
Madhya Pradesh,Indore,2016-11-30,18.7,5.5,64.4,Clear
Madhya Pradesh,Gwalior,2016-11-30,30.3,17.1,45.9,Clear
Jammu and Kashmir,Srinagar,2016-11-29,20.4,2.3,51.2,Cloudy
Chhattisgarh,Durg,2016-11-28,18.3,0.0,63.9,Cloudy
Delhi (NCT),New Delhi,2016-11-28,18.3,0.0,63.9,Cloudy
Goa,Panaji,2016-11-27,31.8,23.3,47.0,Sunny
Haryana,Gurugram,2016-11-27,23.9,15.6,54.4,Sunny
Rajasthan,Kota,2016-11-27,31.4,18.0,61.8,Clear
Meghalaya,Shillong,2016-11-25,27.3,9.0,72.9,Clear
Tamil Nadu,Chennai,2016-11-25,30.8,22.5,61.3,Clear
Uttarakhand,Nainital,2016-11-25,19.3,6.1,65.0,Cloudy
Gujarat,Rajkot,2016-11-24,32.5,19.1,62.9,Sunny
Uttar Pradesh,Varanasi,2016-11-24,32.5,19.3,48.1,Cloudy
Andhra Pradesh,Tirupati,2016-11-23,26.4,3.2,57.1,Clear
Jharkhand,Dhanbad,2016-11-23,26.6,18.3,57.1,Cloudy
Tamil Nadu,Coimbatore,2016-11-23,18.8,5.6,64.5,Humid
Uttar Pradesh,Lucknow,2016-11-22,24.1,10.9,69.8,Cloudy
Jharkhand,Ranchi,2016-11-21,18.7,10.4,49.2,Sunny
Mizoram,Aizawl,2016-11-21,18.5,20.2,64.0,Cloudy
Delhi (NCT),Dwarka,2016-11-21,26.4,3.0,71.9,Humid
Arunachal Pradesh,Itanagar,2016-11-20,23.7,5.6,54.5,Sunny
Sikkim,Gangtok,2016-11-20,31.5,18.1,61.9,Humid
Uttar Pradesh,Kanpur,2016-11-20,27.6,24.4,58.2,Cloudy
Ladakh,Kargil,2016-11-20,31.8,3.3,47.1,Humid
Himachal Pradesh,Shimla,2016-11-19,21.7,23.6,52.4,Humid
Jharkhand,Jamshedpur,2016-11-19,32.9,4.6,63.5,Sunny
West Bengal,Siliguri,2016-11-19,25.5,22.3,56.1,Humid
Ladakh,Leh,2016-11-19,29.8,21.3,45.0,Sunny
Kerala,Kochi,2016-11-17,21.8,18.4,67.2,Humid
Punjab,Chandigarh,2016-11-17,28.8,20.5,59.3,Clear
Uttar Pradesh,Noida,2016-11-17,29.0,10.7,74.6,Humid
Bihar,Bhagalpur,2016-11-16,23.3,25.0,68.8,Cloudy
Gujarat,Ahmedabad,2016-11-16,26.7,18.4,57.2,Sunny
Assam,Dibrugarh,2016-11-15,24.9,1.5,70.4,Cloudy
Assam,Silchar,2016-11-14,18.9,5.5,49.3,Sunny
Haryana,Faridabad,2016-11-14,26.2,17.9,56.7,Cloudy
Karnataka,Mangaluru,2016-11-14,22.4,19.2,53.0,Cloudy
Nagaland,Dimapur,2016-11-14,18.8,10.5,49.3,Clear
Uttarakhand,Haridwar,2016-11-14,18.4,5.2,64.1,Humid
Andhra Pradesh,Guntur,2016-11-13,20.0,6.8,65.7,Humid
Gujarat,Surat,2016-11-12,22.1,8.7,52.5,Sunny
Odisha,Cuttack,2016-11-12,29.5,16.1,59.9,Humid
Punjab,Jalandhar,2016-11-12,18.3,10.0,48.8,Sunny
Telangana,Nizamabad,2016-11-12,18.2,15.0,48.8,Clear
Himachal Pradesh,Manali,2016-11-11,19.7,21.6,50.4,Humid
Maharashtra,Nagpur,2016-11-11,27.5,9.2,73.1,Cloudy
Rajasthan,Jaipur,2016-11-10,21.5,13.2,52.0,Sunny
Rajasthan,Udaipur,2016-11-10,32.6,24.3,63.1,Cloudy
Telangana,Hyderabad,2016-11-10,32.8,14.5,48.3,Sunny
Tamil Nadu,Madurai,2016-11-09,30.5,22.2,61.0,Humid
Maharashtra,Pune,2016-11-08,21.0,12.7,51.5,Cloudy
Tripura,Agartala,2016-11-08,21.0,12.7,51.5,Cloudy
Gujarat,Vadodara,2016-11-07,18.9,10.6,49.4,Humid
West Bengal,Kolkata,2016-11-07,26.5,8.2,72.1,Clear
Kerala,Thiruvananthapuram,2016-11-06,27.6,9.5,58.4,Cloudy
Jammu and Kashmir,Jammu,2016-11-06,31.7,18.5,47.3,Cloudy
Assam,Guwahati,2016-11-05,29.6,16.2,60.0,Cloudy
Goa,Margao,2016-11-05,30.0,21.5,45.2,Humid
Madhya Pradesh,Jabalpur,2016-11-05,21.9,23.8,52.6,Sunny
Punjab,Amritsar,2016-11-05,26.1,2.7,71.6,Cloudy
Karnataka,Mysuru,2016-11-04,23.7,15.4,54.2,Humid
Bihar,Patna,2016-11-03,25.5,7.0,55.8,Sunny
Chhattisgarh,Raipur,2016-11-02,23.1,19.9,53.7,Humid
Tamil Nadu,Tiruchirappalli,2016-11-02,26.6,8.5,57.4,Clear
Bihar,Gaya,2016-11-01,29.0,20.5,74.3,Sunny
Chhattisgarh,Bilaspur,2016-11-01,28.6,15.4,74.3,Sunny
Maharashtra,Nashik,2016-11-01,25.0,6.7,70.6,Humid
Odisha,Bhubaneswar,2016-11-01,25.0,6.7,70.6,Humid
Odisha,Rourkela,2016-11-01,25.1,1.7,70.6,Clear
Kerala,Kozhikode,2016-10-31,19.0,10.7,49.5,Cloudy
Maharashtra,Aurangabad,2016-10-31,18.8,20.7,49.5,Clear
Maharashtra,Mumbai,2016-10-30,24.5,6.2,70.1,Clear
Rajasthan,Jodhpur,2016-10-30,31.7,23.4,62.2,Humid
Madhya Pradesh,Bhopal,2016-10-29,29.5,1.2,60.1,Humid
Manipur,Imphal,2016-10-29,29.7,16.3,60.1,Sunny
Punjab,Ludhiana,2016-10-29,22.5,24.2,68.0,Cloudy
Karnataka,Bengaluru,2016-10-28,20.0,16.8,50.6,Cloudy
Uttarakhand,Dehradun,2016-10-28,31.1,2.8,61.7,Humid
West Bengal,Howrah,2016-10-28,31.2,22.9,61.7,Clear
Uttar Pradesh,Agra,2016-10-26,30.7,22.4,61.2,Sunny
Himachal Pradesh,Dharamshala,2016-10-25,24.3,21.3,70.2,Clear
Delhi (NCT),Rohini,2016-10-25,25.2,1.8,70.7,Humid
Haryana,Panipat,2016-10-24,23.1,24.8,68.6,Clear
Madhya Pradesh,Indore,2016-10-24,30.1,1.8,60.7,Sunny
Madhya Pradesh,Gwalior,2016-10-24,26.6,13.4,72.3,Sunny
Jammu and Kashmir,Srinagar,2016-10-23,31.8,23.7,47.5,Humid
Chhattisgarh,Durg,2016-10-22,29.7,21.4,60.2,Humid
Delhi (NCT),New Delhi,2016-10-22,29.7,21.4,60.2,Humid
Goa,Panaji,2016-10-21,28.1,19.6,73.4,Cloudy
Haryana,Gurugram,2016-10-21,20.2,11.9,50.7,Cloudy
Rajasthan,Kota,2016-10-21,27.7,14.3,58.1,Sunny
Meghalaya,Shillong,2016-10-19,23.6,5.3,69.2,Sunny
Tamil Nadu,Chennai,2016-10-19,27.1,18.8,57.6,Sunny
Uttarakhand,Nainital,2016-10-19,30.7,2.4,61.3,Humid
Gujarat,Rajkot,2016-10-18,28.8,15.4,59.2,Cloudy
Uttar Pradesh,Varanasi,2016-10-18,28.8,15.6,74.5,Humid
Andhra Pradesh,Tirupati,2016-10-17,22.7,24.6,53.4,Sunny
Jharkhand,Dhanbad,2016-10-17,22.9,14.6,53.4,Humid
Tamil Nadu,Coimbatore,2016-10-17,30.2,1.9,60.8,Clear
Uttar Pradesh,Lucknow,2016-10-16,20.4,7.2,66.1,Humid
Jharkhand,Ranchi,2016-10-15,30.1,6.7,45.5,Cloudy
Mizoram,Aizawl,2016-10-15,29.9,16.5,60.3,Humid
Delhi (NCT),Dwarka,2016-10-15,22.7,24.4,68.2,Clear
Arunachal Pradesh,Itanagar,2016-10-14,20.0,1.9,50.8,Cloudy
Sikkim,Gangtok,2016-10-14,27.8,14.4,58.2,Clear
Uttar Pradesh,Kanpur,2016-10-14,23.9,20.7,54.5,Humid
Ladakh,Kargil,2016-10-14,28.1,24.7,73.5,Clear
Himachal Pradesh,Shimla,2016-10-13,18.0,19.9,48.7,Clear
Jharkhand,Jamshedpur,2016-10-13,29.2,0.9,59.8,Cloudy
West Bengal,Siliguri,2016-10-13,21.8,18.6,52.4,Clear
Ladakh,Leh,2016-10-13,26.1,17.6,71.4,Cloudy
Kerala,Kochi,2016-10-11,18.1,14.7,63.5,Clear
Punjab,Chandigarh,2016-10-11,25.1,16.8,55.6,Sunny
Uttar Pradesh,Noida,2016-10-11,25.3,7.0,70.9,Clear
Bihar,Bhagalpur,2016-10-10,19.6,21.3,65.1,Humid
Gujarat,Ahmedabad,2016-10-10,23.0,14.7,53.5,Cloudy
Assam,Dibrugarh,2016-10-09,21.2,22.9,66.7,Humid
Assam,Silchar,2016-10-08,30.3,1.8,45.6,Cloudy
Haryana,Faridabad,2016-10-08,22.5,14.2,53.0,Humid
Karnataka,Mangaluru,2016-10-08,18.7,15.5,49.3,Humid
Nagaland,Dimapur,2016-10-08,30.2,6.8,45.6,Sunny
Uttarakhand,Haridwar,2016-10-08,29.8,1.5,60.4,Clear
Andhra Pradesh,Guntur,2016-10-07,31.4,3.1,62.0,Clear
Gujarat,Surat,2016-10-06,18.4,5.0,48.8,Cloudy
Odisha,Cuttack,2016-10-06,25.8,12.4,56.2,Clear
Punjab,Jalandhar,2016-10-06,29.7,6.3,45.1,Cloudy
Telangana,Nizamabad,2016-10-06,29.6,11.3,45.1,Sunny
Himachal Pradesh,Manali,2016-10-05,31.1,17.9,46.7,Clear
Maharashtra,Nagpur,2016-10-05,23.8,5.5,69.4,Humid
Rajasthan,Jaipur,2016-10-04,32.9,9.5,48.3,Cloudy
Rajasthan,Udaipur,2016-10-04,28.9,20.6,59.4,Humid
Telangana,Hyderabad,2016-10-04,29.1,10.8,74.7,Cloudy
Tamil Nadu,Madurai,2016-10-03,26.8,18.5,57.3,Clear
Maharashtra,Pune,2016-10-02,32.4,9.0,47.8,Humid
Tripura,Agartala,2016-10-02,32.4,9.0,47.8,Humid
Gujarat,Vadodara,2016-10-01,30.3,6.9,45.7,Clear
West Bengal,Kolkata,2016-10-01,22.8,4.5,68.4,Sunny
Kerala,Thiruvananthapuram,2016-09-30,27.6,90.4,74.7,Heavy Rain
Jammu and Kashmir,Jammu,2016-09-30,30.8,49.2,93.7,Heavy Rain
Assam,Guwahati,2016-09-29,30.9,136.7,76.3,Heavy Rain
Goa,Margao,2016-09-29,30.4,91.8,91.6,Stormy
Madhya Pradesh,Jabalpur,2016-09-29,25.0,54.5,68.9,Rainy
Punjab,Amritsar,2016-09-29,31.4,148.3,87.9,Heavy Rain
Karnataka,Mysuru,2016-09-28,33.0,161.0,70.5,Stormy
Bihar,Patna,2016-09-27,29.9,102.4,72.1,Rainy
Chhattisgarh,Raipur,2016-09-26,29.3,25.5,70.0,Stormy
Tamil Nadu,Tiruchirappalli,2016-09-26,26.6,89.4,73.7,Cloudy
Bihar,Gaya,2016-09-25,29.4,90.8,90.6,Rainy
Chhattisgarh,Bilaspur,2016-09-25,27.7,46.1,90.6,Rainy
Maharashtra,Nashik,2016-09-25,27.2,177.4,86.9,Stormy
Odisha,Bhubaneswar,2016-09-25,27.2,177.4,86.9,Stormy
Odisha,Rourkela,2016-09-25,30.4,147.3,86.9,Cloudy
Kerala,Kozhikode,2016-09-24,28.3,156.3,65.8,Heavy Rain
Maharashtra,Aurangabad,2016-09-24,33.0,51.4,65.8,Cloudy
Maharashtra,Mumbai,2016-09-23,26.7,176.9,86.4,Cloudy
Rajasthan,Jodhpur,2016-09-23,29.9,169.0,78.5,Stormy
Madhya Pradesh,Bhopal,2016-09-22,24.6,31.9,76.4,Stormy
Manipur,Imphal,2016-09-22,31.0,136.8,76.4,Rainy
Punjab,Ludhiana,2016-09-22,27.8,144.7,84.3,Heavy Rain
Karnataka,Bengaluru,2016-09-21,26.2,22.4,66.9,Heavy Rain
Uttarakhand,Dehradun,2016-09-21,26.2,33.5,78.0,Stormy
West Bengal,Howrah,2016-09-21,29.4,168.5,78.0,Cloudy
Uttar Pradesh,Agra,2016-09-19,28.9,168.0,77.5,Rainy
Himachal Pradesh,Dharamshala,2016-09-18,28.3,102.2,86.5,Cloudy
Delhi (NCT),Rohini,2016-09-18,30.5,147.4,87.0,Stormy
Haryana,Panipat,2016-09-17,28.4,145.3,84.9,Cloudy
Madhya Pradesh,Indore,2016-09-17,25.2,32.5,77.0,Rainy
Madhya Pradesh,Gwalior,2016-09-17,25.7,44.1,88.6,Rainy
Jammu and Kashmir,Srinagar,2016-09-16,27.8,79.5,93.9,Stormy
Chhattisgarh,Durg,2016-09-15,27.9,167.0,76.5,Stormy
Delhi (NCT),New Delhi,2016-09-15,27.9,167.0,76.5,Stormy
Goa,Panaji,2016-09-14,28.5,89.9,89.7,Heavy Rain
Haryana,Gurugram,2016-09-14,29.5,157.5,67.0,Heavy Rain
Rajasthan,Kota,2016-09-14,29.0,134.8,74.4,Rainy
Meghalaya,Shillong,2016-09-12,25.8,176.0,85.5,Rainy
Tamil Nadu,Chennai,2016-09-12,25.3,164.4,73.9,Rainy
Uttarakhand,Nainital,2016-09-12,25.8,33.1,77.6,Stormy
Gujarat,Rajkot,2016-09-11,30.1,135.9,75.5,Heavy Rain
Uttar Pradesh,Varanasi,2016-09-11,27.9,46.3,90.8,Stormy
Andhra Pradesh,Tirupati,2016-09-10,25.8,55.3,69.7,Rainy
Jharkhand,Dhanbad,2016-09-10,32.2,160.2,69.7,Stormy
Tamil Nadu,Coimbatore,2016-09-10,25.3,32.6,77.1,Cloudy
Jharkhand,Ranchi,2016-09-08,24.3,152.3,91.9,Heavy Rain
Mizoram,Aizawl,2016-09-08,31.2,137.0,76.6,Stormy
Delhi (NCT),Dwarka,2016-09-08,28.0,144.9,84.5,Cloudy
Arunachal Pradesh,Itanagar,2016-09-07,31.1,82.8,67.1,Heavy Rain
Sikkim,Gangtok,2016-09-07,29.1,134.9,74.5,Cloudy
Uttar Pradesh,Kanpur,2016-09-07,30.1,26.3,70.8,Stormy
Ladakh,Kargil,2016-09-07,25.4,120.1,89.8,Cloudy
Himachal Pradesh,Shimla,2016-09-06,32.2,50.6,65.0,Cloudy
Jharkhand,Jamshedpur,2016-09-06,24.3,31.6,76.1,Heavy Rain
West Bengal,Siliguri,2016-09-06,28.0,24.2,68.7,Cloudy
Ladakh,Leh,2016-09-06,26.5,87.9,87.7,Heavy Rain
Kerala,Kochi,2016-09-04,26.5,110.1,79.8,Cloudy
Punjab,Chandigarh,2016-09-04,23.3,162.4,71.9,Rainy
Uttar Pradesh,Noida,2016-09-04,27.5,177.7,87.2,Cloudy
Bihar,Bhagalpur,2016-09-03,24.9,141.8,81.4,Stormy
Gujarat,Ahmedabad,2016-09-03,32.3,160.3,69.8,Heavy Rain
Assam,Dibrugarh,2016-09-02,26.5,143.4,83.0,Stormy
Assam,Silchar,2016-09-01,27.6,122.3,92.0,Heavy Rain
Haryana,Faridabad,2016-09-01,31.8,159.8,69.3,Stormy
Karnataka,Mangaluru,2016-09-01,24.9,21.1,65.6,Stormy
Nagaland,Dimapur,2016-09-01,24.4,152.4,92.0,Rainy
Uttarakhand,Haridwar,2016-09-01,24.9,32.2,76.7,Cloudy
Andhra Pradesh,Guntur,2016-08-31,26.5,33.8,78.3,Cloudy
Gujarat,Surat,2016-08-30,30.8,125.5,65.1,Heavy Rain
Odisha,Cuttack,2016-08-30,27.1,132.9,72.5,Cloudy
Punjab,Jalandhar,2016-08-30,23.9,151.9,91.5,Heavy Rain
Telangana,Nizamabad,2016-08-30,31.8,16.9,91.5,Rainy
Himachal Pradesh,Manali,2016-08-29,30.2,48.6,93.1,Cloudy
Maharashtra,Nagpur,2016-08-29,26.0,176.2,85.7,Stormy
Rajasthan,Jaipur,2016-08-28,27.1,155.1,94.7,Heavy Rain
Rajasthan,Udaipur,2016-08-28,27.1,166.2,75.7,Stormy
Telangana,Hyderabad,2016-08-28,31.3,16.4,91.0,Heavy Rain
Tamil Nadu,Madurai,2016-08-27,25.0,164.1,73.6,Cloudy
Maharashtra,Pune,2016-08-26,26.6,154.6,94.2,Stormy
Tripura,Agartala,2016-08-26,26.6,154.6,94.2,Stormy
Gujarat,Vadodara,2016-08-25,24.5,152.5,92.1,Cloudy
West Bengal,Kolkata,2016-08-25,25.0,175.2,84.7,Rainy
Kerala,Thiruvananthapuram,2016-08-24,23.9,86.7,71.0,Stormy
Jammu and Kashmir,Jammu,2016-08-24,27.1,45.5,90.0,Stormy
Assam,Guwahati,2016-08-23,27.2,133.0,72.6,Stormy
Goa,Margao,2016-08-23,26.7,88.1,87.9,Cloudy
Madhya Pradesh,Jabalpur,2016-08-23,32.4,50.8,65.2,Heavy Rain
Punjab,Amritsar,2016-08-23,27.7,144.6,84.2,Stormy
Karnataka,Mysuru,2016-08-22,29.3,157.3,66.8,Cloudy
Bihar,Patna,2016-08-21,26.2,98.7,68.4,Heavy Rain
Chhattisgarh,Raipur,2016-08-20,25.6,21.8,66.3,Cloudy
Tamil Nadu,Tiruchirappalli,2016-08-20,34.0,85.7,70.0,Rainy
Bihar,Gaya,2016-08-19,25.7,87.1,86.9,Heavy Rain
Chhattisgarh,Bilaspur,2016-08-19,24.0,42.4,86.9,Heavy Rain
Maharashtra,Nashik,2016-08-19,23.5,173.7,83.2,Cloudy
Odisha,Bhubaneswar,2016-08-19,23.5,173.7,83.2,Cloudy
Odisha,Rourkela,2016-08-19,26.7,143.6,83.2,Rainy
Kerala,Kozhikode,2016-08-18,24.6,152.6,92.2,Stormy
Maharashtra,Aurangabad,2016-08-18,29.3,47.7,92.2,Rainy
Maharashtra,Mumbai,2016-08-17,23.0,173.2,82.7,Rainy
Rajasthan,Jodhpur,2016-08-17,26.2,165.3,74.8,Cloudy
Madhya Pradesh,Bhopal,2016-08-16,32.0,28.2,72.7,Cloudy
Manipur,Imphal,2016-08-16,27.3,133.1,72.7,Heavy Rain
Punjab,Ludhiana,2016-08-16,24.1,141.0,80.6,Stormy
Karnataka,Bengaluru,2016-08-15,33.6,18.7,93.3,Stormy
Uttarakhand,Dehradun,2016-08-15,33.6,29.8,74.3,Cloudy
West Bengal,Howrah,2016-08-15,25.7,164.8,74.3,Rainy
Uttar Pradesh,Agra,2016-08-13,25.2,164.3,73.8,Heavy Rain
Himachal Pradesh,Dharamshala,2016-08-12,24.6,98.5,82.8,Rainy
Delhi (NCT),Rohini,2016-08-12,26.8,143.7,83.3,Cloudy
Haryana,Panipat,2016-08-11,24.7,141.6,81.2,Rainy
Madhya Pradesh,Indore,2016-08-11,32.6,28.8,73.3,Heavy Rain
Madhya Pradesh,Gwalior,2016-08-11,33.1,40.4,84.9,Heavy Rain
Jammu and Kashmir,Srinagar,2016-08-10,24.1,75.8,90.2,Cloudy
Chhattisgarh,Durg,2016-08-09,24.2,163.3,72.8,Cloudy
Delhi (NCT),New Delhi,2016-08-09,24.2,163.3,72.8,Cloudy
Goa,Panaji,2016-08-08,24.8,86.2,86.0,Stormy
Haryana,Gurugram,2016-08-08,25.8,153.8,93.4,Stormy
Rajasthan,Kota,2016-08-08,25.3,131.1,70.7,Heavy Rain
Meghalaya,Shillong,2016-08-06,33.2,172.3,81.8,Heavy Rain
Tamil Nadu,Chennai,2016-08-06,32.7,160.7,70.2,Heavy Rain
Uttarakhand,Nainital,2016-08-06,33.2,29.4,73.9,Cloudy
Gujarat,Rajkot,2016-08-05,26.4,132.2,71.8,Stormy
Uttar Pradesh,Varanasi,2016-08-05,24.2,42.6,87.1,Cloudy
Andhra Pradesh,Tirupati,2016-08-04,33.2,51.6,66.0,Heavy Rain
Jharkhand,Dhanbad,2016-08-04,28.5,156.5,66.0,Cloudy
Tamil Nadu,Coimbatore,2016-08-04,32.7,28.9,73.4,Rainy
Jharkhand,Ranchi,2016-08-02,31.7,148.6,88.2,Stormy
Mizoram,Aizawl,2016-08-02,27.5,133.3,72.9,Cloudy
Delhi (NCT),Dwarka,2016-08-02,24.3,141.2,80.8,Rainy
Arunachal Pradesh,Itanagar,2016-08-01,27.4,79.1,93.5,Stormy
Sikkim,Gangtok,2016-08-01,25.4,131.2,70.8,Rainy
Uttar Pradesh,Kanpur,2016-08-01,26.4,22.6,67.1,Cloudy
West Bengal,Darjeeling,2016-08-01,30.6,37.9,82.4,Stormy
Ladakh,Kargil,2016-08-01,32.8,116.4,86.1,Rainy
Himachal Pradesh,Shimla,2016-07-31,28.5,46.9,91.4,Rainy
Jharkhand,Jamshedpur,2016-07-31,31.7,27.9,72.4,Stormy
West Bengal,Siliguri,2016-07-31,24.3,20.5,65.0,Rainy
Ladakh,Leh,2016-07-31,33.9,84.2,84.0,Stormy
Kerala,Kochi,2016-07-29,33.9,106.4,76.1,Rainy
Punjab,Chandigarh,2016-07-29,30.7,158.7,68.2,Heavy Rain
Uttar Pradesh,Noida,2016-07-29,23.8,174.0,83.5,Rainy
Bihar,Bhagalpur,2016-07-28,32.3,138.1,77.7,Cloudy
Gujarat,Ahmedabad,2016-07-28,28.6,156.6,66.1,Stormy
Assam,Dibrugarh,2016-07-27,33.9,139.7,79.3,Cloudy
Assam,Silchar,2016-07-26,23.9,118.6,88.3,Stormy
Haryana,Faridabad,2016-07-26,28.1,156.1,65.6,Cloudy
Karnataka,Mangaluru,2016-07-26,32.3,17.4,92.0,Cloudy
Nagaland,Dimapur,2016-07-26,31.8,148.7,88.3,Heavy Rain
Uttarakhand,Haridwar,2016-07-26,32.3,28.5,73.0,Rainy
Andhra Pradesh,Guntur,2016-07-25,33.9,30.1,74.6,Rainy
Gujarat,Surat,2016-07-24,27.1,121.8,91.5,Stormy
Odisha,Cuttack,2016-07-24,23.4,129.2,68.8,Rainy
Punjab,Jalandhar,2016-07-24,31.3,148.2,87.8,Stormy
Telangana,Nizamabad,2016-07-24,28.1,178.3,87.8,Heavy Rain
Himachal Pradesh,Manali,2016-07-23,26.5,44.9,89.4,Rainy
Maharashtra,Nagpur,2016-07-23,33.4,172.5,82.0,Cloudy
Rajasthan,Jaipur,2016-07-22,23.4,151.4,91.0,Stormy
Rajasthan,Udaipur,2016-07-22,23.4,162.5,72.0,Cloudy
Telangana,Hyderabad,2016-07-22,27.6,177.8,87.3,Stormy
Tamil Nadu,Madurai,2016-07-21,32.4,160.4,69.9,Rainy
Maharashtra,Pune,2016-07-20,34.0,150.9,90.5,Cloudy
Tripura,Agartala,2016-07-20,34.0,150.9,90.5,Cloudy
Gujarat,Vadodara,2016-07-19,31.9,148.8,88.4,Rainy
West Bengal,Kolkata,2016-07-19,32.4,171.5,81.0,Heavy Rain
Kerala,Thiruvananthapuram,2016-07-18,31.3,83.0,67.3,Cloudy
Jammu and Kashmir,Jammu,2016-07-18,23.4,41.8,86.3,Cloudy
Assam,Guwahati,2016-07-17,23.5,129.3,68.9,Cloudy
Goa,Margao,2016-07-17,23.0,84.4,84.2,Rainy
Madhya Pradesh,Jabalpur,2016-07-17,28.7,47.1,91.6,Stormy
Punjab,Amritsar,2016-07-17,24.0,140.9,80.5,Cloudy
Karnataka,Mysuru,2016-07-16,25.6,153.6,93.2,Rainy
Bihar,Patna,2016-07-15,33.6,95.0,94.8,Stormy
Chhattisgarh,Raipur,2016-07-14,33.0,18.1,92.7,Rainy
Tamil Nadu,Tiruchirappalli,2016-07-14,30.3,82.0,66.3,Heavy Rain
Bihar,Gaya,2016-07-13,33.1,83.4,83.2,Stormy
Chhattisgarh,Bilaspur,2016-07-13,31.4,38.7,83.2,Stormy
Maharashtra,Nashik,2016-07-13,30.9,170.0,79.5,Rainy
Odisha,Bhubaneswar,2016-07-13,30.9,170.0,79.5,Rainy
Odisha,Rourkela,2016-07-13,23.0,139.9,79.5,Heavy Rain
Kerala,Kozhikode,2016-07-12,32.0,148.9,88.5,Cloudy
Maharashtra,Aurangabad,2016-07-12,25.6,44.0,88.5,Heavy Rain
Maharashtra,Mumbai,2016-07-11,30.4,169.5,79.0,Heavy Rain
Rajasthan,Jodhpur,2016-07-11,33.6,161.6,71.1,Rainy
Madhya Pradesh,Bhopal,2016-07-10,28.3,24.5,69.0,Rainy
Manipur,Imphal,2016-07-10,23.6,129.4,69.0,Stormy
Punjab,Ludhiana,2016-07-10,31.5,137.3,76.9,Cloudy
Karnataka,Bengaluru,2016-07-09,29.9,15.0,89.6,Cloudy
Uttarakhand,Dehradun,2016-07-09,29.9,26.1,70.6,Rainy
West Bengal,Howrah,2016-07-09,33.1,161.1,70.6,Heavy Rain
Uttar Pradesh,Agra,2016-07-07,32.6,160.6,70.1,Stormy
Himachal Pradesh,Dharamshala,2016-07-06,32.0,94.8,79.1,Heavy Rain
Delhi (NCT),Rohini,2016-07-06,23.1,140.0,79.6,Rainy
Haryana,Panipat,2016-07-05,32.1,137.9,77.5,Heavy Rain
Madhya Pradesh,Indore,2016-07-05,28.9,25.1,69.6,Stormy
Madhya Pradesh,Gwalior,2016-07-05,29.4,36.7,81.2,Stormy
Jammu and Kashmir,Srinagar,2016-07-04,31.5,72.1,86.5,Rainy
Chhattisgarh,Durg,2016-07-03,31.6,159.6,69.1,Rainy
Delhi (NCT),New Delhi,2016-07-03,31.6,159.6,69.1,Rainy
Goa,Panaji,2016-07-02,32.2,82.5,82.3,Cloudy
Haryana,Gurugram,2016-07-02,33.2,150.1,89.7,Cloudy
Rajasthan,Kota,2016-07-02,32.7,127.4,67.0,Stormy
Telangana,Warangal,2016-07-01,27.9,167.0,76.5,Stormy
Meghalaya,Shillong,2016-06-30,29.5,168.6,78.1,Stormy
Tamil Nadu,Chennai,2016-06-30,29.0,157.0,66.5,Stormy
Uttarakhand,Nainital,2016-06-30,29.5,25.7,70.2,Rainy
Gujarat,Rajkot,2016-06-29,33.8,128.5,68.1,Cloudy
Uttar Pradesh,Varanasi,2016-06-29,31.6,38.9,83.4,Rainy
Andhra Pradesh,Tirupati,2016-06-28,29.5,47.9,92.4,Stormy
Jharkhand,Dhanbad,2016-06-28,24.8,152.8,92.4,Rainy
Tamil Nadu,Coimbatore,2016-06-28,29.0,25.2,69.7,Heavy Rain
Jharkhand,Ranchi,2016-06-26,28.0,144.9,84.5,Cloudy
Delhi (NCT),Dwarka,2016-06-26,31.7,137.5,77.1,Heavy Rain
Arunachal Pradesh,Itanagar,2016-06-25,23.7,75.4,89.8,Cloudy
Sikkim,Gangtok,2016-06-25,32.8,127.5,67.1,Heavy Rain
Uttar Pradesh,Kanpur,2016-06-25,33.8,18.9,93.5,Rainy
West Bengal,Darjeeling,2016-06-25,26.9,34.2,78.7,Cloudy
Ladakh,Kargil,2016-06-25,29.1,112.7,82.4,Heavy Rain
Himachal Pradesh,Shimla,2016-06-24,24.8,43.2,87.7,Heavy Rain
Jharkhand,Jamshedpur,2016-06-24,28.0,24.2,68.7,Cloudy
West Bengal,Siliguri,2016-06-24,31.7,16.8,91.4,Heavy Rain
Ladakh,Leh,2016-06-24,30.2,80.5,80.3,Cloudy
Kerala,Kochi,2016-06-22,30.2,102.7,72.4,Heavy Rain
Punjab,Chandigarh,2016-06-22,27.0,155.0,94.6,Stormy
Uttar Pradesh,Noida,2016-06-22,31.2,170.3,79.8,Heavy Rain
Bihar,Bhagalpur,2016-06-21,28.6,134.4,74.0,Rainy
Gujarat,Ahmedabad,2016-06-21,24.9,152.9,92.5,Cloudy
Assam,Dibrugarh,2016-06-20,30.2,136.0,75.6,Rainy
Assam,Silchar,2016-06-19,31.3,114.9,84.6,Cloudy
Haryana,Faridabad,2016-06-19,24.4,152.4,92.0,Rainy
Karnataka,Mangaluru,2016-06-19,28.6,178.8,88.3,Rainy
Nagaland,Dimapur,2016-06-19,28.1,145.0,84.6,Stormy
Uttarakhand,Haridwar,2016-06-19,28.6,24.8,69.3,Heavy Rain
Andhra Pradesh,Guntur,2016-06-18,30.2,26.4,70.9,Heavy Rain
Gujarat,Surat,2016-06-17,23.4,118.1,87.8,Cloudy
Odisha,Cuttack,2016-06-17,30.8,125.5,65.1,Heavy Rain
Punjab,Jalandhar,2016-06-17,27.6,144.5,84.1,Cloudy
Telangana,Nizamabad,2016-06-17,24.4,174.6,84.1,Stormy
Himachal Pradesh,Manali,2016-06-16,33.9,41.2,85.7,Heavy Rain
Maharashtra,Nagpur,2016-06-16,29.7,168.8,78.3,Rainy
Rajasthan,Jaipur,2016-06-15,30.8,147.7,87.3,Cloudy
Rajasthan,Udaipur,2016-06-15,30.8,158.8,68.3,Rainy
Telangana,Hyderabad,2016-06-15,23.9,174.1,83.6,Cloudy
Tamil Nadu,Madurai,2016-06-14,28.7,156.7,66.2,Heavy Rain
Maharashtra,Pune,2016-06-13,30.3,147.2,86.8,Rainy
Tripura,Agartala,2016-06-13,30.3,147.2,86.8,Rainy
Gujarat,Vadodara,2016-06-12,28.2,145.1,84.7,Heavy Rain
West Bengal,Kolkata,2016-06-12,28.7,167.8,77.3,Stormy
Kerala,Thiruvananthapuram,2016-06-11,27.6,79.3,93.7,Rainy
Jammu and Kashmir,Jammu,2016-06-11,30.8,38.1,82.6,Rainy
Assam,Guwahati,2016-06-10,30.9,125.6,65.2,Rainy
Goa,Margao,2016-06-10,30.4,80.7,80.5,Heavy Rain
Madhya Pradesh,Jabalpur,2016-06-10,25.0,43.4,87.9,Cloudy
Punjab,Amritsar,2016-06-10,31.4,137.2,76.8,Rainy
Karnataka,Mysuru,2016-06-09,33.0,149.9,89.5,Heavy Rain
Bihar,Patna,2016-06-08,29.9,91.3,91.1,Cloudy
Chhattisgarh,Raipur,2016-06-07,29.3,179.5,89.0,Heavy Rain
Tamil Nadu,Tiruchirappalli,2016-06-07,26.6,78.3,92.7,Stormy
Bihar,Gaya,2016-06-06,29.4,79.7,79.5,Cloudy
Chhattisgarh,Bilaspur,2016-06-06,27.7,35.0,79.5,Cloudy
Maharashtra,Nashik,2016-06-06,27.2,166.3,75.8,Heavy Rain
Odisha,Bhubaneswar,2016-06-06,27.2,166.3,75.8,Heavy Rain
Odisha,Rourkela,2016-06-06,30.4,136.2,75.8,Stormy
Kerala,Kozhikode,2016-06-05,28.3,145.2,84.8,Rainy
Maharashtra,Aurangabad,2016-06-05,33.0,40.3,84.8,Stormy
Maharashtra,Mumbai,2016-06-04,26.7,165.8,75.3,Stormy
Rajasthan,Jodhpur,2016-06-04,29.9,157.9,67.4,Heavy Rain
Madhya Pradesh,Bhopal,2016-06-03,24.6,20.8,65.3,Heavy Rain
Manipur,Imphal,2016-06-03,31.0,125.7,65.3,Cloudy
Punjab,Ludhiana,2016-06-03,27.8,133.6,73.2,Rainy
Karnataka,Bengaluru,2016-06-02,26.2,176.4,85.9,Rainy
Uttarakhand,Dehradun,2016-06-02,26.2,22.4,66.9,Heavy Rain
West Bengal,Howrah,2016-06-02,29.4,157.4,66.9,Stormy
Nagaland,Kohima,2016-05-31,39.2,1.1,20.5,Clear
Uttar Pradesh,Agra,2016-05-31,28.9,2.8,46.4,Hot
Himachal Pradesh,Dharamshala,2016-05-30,37.7,5.3,40.4,Clear
Delhi (NCT),Rohini,2016-05-30,44.5,6.4,25.8,Dry
Haryana,Panipat,2016-05-29,42.4,4.3,23.7,Clear
Madhya Pradesh,Indore,2016-05-29,40.4,8.2,40.9,Hot
Madhya Pradesh,Gwalior,2016-05-29,33.9,7.7,17.4,Hot
Jammu and Kashmir,Srinagar,2016-05-28,33.1,6.8,17.7,Dry
Chhattisgarh,Durg,2016-05-27,46.0,1.8,45.4,Dry
Delhi (NCT),New Delhi,2016-05-27,46.0,1.8,45.4,Dry
Goa,Panaji,2016-05-26,41.3,9.4,38.5,Sunny
Haryana,Gurugram,2016-05-26,36.5,4.4,35.9,Sunny
Rajasthan,Kota,2016-05-26,31.9,5.9,48.3,Hot
Telangana,Warangal,2016-05-25,35.3,9.2,17.7,Hot
Meghalaya,Shillong,2016-05-24,36.9,10.8,19.3,Hot
Tamil Nadu,Chennai,2016-05-24,43.4,11.3,42.8,Hot
Uttarakhand,Nainital,2016-05-24,41.0,8.8,41.5,Dry
Gujarat,Rajkot,2016-05-23,33.0,7.0,49.4,Sunny
Uttar Pradesh,Varanasi,2016-05-23,36.1,9.9,19.6,Dry
Andhra Pradesh,Tirupati,2016-05-22,45.1,6.8,28.6,Hot
Jharkhand,Dhanbad,2016-05-22,39.2,7.1,38.6,Dry
Tamil Nadu,Coimbatore,2016-05-22,40.5,8.3,41.0,Clear
Jharkhand,Ranchi,2016-05-20,31.3,11.3,30.7,Sunny
Delhi (NCT),Dwarka,2016-05-20,42.0,3.9,23.3,Clear
Arunachal Pradesh,Itanagar,2016-05-19,36.4,10.1,21.0,Sunny
Sikkim,Gangtok,2016-05-19,32.0,6.0,48.4,Clear
Uttar Pradesh,Kanpur,2016-05-19,34.2,2.0,34.7,Dry
West Bengal,Darjeeling,2016-05-19,31.4,5.2,50.0,Sunny
Ladakh,Kargil,2016-05-19,35.3,3.3,33.6,Clear
Himachal Pradesh,Shimla,2016-05-18,40.4,2.1,23.9,Clear
Jharkhand,Jamshedpur,2016-05-18,39.5,7.3,40.0,Sunny
West Bengal,Siliguri,2016-05-18,32.1,12.0,32.6,Clear
Ladakh,Leh,2016-05-18,39.3,7.4,36.5,Sunny
Kerala,Kochi,2016-05-16,43.4,5.4,23.6,Clear
Punjab,Chandigarh,2016-05-16,41.4,9.3,40.8,Hot
Uttar Pradesh,Noida,2016-05-16,38.6,0.4,21.0,Clear
Bihar,Bhagalpur,2016-05-15,38.9,0.8,20.2,Dry
Gujarat,Ahmedabad,2016-05-15,39.3,7.2,38.7,Sunny
Assam,Dibrugarh,2016-05-14,40.5,2.4,21.8,Dry
Assam,Silchar,2016-05-13,37.5,5.5,35.8,Sunny
Haryana,Faridabad,2016-05-13,38.8,6.7,38.2,Dry
Karnataka,Mangaluru,2016-05-13,29.0,8.9,29.5,Dry
Nagaland,Dimapur,2016-05-13,31.4,11.4,30.8,Hot
Uttarakhand,Haridwar,2016-05-13,40.1,7.9,40.6,Clear
Andhra Pradesh,Guntur,2016-05-12,41.7,9.5,42.2,Clear
Gujarat,Surat,2016-05-11,40.7,8.7,39.0,Sunny
Odisha,Cuttack,2016-05-11,30.0,4.0,46.4,Clear
Punjab,Jalandhar,2016-05-11,30.9,10.9,30.3,Sunny
Telangana,Nizamabad,2016-05-11,42.9,4.7,25.3,Hot
Himachal Pradesh,Manali,2016-05-10,38.4,0.1,21.9,Clear
Maharashtra,Nagpur,2016-05-10,37.1,11.0,19.5,Dry
Rajasthan,Jaipur,2016-05-09,34.1,2.0,33.5,Sunny
Rajasthan,Udaipur,2016-05-09,45.2,1.0,44.6,Dry
Telangana,Hyderabad,2016-05-09,42.4,4.2,24.8,Sunny
Tamil Nadu,Madurai,2016-05-08,43.1,11.0,42.5,Clear
Maharashtra,Pune,2016-05-07,33.6,1.5,33.0,Dry
Tripura,Agartala,2016-05-07,33.6,1.5,33.0,Dry
Gujarat,Vadodara,2016-05-06,31.5,11.5,30.9,Clear
West Bengal,Kolkata,2016-05-06,36.1,10.0,18.5,Hot
Kerala,Thiruvananthapuram,2016-05-05,40.3,1.9,24.9,Dry
Jammu and Kashmir,Jammu,2016-05-05,35.3,9.1,18.8,Dry
Assam,Guwahati,2016-05-04,30.1,4.1,46.5,Dry
Goa,Margao,2016-05-04,39.5,7.6,36.7,Clear
Madhya Pradesh,Jabalpur,2016-05-04,40.6,2.3,24.1,Sunny
Punjab,Amritsar,2016-05-04,41.7,3.6,23.0,Dry
Karnataka,Mysuru,2016-05-03,36.3,4.2,35.7,Clear
Bihar,Patna,2016-05-02,32.0,6.1,47.3,Sunny
Chhattisgarh,Raipur,2016-05-01,29.7,9.6,30.2,Clear
Tamil Nadu,Tiruchirappalli,2016-05-01,39.3,0.9,23.9,Hot
Bihar,Gaya,2016-04-30,38.5,6.6,35.7,Sunny
Chhattisgarh,Bilaspur,2016-04-30,32.2,6.0,15.7,Sunny
Maharashtra,Nashik,2016-04-30,34.6,8.5,17.0,Clear
Odisha,Bhubaneswar,2016-04-30,34.6,8.5,17.0,Clear
Odisha,Rourkela,2016-04-30,40.7,2.6,22.0,Hot
Kerala,Kozhikode,2016-04-29,31.6,11.6,31.0,Dry
Maharashtra,Aurangabad,2016-04-29,37.5,11.3,21.0,Hot
Maharashtra,Mumbai,2016-04-28,34.1,8.0,16.5,Hot
Rajasthan,Jodhpur,2016-04-28,44.3,0.1,43.7,Clear
Madhya Pradesh,Bhopal,2016-04-27,36.1,3.9,36.6,Clear
Manipur,Imphal,2016-04-27,30.2,4.2,46.6,Sunny
Punjab,Ludhiana,2016-04-27,38.1,0.0,19.4,Dry
Karnataka,Bengaluru,2016-04-26,44.7,6.5,27.1,Dry
Uttarakhand,Dehradun,2016-04-26,37.7,5.5,38.2,Clear
West Bengal,Howrah,2016-04-26,43.8,11.7,43.2,Hot
Nagaland,Kohima,2016-04-24,35.5,9.5,16.8,Hot
Uttar Pradesh,Agra,2016-04-24,43.3,11.2,42.7,Sunny
Himachal Pradesh,Dharamshala,2016-04-23,34.0,1.6,36.7,Hot
Delhi (NCT),Rohini,2016-04-23,40.8,2.7,22.1,Clear
Haryana,Panipat,2016-04-22,38.7,0.6,20.0,Hot
Madhya Pradesh,Indore,2016-04-22,36.7,4.5,37.2,Sunny
Madhya Pradesh,Gwalior,2016-04-22,30.2,4.0,48.8,Sunny
Jammu and Kashmir,Srinagar,2016-04-21,29.4,3.1,49.1,Clear
Chhattisgarh,Durg,2016-04-20,42.3,10.2,41.7,Clear
Delhi (NCT),New Delhi,2016-04-20,42.3,10.2,41.7,Clear
Goa,Panaji,2016-04-19,37.6,5.7,34.8,Dry
Haryana,Gurugram,2016-04-19,32.8,0.7,32.2,Dry
Rajasthan,Kota,2016-04-19,28.2,2.2,44.6,Sunny
Telangana,Warangal,2016-04-18,31.6,5.5,49.1,Sunny
Meghalaya,Shillong,2016-04-17,33.2,7.1,15.6,Sunny
Tamil Nadu,Chennai,2016-04-17,39.7,7.6,39.1,Sunny
Uttarakhand,Nainital,2016-04-17,37.3,5.1,37.8,Clear
Gujarat,Rajkot,2016-04-16,29.3,3.3,45.7,Dry
Uttar Pradesh,Varanasi,2016-04-16,32.4,6.2,15.9,Clear
Andhra Pradesh,Tirupati,2016-04-15,41.4,3.1,24.9,Sunny
Jharkhand,Dhanbad,2016-04-15,35.5,3.4,34.9,Clear
Tamil Nadu,Coimbatore,2016-04-15,36.8,4.6,37.3,Hot
Jharkhand,Ranchi,2016-04-13,45.7,7.6,27.0,Dry
Delhi (NCT),Dwarka,2016-04-13,38.3,0.2,19.6,Hot
Arunachal Pradesh,Itanagar,2016-04-12,32.7,6.4,17.3,Dry
Sikkim,Gangtok,2016-04-12,28.3,2.3,44.7,Hot
Uttar Pradesh,Kanpur,2016-04-12,30.5,10.4,31.0,Clear
West Bengal,Darjeeling,2016-04-12,45.8,1.5,46.3,Dry
Ladakh,Kargil,2016-04-12,31.6,11.7,29.9,Hot
Himachal Pradesh,Shimla,2016-04-11,36.7,10.5,20.2,Hot
Jharkhand,Jamshedpur,2016-04-11,35.8,3.6,36.3,Dry
West Bengal,Siliguri,2016-04-11,28.4,8.3,28.9,Hot
Ladakh,Leh,2016-04-11,35.6,3.7,32.8,Dry
Kerala,Kochi,2016-04-09,39.7,1.7,19.9,Hot
Punjab,Chandigarh,2016-04-09,37.7,5.6,37.1,Sunny
Uttar Pradesh,Noida,2016-04-09,34.9,8.8,17.3,Hot
Bihar,Bhagalpur,2016-04-08,35.2,9.2,16.5,Clear
Gujarat,Ahmedabad,2016-04-08,35.6,3.5,35.0,Dry
Assam,Dibrugarh,2016-04-07,36.8,10.8,18.1,Clear
Assam,Silchar,2016-04-06,33.8,1.8,32.1,Dry
Haryana,Faridabad,2016-04-06,35.1,3.0,34.5,Clear
Karnataka,Mangaluru,2016-04-06,43.4,5.2,25.8,Clear
Nagaland,Dimapur,2016-04-06,45.8,7.7,27.1,Sunny
Uttarakhand,Haridwar,2016-04-06,36.4,4.2,36.9,Hot
Andhra Pradesh,Guntur,2016-04-05,38.0,5.8,38.5,Hot
Gujarat,Surat,2016-04-04,37.0,5.0,35.3,Dry
Odisha,Cuttack,2016-04-04,44.4,0.3,42.7,Hot
Punjab,Jalandhar,2016-04-04,45.3,7.2,26.6,Dry
Telangana,Nizamabad,2016-04-04,39.2,1.0,21.6,Sunny
Himachal Pradesh,Manali,2016-04-03,34.7,8.5,18.2,Hot
Maharashtra,Nagpur,2016-04-03,33.4,7.3,15.8,Clear
Rajasthan,Jaipur,2016-04-02,30.4,10.4,29.8,Dry
Rajasthan,Udaipur,2016-04-02,41.5,9.4,40.9,Clear
Telangana,Hyderabad,2016-04-02,38.7,0.5,21.1,Dry
Karnataka,Hubballi,2016-04-01,29.2,3.1,46.7,Sunny
Tamil Nadu,Madurai,2016-04-01,39.4,7.3,38.8,Hot
Maharashtra,Pune,2016-03-31,29.9,9.9,29.3,Clear
Tripura,Agartala,2016-03-31,29.9,9.9,29.3,Clear
Gujarat,Vadodara,2016-03-30,45.9,7.8,27.2,Hot
West Bengal,Kolkata,2016-03-30,32.4,6.3,49.9,Sunny
Kerala,Thiruvananthapuram,2016-03-29,36.6,10.3,21.2,Clear
Jammu and Kashmir,Jammu,2016-03-29,31.6,5.4,15.1,Clear
Assam,Guwahati,2016-03-28,44.5,0.4,42.8,Clear
Goa,Margao,2016-03-28,35.8,3.9,33.0,Hot
Madhya Pradesh,Jabalpur,2016-03-28,36.9,10.7,20.4,Dry
Punjab,Amritsar,2016-03-28,38.0,12.0,19.3,Clear
Karnataka,Mysuru,2016-03-27,32.6,0.5,32.0,Hot
Bihar,Patna,2016-03-26,28.3,2.4,43.6,Dry
Chhattisgarh,Raipur,2016-03-25,44.1,5.9,26.5,Hot
Tamil Nadu,Tiruchirappalli,2016-03-25,35.6,9.3,20.2,Sunny
Bihar,Gaya,2016-03-24,34.8,2.9,32.0,Dry
Chhattisgarh,Bilaspur,2016-03-24,28.5,2.3,47.1,Dry
Maharashtra,Nashik,2016-03-24,30.9,4.8,48.4,Hot
Odisha,Bhubaneswar,2016-03-24,30.9,4.8,48.4,Hot
Odisha,Rourkela,2016-03-24,37.0,11.0,18.3,Sunny
Kerala,Kozhikode,2016-03-23,46.0,7.9,27.3,Clear
Maharashtra,Aurangabad,2016-03-23,33.8,7.6,17.3,Sunny
Maharashtra,Mumbai,2016-03-22,30.4,4.3,47.9,Sunny
Rajasthan,Jodhpur,2016-03-22,40.6,8.5,40.0,Hot
Madhya Pradesh,Bhopal,2016-03-21,32.4,0.2,32.9,Hot
Manipur,Imphal,2016-03-21,44.6,0.5,42.9,Dry
Punjab,Ludhiana,2016-03-21,34.4,8.4,15.7,Clear
Karnataka,Bengaluru,2016-03-20,41.0,2.8,23.4,Clear
Uttarakhand,Dehradun,2016-03-20,34.0,1.8,34.5,Hot
West Bengal,Howrah,2016-03-20,40.1,8.0,39.5,Sunny
Nagaland,Kohima,2016-03-18,31.8,5.8,48.2,Sunny
Uttar Pradesh,Agra,2016-03-18,39.6,7.5,39.0,Dry
Himachal Pradesh,Dharamshala,2016-03-17,30.3,10.0,33.0,Sunny
Delhi (NCT),Rohini,2016-03-17,37.1,11.1,18.4,Hot
Haryana,Panipat,2016-03-16,35.0,9.0,16.3,Sunny
Madhya Pradesh,Indore,2016-03-16,33.0,0.8,33.5,Dry
Madhya Pradesh,Gwalior,2016-03-16,44.6,0.3,45.1,Dry
Jammu and Kashmir,Srinagar,2016-03-15,43.8,11.5,45.4,Hot
Chhattisgarh,Durg,2016-03-14,38.6,6.5,38.0,Hot
Delhi (NCT),New Delhi,2016-03-14,38.6,6.5,38.0,Hot
Goa,Panaji,2016-03-13,33.9,2.0,31.1,Clear
Haryana,Gurugram,2016-03-13,29.1,9.1,28.5,Clear
Rajasthan,Kota,2016-03-13,42.6,10.6,40.9,Dry
Telangana,Warangal,2016-03-12,46.0,1.8,45.4,Dry
Meghalaya,Shillong,2016-03-11,29.5,3.4,47.0,Dry
Tamil Nadu,Chennai,2016-03-11,36.0,3.9,35.4,Dry
Uttarakhand,Nainital,2016-03-11,33.6,1.4,34.1,Hot
Gujarat,Rajkot,2016-03-10,43.7,11.7,42.0,Clear
Uttar Pradesh,Varanasi,2016-03-10,28.7,2.5,47.3,Hot
Andhra Pradesh,Tirupati,2016-03-09,37.7,11.5,21.2,Dry
Jharkhand,Dhanbad,2016-03-09,31.8,11.8,31.2,Hot
Tamil Nadu,Coimbatore,2016-03-09,33.1,0.9,33.6,Sunny
Jharkhand,Ranchi,2016-03-07,42.0,3.9,23.3,Clear
Delhi (NCT),Dwarka,2016-03-07,34.6,8.6,15.9,Sunny
Arunachal Pradesh,Itanagar,2016-03-06,29.0,2.7,48.7,Clear
Sikkim,Gangtok,2016-03-06,42.7,10.7,41.0,Sunny
Uttar Pradesh,Kanpur,2016-03-06,44.9,6.7,27.3,Hot
West Bengal,Darjeeling,2016-03-06,42.1,9.9,42.6,Clear
Ladakh,Kargil,2016-03-06,46.0,8.0,26.2,Sunny
Himachal Pradesh,Shimla,2016-03-05,33.0,6.8,16.5,Sunny
Jharkhand,Jamshedpur,2016-03-05,32.1,12.0,32.6,Clear
West Bengal,Siliguri,2016-03-05,42.8,4.6,25.2,Sunny
Ladakh,Leh,2016-03-05,31.9,0.0,29.1,Clear
Kerala,Kochi,2016-03-03,36.0,10.1,16.2,Sunny
Punjab,Chandigarh,2016-03-03,34.0,1.9,33.4,Dry
Uttar Pradesh,Noida,2016-03-03,31.2,5.1,48.7,Sunny
Bihar,Bhagalpur,2016-03-02,31.5,5.5,47.9,Hot
Gujarat,Ahmedabad,2016-03-02,31.9,11.9,31.3,Clear
Assam,Dibrugarh,2016-03-01,33.1,7.1,49.5,Hot
Assam,Silchar,2016-02-29,21.4,5.3,43.4,Cloudy
Haryana,Faridabad,2016-02-29,22.9,2.3,45.8,Foggy
Karnataka,Mangaluru,2016-02-29,13.3,4.4,37.1,Foggy
Nagaland,Dimapur,2016-02-29,15.5,3.0,38.4,Clear
Uttarakhand,Haridwar,2016-02-29,24.4,7.4,48.2,Sunny
Andhra Pradesh,Guntur,2016-02-28,8.0,0.9,49.8,Sunny
Gujarat,Surat,2016-02-27,24.6,0.4,46.6,Cloudy
Odisha,Cuttack,2016-02-27,14.0,7.8,54.0,Sunny
Punjab,Jalandhar,2016-02-27,15.0,2.5,37.9,Cloudy
Telangana,Nizamabad,2016-02-27,9.1,0.2,32.9,Clear
Himachal Pradesh,Manali,2016-02-26,22.8,7.6,64.6,Sunny
Maharashtra,Nagpur,2016-02-26,21.3,2.5,62.2,Foggy
Rajasthan,Jaipur,2016-02-25,18.2,5.7,41.1,Cloudy
Rajasthan,Udaipur,2016-02-25,11.3,0.6,52.2,Foggy
Telangana,Hyderabad,2016-02-25,8.6,7.8,32.4,Cloudy
Karnataka,Hubballi,2016-02-24,17.1,6.4,58.0,Clear
Tamil Nadu,Madurai,2016-02-24,9.2,6.6,50.1,Sunny
Maharashtra,Pune,2016-02-23,17.7,5.2,40.6,Foggy
Tripura,Agartala,2016-02-23,17.7,5.2,40.6,Foggy
Gujarat,Vadodara,2016-02-22,15.6,3.1,38.5,Sunny
West Bengal,Kolkata,2016-02-22,20.3,1.5,61.2,Clear
Kerala,Thiruvananthapuram,2016-02-21,24.9,5.2,32.5,Foggy
Jammu and Kashmir,Jammu,2016-02-21,19.7,4.5,61.5,Foggy
Assam,Guwahati,2016-02-20,14.1,7.9,54.1,Foggy
Goa,Margao,2016-02-20,23.2,3.5,44.3,Sunny
Madhya Pradesh,Jabalpur,2016-02-20,25.0,1.7,31.7,Cloudy
Punjab,Amritsar,2016-02-20,25.7,3.3,30.6,Foggy
Karnataka,Mysuru,2016-02-19,20.4,7.9,43.3,Sunny
Bihar,Patna,2016-02-18,15.8,6.0,54.9,Cloudy
Chhattisgarh,Raipur,2016-02-17,14.0,5.1,37.8,Sunny
Tamil Nadu,Tiruchirappalli,2016-02-17,23.9,4.2,31.5,Clear
Bihar,Gaya,2016-02-16,22.2,2.5,43.3,Cloudy
Chhattisgarh,Bilaspur,2016-02-16,16.6,1.4,58.4,Cloudy
Maharashtra,Nashik,2016-02-16,18.8,0.0,59.7,Sunny
Odisha,Bhubaneswar,2016-02-16,18.8,0.0,59.7,Sunny
Odisha,Rourkela,2016-02-16,24.7,2.3,64.7,Clear
Kerala,Kozhikode,2016-02-15,15.7,3.2,38.6,Foggy
Maharashtra,Aurangabad,2016-02-15,21.9,6.7,63.7,Clear
Maharashtra,Mumbai,2016-02-14,18.3,7.6,59.2,Clear
Rajasthan,Jodhpur,2016-02-14,10.4,7.8,51.3,Sunny
Madhya Pradesh,Bhopal,2016-02-13,20.4,3.4,44.2,Sunny
Manipur,Imphal,2016-02-13,14.2,8.0,54.2,Cloudy
Punjab,Ludhiana,2016-02-13,22.1,7.8,62.1,Foggy
Karnataka,Bengaluru,2016-02-12,10.9,2.0,34.7,Foggy
Uttarakhand,Dehradun,2016-02-12,22.0,5.0,45.8,Sunny
West Bengal,Howrah,2016-02-12,9.9,7.3,50.8,Clear
Nagaland,Kohima,2016-02-10,19.5,5.2,59.5,Clear
Uttar Pradesh,Agra,2016-02-10,9.4,6.8,50.3,Cloudy
Himachal Pradesh,Dharamshala,2016-02-09,18.7,0.8,44.3,Clear
Delhi (NCT),Rohini,2016-02-09,24.8,2.4,64.8,Sunny
Haryana,Panipat,2016-02-08,22.7,0.3,62.7,Clear
Madhya Pradesh,Indore,2016-02-08,21.0,4.0,44.8,Cloudy
Madhya Pradesh,Gwalior,2016-02-08,14.6,7.5,56.4,Cloudy
Jammu and Kashmir,Srinagar,2016-02-07,14.0,2.4,56.7,Sunny
Chhattisgarh,Durg,2016-02-06,8.4,5.8,49.3,Sunny
Delhi (NCT),New Delhi,2016-02-06,8.4,5.8,49.3,Sunny
Goa,Panaji,2016-02-05,21.3,1.6,42.4,Foggy
Haryana,Gurugram,2016-02-05,16.9,4.4,39.8,Foggy
Rajasthan,Kota,2016-02-05,12.2,6.0,52.2,Cloudy
Telangana,Warangal,2016-02-04,15.8,5.1,56.7,Cloudy
Meghalaya,Shillong,2016-02-03,17.4,6.7,58.3,Cloudy
Tamil Nadu,Chennai,2016-02-03,23.8,3.2,46.7,Cloudy
Uttarakhand,Nainital,2016-02-03,21.6,4.6,45.4,Sunny
Gujarat,Rajkot,2016-02-02,13.3,7.1,53.3,Foggy
Uttar Pradesh,Varanasi,2016-02-02,16.8,1.6,58.6,Sunny
Andhra Pradesh,Tirupati,2016-02-01,25.8,2.5,32.5,Cloudy
Jharkhand,Dhanbad,2016-02-01,19.6,7.1,42.5,Sunny
Tamil Nadu,Coimbatore,2016-02-01,21.1,4.1,44.9,Clear
Jharkhand,Ranchi,2016-01-30,11.7,7.3,34.6,Foggy
Delhi (NCT),Dwarka,2016-01-30,22.3,8.0,62.3,Clear
Arunachal Pradesh,Itanagar,2016-01-29,17.3,5.7,60.0,Foggy
Sikkim,Gangtok,2016-01-29,12.3,6.1,52.3,Clear
Uttar Pradesh,Kanpur,2016-01-29,14.8,5.9,38.6,Sunny
West Bengal,Darjeeling,2016-01-29,12.1,5.0,53.9,Foggy
Ladakh,Kargil,2016-01-29,15.5,7.5,37.5,Clear
Himachal Pradesh,Shimla,2016-01-28,21.1,5.9,62.9,Clear
Jharkhand,Jamshedpur,2016-01-28,20.1,3.1,43.9,Foggy
West Bengal,Siliguri,2016-01-28,12.7,3.8,36.5,Clear
Ladakh,Leh,2016-01-28,19.3,7.7,40.4,Foggy
Kerala,Kochi,2016-01-26,23.5,5.6,62.6,Clear
Punjab,Chandigarh,2016-01-26,21.8,1.2,44.7,Cloudy
Uttar Pradesh,Noida,2016-01-26,19.1,0.3,60.0,Clear
Bihar,Bhagalpur,2016-01-25,19.2,4.9,59.2,Sunny
Gujarat,Ahmedabad,2016-01-25,19.7,7.2,42.6,Foggy
Assam,Dibrugarh,2016-01-24,20.8,6.5,60.8,Sunny
Assam,Silchar,2016-01-23,17.7,1.6,39.7,Foggy
Haryana,Faridabad,2016-01-23,19.2,6.7,42.1,Sunny
Karnataka,Mangaluru,2016-01-23,9.6,0.7,33.4,Sunny
Nagaland,Dimapur,2016-01-23,11.8,7.4,34.7,Cloudy
Uttarakhand,Haridwar,2016-01-23,20.7,3.7,44.5,Clear
Andhra Pradesh,Guntur,2016-01-22,22.3,5.3,46.1,Clear
Gujarat,Surat,2016-01-21,20.9,4.8,42.9,Foggy
Odisha,Cuttack,2016-01-21,10.3,4.1,50.3,Clear
Punjab,Jalandhar,2016-01-21,11.3,6.9,34.2,Foggy
Telangana,Nizamabad,2016-01-21,23.4,4.6,64.3,Cloudy
Himachal Pradesh,Manali,2016-01-20,19.1,3.9,60.9,Clear
Maharashtra,Nagpur,2016-01-20,17.6,6.9,58.5,Sunny
Rajasthan,Jaipur,2016-01-19,14.5,2.0,37.4,Foggy
Rajasthan,Udaipur,2016-01-19,25.6,5.0,48.5,Sunny
Telangana,Hyderabad,2016-01-19,22.9,4.1,63.8,Foggy
Karnataka,Hubballi,2016-01-18,13.4,2.7,54.3,Cloudy
Tamil Nadu,Madurai,2016-01-18,23.5,2.9,46.4,Clear
Maharashtra,Pune,2016-01-17,14.0,1.5,36.9,Sunny
Tripura,Agartala,2016-01-17,14.0,1.5,36.9,Sunny
Gujarat,Vadodara,2016-01-16,11.9,7.5,34.8,Clear
West Bengal,Kolkata,2016-01-16,16.6,5.9,57.5,Cloudy
Kerala,Thiruvananthapuram,2016-01-15,21.2,1.5,63.9,Sunny
Jammu and Kashmir,Jammu,2016-01-15,16.0,0.8,57.8,Sunny
Assam,Guwahati,2016-01-14,10.4,4.2,50.4,Sunny
Goa,Margao,2016-01-14,19.5,7.9,40.6,Clear
Madhya Pradesh,Jabalpur,2016-01-14,21.3,6.1,63.1,Foggy
Punjab,Amritsar,2016-01-14,22.0,7.7,62.0,Sunny
Karnataka,Mysuru,2016-01-13,16.7,4.2,39.6,Clear
Bihar,Patna,2016-01-12,12.1,2.3,51.2,Foggy
Chhattisgarh,Raipur,2016-01-11,10.3,1.4,34.1,Clear
Tamil Nadu,Tiruchirappalli,2016-01-11,20.2,0.5,62.9,Cloudy
Bihar,Gaya,2016-01-10,18.5,6.9,39.6,Foggy
Chhattisgarh,Bilaspur,2016-01-10,12.9,5.8,54.7,Foggy
Maharashtra,Nashik,2016-01-10,15.1,4.4,56.0,Clear
Odisha,Bhubaneswar,2016-01-10,15.1,4.4,56.0,Clear
Odisha,Rourkela,2016-01-10,21.0,6.7,61.0,Cloudy
Kerala,Kozhikode,2016-01-09,12.0,7.6,34.9,Sunny
Maharashtra,Aurangabad,2016-01-09,18.2,3.0,60.0,Cloudy
Maharashtra,Mumbai,2016-01-08,14.6,3.9,55.5,Cloudy
Rajasthan,Jodhpur,2016-01-08,24.7,4.1,47.6,Clear
Madhya Pradesh,Bhopal,2016-01-07,16.7,7.8,40.5,Clear
Manipur,Imphal,2016-01-07,10.5,4.3,50.5,Foggy
Punjab,Ludhiana,2016-01-07,18.4,4.1,58.4,Sunny
Karnataka,Bengaluru,2016-01-06,25.2,6.4,31.0,Sunny
Uttarakhand,Dehradun,2016-01-06,18.3,1.3,42.1,Clear
West Bengal,Howrah,2016-01-06,24.2,3.6,47.1,Cloudy
Nagaland,Kohima,2016-01-04,15.8,1.5,55.8,Cloudy
Uttar Pradesh,Agra,2016-01-04,23.7,3.1,46.6,Foggy
Delhi (NCT),Rohini,2016-01-03,21.1,6.8,61.1,Clear
Haryana,Panipat,2016-01-02,19.0,4.7,59.0,Cloudy
Madhya Pradesh,Indore,2016-01-02,17.3,0.3,41.1,Foggy
Madhya Pradesh,Gwalior,2016-01-02,10.9,3.8,52.7,Foggy
Jammu and Kashmir,Srinagar,2016-01-01,10.3,6.8,53.0,Clear
Chhattisgarh,Durg,2015-12-31,22.7,2.1,45.6,Clear
Delhi (NCT),New Delhi,2015-12-31,22.7,2.1,45.6,Clear
Goa,Panaji,2015-12-30,17.6,6.0,38.7,Sunny
Haryana,Gurugram,2015-12-30,13.2,0.7,36.1,Sunny
Rajasthan,Kota,2015-12-30,8.5,2.3,48.5,Foggy
Telangana,Warangal,2015-12-29,12.1,1.4,53.0,Foggy
Meghalaya,Shillong,2015-12-28,13.7,3.0,54.6,Foggy
Tamil Nadu,Chennai,2015-12-28,20.1,7.6,43.0,Foggy
Uttarakhand,Nainital,2015-12-28,17.9,0.9,41.7,Clear
Uttar Pradesh,Varanasi,2015-12-27,13.1,6.0,54.9,Clear
Andhra Pradesh,Tirupati,2015-12-26,22.1,6.9,63.9,Foggy
Jharkhand,Dhanbad,2015-12-26,15.9,3.4,38.8,Clear
Tamil Nadu,Coimbatore,2015-12-26,17.4,0.4,41.2,Cloudy
Jharkhand,Ranchi,2015-12-24,8.0,3.6,30.9,Sunny
Delhi (NCT),Dwarka,2015-12-24,18.6,4.3,58.6,Cloudy
Arunachal Pradesh,Itanagar,2015-12-23,13.6,2.0,56.3,Sunny
Sikkim,Gangtok,2015-12-23,8.6,2.4,48.6,Cloudy
Uttar Pradesh,Kanpur,2015-12-23,11.1,2.2,34.9,Clear
West Bengal,Darjeeling,2015-12-23,8.4,1.3,50.2,Sunny
Ladakh,Kargil,2015-12-23,11.8,3.8,33.8,Cloudy
Himachal Pradesh,Shimla,2015-12-22,17.4,2.2,59.2,Cloudy
Jharkhand,Jamshedpur,2015-12-22,16.4,7.5,40.2,Sunny
West Bengal,Siliguri,2015-12-22,9.0,0.1,32.8,Cloudy
Ladakh,Leh,2015-12-22,15.6,4.0,36.7,Sunny
Andhra Pradesh,Visakhapatnam,2015-12-21,17.8,8.0,43.4,Cloudy
Kerala,Kochi,2015-12-20,19.8,1.9,58.9,Cloudy
Punjab,Chandigarh,2015-12-20,18.1,5.6,41.0,Foggy
Uttar Pradesh,Noida,2015-12-20,15.4,4.7,56.3,Cloudy
Bihar,Bhagalpur,2015-12-19,15.5,1.2,55.5,Clear
Gujarat,Ahmedabad,2015-12-19,16.0,3.5,38.9,Sunny
Assam,Dibrugarh,2015-12-18,17.1,2.8,57.1,Clear
Assam,Silchar,2015-12-17,14.0,6.0,36.0,Sunny
Haryana,Faridabad,2015-12-17,15.5,3.0,38.4,Clear
Karnataka,Mangaluru,2015-12-17,23.9,5.1,64.8,Clear
Nagaland,Dimapur,2015-12-17,8.1,3.7,31.0,Foggy
Uttarakhand,Haridwar,2015-12-17,17.0,0.0,40.8,Cloudy
Andhra Pradesh,Vijayawada,2015-12-16,20.6,7.2,45.3,Cloudy
Andhra Pradesh,Guntur,2015-12-16,18.6,1.6,42.4,Cloudy
Gujarat,Surat,2015-12-15,17.2,1.1,39.2,Sunny
Odisha,Cuttack,2015-12-15,24.6,0.4,46.6,Cloudy
Punjab,Jalandhar,2015-12-15,25.6,3.2,30.5,Sunny
Telangana,Nizamabad,2015-12-15,19.7,0.9,60.6,Foggy
Himachal Pradesh,Manali,2015-12-14,15.4,0.2,57.2,Cloudy
Maharashtra,Nagpur,2015-12-14,13.9,3.2,54.8,Clear
Rajasthan,Jaipur,2015-12-13,10.8,6.4,33.7,Sunny
Rajasthan,Udaipur,2015-12-13,21.9,1.3,44.8,Clear
Telangana,Hyderabad,2015-12-13,19.2,0.4,60.1,Sunny
Karnataka,Hubballi,2015-12-12,9.7,7.1,50.6,Foggy
Tamil Nadu,Madurai,2015-12-12,19.8,7.3,42.7,Cloudy
Maharashtra,Pune,2015-12-11,10.3,5.9,33.2,Clear
Tripura,Agartala,2015-12-11,10.3,5.9,33.2,Clear
Gujarat,Vadodara,2015-12-10,8.2,3.8,31.1,Cloudy
West Bengal,Kolkata,2015-12-10,12.9,2.2,53.8,Foggy
Kerala,Thiruvananthapuram,2015-12-09,17.5,5.9,60.2,Clear
Jammu and Kashmir,Jammu,2015-12-09,12.3,5.2,54.1,Clear
Assam,Guwahati,2015-12-08,24.7,0.5,46.7,Clear
Goa,Margao,2015-12-08,15.8,4.2,36.9,Cloudy
Madhya Pradesh,Jabalpur,2015-12-08,17.6,2.4,59.4,Sunny
Punjab,Amritsar,2015-12-08,18.3,4.0,58.3,Clear
Karnataka,Mysuru,2015-12-07,13.0,0.5,35.9,Cloudy
Bihar,Patna,2015-12-06,8.4,6.7,47.5,Sunny
Chhattisgarh,Raipur,2015-12-05,24.6,5.8,30.4,Cloudy
Tamil Nadu,Tiruchirappalli,2015-12-05,16.5,4.9,59.2,Foggy
Bihar,Gaya,2015-12-04,14.8,3.2,35.9,Sunny
Chhattisgarh,Bilaspur,2015-12-04,9.2,2.1,51.0,Sunny
Maharashtra,Nashik,2015-12-04,11.4,0.7,52.3,Cloudy
Odisha,Bhubaneswar,2015-12-04,11.4,0.7,52.3,Cloudy
Odisha,Rourkela,2015-12-04,17.3,3.0,57.3,Foggy
Kerala,Kozhikode,2015-12-03,8.3,3.9,31.2,Clear
Maharashtra,Aurangabad,2015-12-03,14.5,7.4,56.3,Foggy
Maharashtra,Mumbai,2015-12-02,10.9,0.2,51.8,Foggy
Rajasthan,Jodhpur,2015-12-02,21.0,0.4,43.9,Cloudy
Madhya Pradesh,Bhopal,2015-12-01,13.0,4.1,36.8,Cloudy
Punjab,Ludhiana,2015-12-01,14.7,0.4,54.7,Clear
Karnataka,Bengaluru,2015-11-30,32.0,8.6,47.4,Humid
Uttarakhand,Dehradun,2015-11-30,28.0,19.7,58.5,Clear
West Bengal,Howrah,2015-11-30,28.1,14.7,58.5,Sunny
Nagaland,Kohima,2015-11-28,31.9,13.4,62.2,Sunny
Uttar Pradesh,Agra,2015-11-28,27.6,14.2,58.0,Cloudy
Delhi (NCT),Rohini,2015-11-27,22.1,18.7,67.5,Clear
Haryana,Panipat,2015-11-26,20.0,16.6,65.4,Sunny
Madhya Pradesh,Indore,2015-11-26,27.0,18.7,57.5,Cloudy
Madhya Pradesh,Gwalior,2015-11-26,23.5,5.2,69.1,Cloudy
Jammu and Kashmir,Srinagar,2015-11-25,28.7,15.5,74.4,Clear
Chhattisgarh,Durg,2015-11-24,26.6,13.2,57.0,Clear
Delhi (NCT),New Delhi,2015-11-24,26.6,13.2,57.0,Clear
Goa,Panaji,2015-11-23,25.0,11.4,70.2,Humid
Haryana,Gurugram,2015-11-23,32.2,3.7,47.5,Humid
Rajasthan,Kota,2015-11-23,24.6,6.1,54.9,Cloudy
Telangana,Warangal,2015-11-22,18.9,20.6,64.4,Cloudy
Meghalaya,Shillong,2015-11-21,20.5,22.2,66.0,Cloudy
Tamil Nadu,Chennai,2015-11-21,24.0,10.6,54.4,Cloudy
Uttarakhand,Nainital,2015-11-21,27.6,19.3,58.1,Clear
Uttar Pradesh,Varanasi,2015-11-20,25.7,7.4,71.3,Clear
Andhra Pradesh,Tirupati,2015-11-19,19.6,16.4,50.2,Cloudy
Jharkhand,Dhanbad,2015-11-19,19.8,6.4,50.2,Clear
Tamil Nadu,Coimbatore,2015-11-19,27.1,18.8,57.6,Sunny
Jharkhand,Ranchi,2015-11-17,27.0,23.6,72.4,Humid
Delhi (NCT),Dwarka,2015-11-17,19.6,16.2,65.0,Sunny
Arunachal Pradesh,Itanagar,2015-11-16,32.0,18.8,47.6,Humid
Sikkim,Gangtok,2015-11-16,24.7,6.2,55.0,Sunny
Uttar Pradesh,Kanpur,2015-11-16,20.8,12.5,51.3,Clear
West Bengal,Darjeeling,2015-11-16,21.0,2.7,66.6,Humid
Ladakh,Kargil,2015-11-16,25.0,16.5,70.3,Sunny
Himachal Pradesh,Shimla,2015-11-15,30.0,11.7,45.5,Sunny
Jharkhand,Jamshedpur,2015-11-15,26.1,17.8,56.6,Humid
West Bengal,Siliguri,2015-11-15,18.7,10.4,49.2,Sunny
Ladakh,Leh,2015-11-15,23.0,9.4,68.2,Humid
Andhra Pradesh,Visakhapatnam,2015-11-14,24.0,15.9,69.8,Sunny
Kerala,Kochi,2015-11-13,30.1,6.5,60.3,Sunny
Punjab,Chandigarh,2015-11-13,22.0,8.6,52.4,Cloudy
Uttar Pradesh,Noida,2015-11-13,22.2,23.9,67.7,Sunny
Bihar,Bhagalpur,2015-11-12,31.6,13.1,61.9,Clear
Gujarat,Ahmedabad,2015-11-12,19.9,6.5,50.3,Humid
Assam,Dibrugarh,2015-11-11,18.1,14.7,63.5,Clear
Assam,Silchar,2015-11-10,27.2,18.7,72.5,Humid
Haryana,Faridabad,2015-11-10,19.4,6.0,49.8,Clear
Karnataka,Mangaluru,2015-11-10,30.7,7.3,46.1,Clear
Nagaland,Dimapur,2015-11-10,27.1,23.7,72.5,Cloudy
Uttarakhand,Haridwar,2015-11-10,26.7,18.4,57.2,Sunny
Andhra Pradesh,Vijayawada,2015-11-09,21.0,7.8,66.7,Sunny
Andhra Pradesh,Guntur,2015-11-09,28.3,20.0,58.8,Sunny
Gujarat,Surat,2015-11-08,30.4,21.9,45.6,Humid
Odisha,Cuttack,2015-11-08,22.7,4.2,53.0,Sunny
Punjab,Jalandhar,2015-11-08,26.6,23.2,72.0,Humid
Telangana,Nizamabad,2015-11-08,26.5,3.1,72.0,Cloudy
Himachal Pradesh,Manali,2015-11-07,28.0,9.7,73.6,Sunny
Maharashtra,Nagpur,2015-11-07,20.7,22.4,66.2,Clear
Rajasthan,Jaipur,2015-11-06,29.8,1.3,45.1,Humid
Rajasthan,Udaipur,2015-11-06,25.8,12.4,56.2,Clear
Telangana,Hyderabad,2015-11-06,26.0,2.6,71.5,Humid
Karnataka,Hubballi,2015-11-05,31.6,18.2,62.0,Cloudy
Tamil Nadu,Madurai,2015-11-05,23.7,10.3,54.1,Sunny
Maharashtra,Pune,2015-11-04,29.3,0.8,74.7,Clear
Tripura,Agartala,2015-11-04,29.3,0.8,74.7,Clear
Gujarat,Vadodara,2015-11-03,27.2,23.8,72.6,Sunny
West Bengal,Kolkata,2015-11-03,19.7,21.4,65.2,Cloudy
Kerala,Thiruvananthapuram,2015-11-02,20.8,22.7,51.5,Clear
Jammu and Kashmir,Jammu,2015-11-02,24.9,6.6,70.5,Clear
Assam,Guwahati,2015-11-01,22.8,4.3,53.1,Clear
Goa,Margao,2015-11-01,23.2,9.6,68.4,Sunny
Madhya Pradesh,Jabalpur,2015-11-01,30.2,11.9,45.7,Humid
Punjab,Amritsar,2015-11-01,19.3,15.9,64.7,Clear
Karnataka,Mysuru,2015-10-31,32.0,3.5,47.3,Sunny
Bihar,Patna,2015-10-30,18.7,20.2,48.9,Humid
Chhattisgarh,Raipur,2015-10-29,31.4,8.0,46.8,Sunny
Tamil Nadu,Tiruchirappalli,2015-10-29,19.8,21.7,50.5,Cloudy
Bihar,Gaya,2015-10-28,22.2,8.6,67.4,Humid
Chhattisgarh,Bilaspur,2015-10-28,21.8,3.5,67.4,Humid
Maharashtra,Nashik,2015-10-28,18.2,19.9,63.7,Sunny
Odisha,Bhubaneswar,2015-10-28,18.2,19.9,63.7,Sunny
Odisha,Rourkela,2015-10-28,18.3,14.9,63.7,Cloudy
Kerala,Kozhikode,2015-10-27,27.3,23.9,72.7,Clear
Maharashtra,Aurangabad,2015-10-27,27.1,8.8,72.7,Cloudy
Maharashtra,Mumbai,2015-10-26,32.8,19.4,63.2,Cloudy
Rajasthan,Jodhpur,2015-10-26,24.9,11.5,55.3,Sunny
Madhya Pradesh,Bhopal,2015-10-25,22.7,14.4,53.2,Sunny
Punjab,Ludhiana,2015-10-25,30.8,12.3,61.1,Clear
Karnataka,Bengaluru,2015-10-24,28.3,4.9,73.8,Clear
Uttarakhand,Dehradun,2015-10-24,24.3,16.0,54.8,Sunny
West Bengal,Howrah,2015-10-24,24.4,11.0,54.8,Cloudy
Nagaland,Kohima,2015-10-22,28.2,9.7,58.5,Cloudy
Uttar Pradesh,Agra,2015-10-22,23.9,10.5,54.3,Humid
Delhi (NCT),Rohini,2015-10-21,18.4,15.0,63.8,Sunny
Haryana,Panipat,2015-10-20,31.4,12.9,61.7,Cloudy
Madhya Pradesh,Indore,2015-10-20,23.3,15.0,53.8,Humid
Madhya Pradesh,Gwalior,2015-10-20,19.8,1.5,65.4,Humid
Jammu and Kashmir,Srinagar,2015-10-19,25.0,11.8,70.7,Sunny
Chhattisgarh,Durg,2015-10-18,22.9,9.5,53.3,Sunny
Delhi (NCT),New Delhi,2015-10-18,22.9,9.5,53.3,Sunny
Goa,Panaji,2015-10-17,21.3,7.7,66.5,Clear
Haryana,Gurugram,2015-10-17,28.5,0.0,73.9,Clear
Rajasthan,Kota,2015-10-17,20.9,2.4,51.2,Humid
Telangana,Warangal,2015-10-16,30.3,16.9,60.7,Humid
Meghalaya,Shillong,2015-10-15,31.9,18.5,62.3,Humid
Tamil Nadu,Chennai,2015-10-15,20.3,6.9,50.7,Humid
Uttarakhand,Nainital,2015-10-15,23.9,15.6,54.4,Sunny
Uttar Pradesh,Varanasi,2015-10-14,22.0,3.7,67.6,Sunny
Andhra Pradesh,Tirupati,2015-10-13,31.0,12.7,46.5,Humid
Jharkhand,Dhanbad,2015-10-13,31.2,2.7,46.5,Sunny
Tamil Nadu,Coimbatore,2015-10-13,23.4,15.1,53.9,Cloudy
Jharkhand,Ranchi,2015-10-11,23.3,19.9,68.7,Clear
Delhi (NCT),Dwarka,2015-10-11,31.0,12.5,61.3,Cloudy
Arunachal Pradesh,Itanagar,2015-10-10,28.3,15.1,74.0,Clear
Uttar Pradesh,Kanpur,2015-10-10,32.2,8.8,47.6,Sunny
West Bengal,Darjeeling,2015-10-10,32.4,24.1,62.9,Clear
Ladakh,Kargil,2015-10-10,21.3,12.8,66.6,Cloudy
Himachal Pradesh,Shimla,2015-10-09,26.3,8.0,71.9,Cloudy
Jharkhand,Jamshedpur,2015-10-09,22.4,14.1,52.9,Clear
West Bengal,Siliguri,2015-10-09,30.1,6.7,45.5,Cloudy
Ladakh,Leh,2015-10-09,19.3,5.7,64.5,Clear
Andhra Pradesh,Visakhapatnam,2015-10-08,20.3,12.2,66.1,Cloudy
Kerala,Kochi,2015-10-07,26.4,2.8,56.6,Cloudy
Punjab,Chandigarh,2015-10-07,18.3,4.9,48.7,Humid
Uttar Pradesh,Noida,2015-10-07,18.5,20.2,64.0,Cloudy
Bihar,Bhagalpur,2015-10-06,27.9,9.4,58.2,Sunny
Gujarat,Ahmedabad,2015-10-06,31.3,2.8,46.6,Clear
Assam,Dibrugarh,2015-10-05,29.5,11.0,59.8,Sunny
Arunachal Pradesh,Naharlagun,2015-10-04,19.3,11.2,65.1,Clear
Assam,Silchar,2015-10-04,23.5,15.0,68.8,Clear
Haryana,Faridabad,2015-10-04,30.8,2.3,46.1,Sunny
Karnataka,Mangaluru,2015-10-04,27.0,3.6,72.5,Sunny
Nagaland,Dimapur,2015-10-04,23.4,20.0,68.8,Humid
Uttarakhand,Haridwar,2015-10-04,23.0,14.7,53.5,Cloudy
Andhra Pradesh,Vijayawada,2015-10-03,32.4,4.1,63.0,Cloudy
Andhra Pradesh,Guntur,2015-10-03,24.6,16.3,55.1,Cloudy
Gujarat,Surat,2015-10-02,26.7,18.2,72.0,Clear
Odisha,Cuttack,2015-10-02,19.0,0.5,49.3,Cloudy
Punjab,Jalandhar,2015-10-02,22.9,19.5,68.3,Clear
Telangana,Nizamabad,2015-10-02,22.8,24.5,68.3,Humid
Himachal Pradesh,Manali,2015-10-01,24.3,6.0,69.9,Cloudy
Maharashtra,Nagpur,2015-10-01,32.1,18.7,62.5,Sunny
Rajasthan,Jaipur,2015-09-30,27.1,121.8,91.5,Stormy
Rajasthan,Udaipur,2015-09-30,27.1,132.9,72.5,Cloudy
Telangana,Hyderabad,2015-09-30,31.3,148.2,87.8,Stormy
Karnataka,Hubballi,2015-09-29,32.9,138.7,78.3,Heavy Rain
Tamil Nadu,Madurai,2015-09-29,25.0,130.8,70.4,Rainy
Maharashtra,Pune,2015-09-28,26.6,121.3,91.0,Cloudy
Tripura,Agartala,2015-09-28,26.6,121.3,91.0,Cloudy
Gujarat,Vadodara,2015-09-27,24.5,119.2,88.9,Rainy
West Bengal,Kolkata,2015-09-27,25.0,141.9,81.5,Heavy Rain
Kerala,Thiruvananthapuram,2015-09-26,23.9,53.4,67.8,Cloudy
Jammu and Kashmir,Jammu,2015-09-26,27.1,177.3,86.8,Cloudy
Assam,Guwahati,2015-09-25,27.2,99.7,69.4,Cloudy
Goa,Margao,2015-09-25,26.7,54.8,84.7,Rainy
Madhya Pradesh,Jabalpur,2015-09-25,32.4,17.5,92.1,Stormy
Punjab,Amritsar,2015-09-25,27.7,111.3,81.0,Cloudy
Karnataka,Mysuru,2015-09-24,29.3,124.0,93.7,Rainy
Bihar,Patna,2015-09-23,26.2,65.4,65.2,Stormy
Chhattisgarh,Raipur,2015-09-22,25.6,153.6,93.2,Rainy
Tamil Nadu,Tiruchirappalli,2015-09-22,34.0,52.4,66.8,Heavy Rain
Bihar,Gaya,2015-09-21,25.7,53.8,83.7,Stormy
Chhattisgarh,Bilaspur,2015-09-21,24.0,174.2,83.7,Stormy
Maharashtra,Nashik,2015-09-21,23.5,140.4,80.0,Rainy
Odisha,Bhubaneswar,2015-09-21,23.5,140.4,80.0,Rainy
Odisha,Rourkela,2015-09-21,26.7,110.3,80.0,Heavy Rain
Kerala,Kozhikode,2015-09-20,24.6,119.3,89.0,Cloudy
Maharashtra,Aurangabad,2015-09-20,29.3,179.5,89.0,Heavy Rain
Maharashtra,Mumbai,2015-09-19,23.0,139.9,79.5,Heavy Rain
Madhya Pradesh,Bhopal,2015-09-18,32.0,160.0,69.5,Rainy
Punjab,Ludhiana,2015-09-18,24.1,107.7,77.4,Cloudy
Karnataka,Bengaluru,2015-09-17,33.6,150.5,90.1,Cloudy
Uttarakhand,Dehradun,2015-09-17,33.6,161.6,71.1,Rainy
West Bengal,Howrah,2015-09-17,25.7,131.5,71.1,Heavy Rain
Nagaland,Kohima,2015-09-15,32.6,105.1,74.8,Heavy Rain
Uttar Pradesh,Agra,2015-09-15,25.2,131.0,70.6,Stormy
Delhi (NCT),Rohini,2015-09-14,26.8,110.4,80.1,Rainy
Haryana,Panipat,2015-09-13,24.7,108.3,78.0,Heavy Rain
Madhya Pradesh,Indore,2015-09-13,32.6,160.6,70.1,Stormy
Madhya Pradesh,Gwalior,2015-09-13,33.1,172.2,81.7,Stormy
Jammu and Kashmir,Srinagar,2015-09-12,24.1,42.5,87.0,Rainy
Chhattisgarh,Durg,2015-09-11,24.2,130.0,69.6,Rainy
Delhi (NCT),New Delhi,2015-09-11,24.2,130.0,69.6,Rainy
Goa,Panaji,2015-09-10,24.8,52.9,82.8,Cloudy
Haryana,Gurugram,2015-09-10,25.8,120.5,90.2,Cloudy
Rajasthan,Kota,2015-09-10,25.3,97.8,67.5,Stormy
Telangana,Warangal,2015-09-09,31.6,137.4,77.0,Stormy
Meghalaya,Shillong,2015-09-08,33.2,139.0,78.6,Stormy
Tamil Nadu,Chennai,2015-09-08,32.7,127.4,67.0,Stormy
Uttarakhand,Nainital,2015-09-08,33.2,161.2,70.7,Rainy
Uttar Pradesh,Varanasi,2015-09-07,24.2,174.4,83.9,Rainy
Andhra Pradesh,Tirupati,2015-09-06,33.2,18.3,92.9,Stormy
Jharkhand,Dhanbad,2015-09-06,28.5,123.2,92.9,Rainy
Tamil Nadu,Coimbatore,2015-09-06,32.7,160.7,70.2,Heavy Rain
Jharkhand,Ranchi,2015-09-04,31.7,115.3,85.0,Cloudy
Delhi (NCT),Dwarka,2015-09-04,24.3,107.9,77.6,Heavy Rain
Arunachal Pradesh,Itanagar,2015-09-03,27.4,45.8,90.3,Cloudy
Uttar Pradesh,Kanpur,2015-09-03,26.4,154.4,94.0,Rainy
West Bengal,Darjeeling,2015-09-03,30.6,169.7,79.2,Cloudy
Ladakh,Kargil,2015-09-03,32.8,83.1,82.9,Heavy Rain
Himachal Pradesh,Shimla,2015-09-02,28.5,178.7,88.2,Heavy Rain
Jharkhand,Jamshedpur,2015-09-02,31.7,159.7,69.2,Cloudy
West Bengal,Siliguri,2015-09-02,24.3,152.3,91.9,Heavy Rain
Ladakh,Leh,2015-09-02,33.9,50.9,80.8,Cloudy
Andhra Pradesh,Visakhapatnam,2015-09-01,27.4,68.0,82.4,Heavy Rain
Kerala,Kochi,2015-08-31,33.9,73.1,72.9,Heavy Rain
Punjab,Chandigarh,2015-08-31,30.7,125.4,65.0,Stormy
Uttar Pradesh,Noida,2015-08-31,23.8,140.7,80.3,Heavy Rain
Bihar,Bhagalpur,2015-08-30,32.3,104.8,74.5,Rainy
Gujarat,Ahmedabad,2015-08-30,28.6,123.3,93.0,Cloudy
Assam,Dibrugarh,2015-08-29,33.9,106.4,76.1,Rainy
Arunachal Pradesh,Naharlagun,2015-08-28,26.4,67.0,81.4,Cloudy
Assam,Silchar,2015-08-28,23.9,85.3,85.1,Cloudy
Haryana,Faridabad,2015-08-28,28.1,122.8,92.5,Rainy
Karnataka,Mangaluru,2015-08-28,32.3,149.2,88.8,Rainy
Nagaland,Dimapur,2015-08-28,31.8,115.4,85.1,Stormy
Uttarakhand,Haridwar,2015-08-28,32.3,160.3,69.8,Heavy Rain
Andhra Pradesh,Vijayawada,2015-08-27,27.5,34.8,79.3,Heavy Rain
Andhra Pradesh,Guntur,2015-08-27,33.9,161.9,71.4,Heavy Rain
Gujarat,Surat,2015-08-26,27.1,88.5,88.3,Cloudy
Odisha,Cuttack,2015-08-26,23.4,95.9,65.6,Heavy Rain
Punjab,Jalandhar,2015-08-26,31.3,114.9,84.6,Cloudy
Telangana,Nizamabad,2015-08-26,28.1,145.0,84.6,Stormy
Himachal Pradesh,Manali,2015-08-25,26.5,176.7,86.2,Heavy Rain
Maharashtra,Nagpur,2015-08-25,33.4,139.2,78.8,Rainy
Rajasthan,Jaipur,2015-08-24,23.4,118.1,87.8,Cloudy
Telangana,Hyderabad,2015-08-24,27.6,144.5,84.1,Cloudy
Karnataka,Hubballi,2015-08-23,29.2,135.0,74.6,Stormy
Tamil Nadu,Madurai,2015-08-23,32.4,127.1,66.7,Heavy Rain
Maharashtra,Pune,2015-08-22,34.0,117.6,87.3,Rainy
Tripura,Agartala,2015-08-22,34.0,117.6,87.3,Rainy
Gujarat,Vadodara,2015-08-21,31.9,115.5,85.2,Heavy Rain
West Bengal,Kolkata,2015-08-21,32.4,138.2,77.8,Stormy
Kerala,Thiruvananthapuram,2015-08-20,31.3,49.7,94.2,Rainy
Jammu and Kashmir,Jammu,2015-08-20,23.4,173.6,83.1,Rainy
Goa,Margao,2015-08-19,23.0,51.1,81.0,Heavy Rain
Madhya Pradesh,Jabalpur,2015-08-19,28.7,178.9,88.4,Cloudy
Punjab,Amritsar,2015-08-19,24.0,107.6,77.3,Rainy
Karnataka,Mysuru,2015-08-18,25.6,120.3,90.0,Heavy Rain
Bihar,Patna,2015-08-17,33.6,61.7,91.6,Cloudy
Chhattisgarh,Raipur,2015-08-16,33.0,149.9,89.5,Heavy Rain
Tamil Nadu,Tiruchirappalli,2015-08-16,30.3,48.7,93.2,Stormy
Bihar,Gaya,2015-08-15,33.1,50.1,80.0,Cloudy
Chhattisgarh,Bilaspur,2015-08-15,31.4,170.5,80.0,Cloudy
Maharashtra,Nashik,2015-08-15,30.9,136.7,76.3,Heavy Rain
Odisha,Bhubaneswar,2015-08-15,30.9,136.7,76.3,Heavy Rain
Odisha,Rourkela,2015-08-15,23.0,106.6,76.3,Stormy
Kerala,Kozhikode,2015-08-14,32.0,115.6,85.3,Rainy
Maharashtra,Aurangabad,2015-08-14,25.6,175.8,85.3,Stormy
Maharashtra,Mumbai,2015-08-13,30.4,136.2,75.8,Stormy
Madhya Pradesh,Bhopal,2015-08-12,28.3,156.3,65.8,Heavy Rain
Punjab,Ludhiana,2015-08-12,31.5,104.0,73.7,Rainy
Karnataka,Bengaluru,2015-08-11,29.9,146.8,86.4,Rainy
Uttarakhand,Dehradun,2015-08-11,29.9,157.9,67.4,Heavy Rain
Nagaland,Kohima,2015-08-09,28.9,101.4,71.1,Stormy
Uttar Pradesh,Agra,2015-08-09,32.6,127.3,66.9,Cloudy
Delhi (NCT),Rohini,2015-08-08,23.1,106.7,76.4,Heavy Rain
Haryana,Panipat,2015-08-07,32.1,104.6,74.3,Stormy
Madhya Pradesh,Indore,2015-08-07,28.9,156.9,66.4,Cloudy
Madhya Pradesh,Gwalior,2015-08-07,29.4,168.5,78.0,Cloudy
Jammu and Kashmir,Srinagar,2015-08-06,31.5,38.8,83.3,Heavy Rain
Chhattisgarh,Durg,2015-08-05,31.6,126.3,65.9,Heavy Rain
Delhi (NCT),New Delhi,2015-08-05,31.6,126.3,65.9,Heavy Rain
Goa,Panaji,2015-08-04,32.2,49.2,79.1,Rainy
Haryana,Gurugram,2015-08-04,33.2,116.8,86.5,Rainy
Rajasthan,Kota,2015-08-04,32.7,94.1,93.9,Cloudy
Telangana,Warangal,2015-08-03,27.9,133.7,73.3,Cloudy
Meghalaya,Shillong,2015-08-02,29.5,135.3,74.9,Cloudy
Tamil Nadu,Chennai,2015-08-02,29.0,123.7,93.4,Cloudy
Uttarakhand,Nainital,2015-08-02,29.5,157.5,67.0,Heavy Rain
Uttar Pradesh,Varanasi,2015-08-01,31.6,170.7,80.2,Heavy Rain
Andhra Pradesh,Tirupati,2015-07-31,29.5,179.7,89.2,Cloudy
Jharkhand,Dhanbad,2015-07-31,24.8,119.5,89.2,Heavy Rain
Tamil Nadu,Coimbatore,2015-07-31,29.0,157.0,66.5,Stormy
Jharkhand,Ranchi,2015-07-29,28.0,111.6,81.3,Rainy
Delhi (NCT),Dwarka,2015-07-29,31.7,104.2,73.9,Stormy
Arunachal Pradesh,Itanagar,2015-07-28,23.7,42.1,86.6,Rainy
Uttar Pradesh,Kanpur,2015-07-28,33.8,150.7,90.3,Heavy Rain
West Bengal,Darjeeling,2015-07-28,26.9,166.0,75.5,Rainy
Ladakh,Kargil,2015-07-28,29.1,79.4,79.2,Stormy
Himachal Pradesh,Shimla,2015-07-27,24.8,175.0,84.5,Stormy
Jharkhand,Jamshedpur,2015-07-27,28.0,156.0,65.5,Rainy
West Bengal,Siliguri,2015-07-27,31.7,148.6,88.2,Stormy
Ladakh,Leh,2015-07-27,30.2,47.2,77.1,Rainy
Andhra Pradesh,Visakhapatnam,2015-07-26,23.7,64.3,78.7,Stormy
Kerala,Kochi,2015-07-25,30.2,69.4,69.2,Stormy
Punjab,Chandigarh,2015-07-25,27.0,121.7,91.4,Cloudy
Uttar Pradesh,Noida,2015-07-25,31.2,137.0,76.6,Stormy
Bihar,Bhagalpur,2015-07-24,28.6,101.1,70.8,Heavy Rain
Gujarat,Ahmedabad,2015-07-24,24.9,119.6,89.3,Rainy
Assam,Dibrugarh,2015-07-23,30.2,102.7,72.4,Heavy Rain
Arunachal Pradesh,Naharlagun,2015-07-22,33.8,63.3,77.7,Rainy
Assam,Silchar,2015-07-22,31.3,81.6,81.4,Rainy
Haryana,Faridabad,2015-07-22,24.4,119.1,88.8,Heavy Rain
Karnataka,Mangaluru,2015-07-22,28.6,145.5,85.1,Heavy Rain
Nagaland,Dimapur,2015-07-22,28.1,111.7,81.4,Cloudy
Uttarakhand,Haridwar,2015-07-22,28.6,156.6,66.1,Stormy
Andhra Pradesh,Vijayawada,2015-07-21,23.8,31.1,75.6,Stormy
Gujarat,Surat,2015-07-20,23.4,84.8,84.6,Rainy
Odisha,Cuttack,2015-07-20,30.8,92.2,92.0,Stormy
Punjab,Jalandhar,2015-07-20,27.6,111.2,80.9,Rainy
Telangana,Nizamabad,2015-07-20,24.4,141.3,80.9,Cloudy
Himachal Pradesh,Manali,2015-07-19,33.9,173.0,82.5,Stormy
Maharashtra,Nagpur,2015-07-19,29.7,135.5,75.1,Heavy Rain
Rajasthan,Jaipur,2015-07-18,30.8,114.4,84.1,Rainy
Telangana,Hyderabad,2015-07-18,23.9,140.8,80.4,Rainy
Karnataka,Hubballi,2015-07-17,25.5,131.3,70.9,Cloudy
Tamil Nadu,Madurai,2015-07-17,28.7,123.4,93.1,Stormy
Maharashtra,Pune,2015-07-16,30.3,113.9,83.6,Heavy Rain
Tripura,Agartala,2015-07-16,30.3,113.9,83.6,Heavy Rain
Gujarat,Vadodara,2015-07-15,28.2,111.8,81.5,Stormy
West Bengal,Kolkata,2015-07-15,28.7,134.5,74.1,Cloudy
Kerala,Thiruvananthapuram,2015-07-14,27.6,46.0,90.5,Heavy Rain
Jammu and Kashmir,Jammu,2015-07-14,30.8,169.9,79.4,Heavy Rain
Goa,Margao,2015-07-13,30.4,47.4,77.3,Stormy
Madhya Pradesh,Jabalpur,2015-07-13,25.0,175.2,84.7,Rainy
Punjab,Amritsar,2015-07-13,31.4,103.9,73.6,Heavy Rain
Karnataka,Mysuru,2015-07-12,33.0,116.6,86.3,Stormy
Bihar,Patna,2015-07-11,29.9,58.0,87.9,Rainy
Chhattisgarh,Raipur,2015-07-10,29.3,146.2,85.8,Stormy
Tamil Nadu,Tiruchirappalli,2015-07-10,26.6,45.0,89.5,Cloudy
Bihar,Gaya,2015-07-09,29.4,46.4,76.3,Rainy
Chhattisgarh,Bilaspur,2015-07-09,27.7,166.8,76.3,Rainy
Maharashtra,Nashik,2015-07-09,27.2,133.0,72.6,Stormy
Odisha,Bhubaneswar,2015-07-09,27.2,133.0,72.6,Stormy
Odisha,Rourkela,2015-07-09,30.4,102.9,72.6,Cloudy
Kerala,Kozhikode,2015-07-08,28.3,111.9,81.6,Heavy Rain
Maharashtra,Aurangabad,2015-07-08,33.0,172.1,81.6,Cloudy
Maharashtra,Mumbai,2015-07-07,26.7,132.5,72.1,Cloudy
Madhya Pradesh,Bhopal,2015-07-06,24.6,152.6,92.2,Stormy
Punjab,Ludhiana,2015-07-06,27.8,100.3,70.0,Heavy Rain
Karnataka,Bengaluru,2015-07-05,26.2,143.1,82.7,Heavy Rain
Uttarakhand,Dehradun,2015-07-05,26.2,154.2,93.8,Stormy
Nagaland,Kohima,2015-07-03,25.2,97.7,67.4,Cloudy
Delhi (NCT),Rohini,2015-07-02,30.5,103.0,72.7,Stormy
Haryana,Panipat,2015-07-01,28.4,100.9,70.6,Cloudy
Madhya Pradesh,Indore,2015-07-01,25.2,153.2,92.8,Rainy
Madhya Pradesh,Gwalior,2015-07-01,25.7,164.8,74.3,Rainy
Jammu and Kashmir,Srinagar,2015-06-30,27.8,35.1,79.6,Stormy
Chhattisgarh,Durg,2015-06-29,27.9,122.6,92.3,Stormy
Delhi (NCT),New Delhi,2015-06-29,27.9,122.6,92.3,Stormy
Goa,Panaji,2015-06-28,28.5,45.5,75.4,Heavy Rain
Haryana,Gurugram,2015-06-28,29.5,113.1,82.8,Heavy Rain
Telangana,Warangal,2015-06-27,24.2,130.0,69.6,Rainy
Meghalaya,Shillong,2015-06-26,25.8,131.6,71.2,Rainy
Tamil Nadu,Chennai,2015-06-26,25.3,120.0,89.7,Rainy
Uttarakhand,Nainital,2015-06-26,25.8,153.8,93.4,Stormy
Uttar Pradesh,Varanasi,2015-06-25,27.9,167.0,76.5,Stormy
Andhra Pradesh,Tirupati,2015-06-24,25.8,176.0,85.5,Rainy
Jharkhand,Dhanbad,2015-06-24,32.2,115.8,85.5,Stormy
Tamil Nadu,Coimbatore,2015-06-24,25.3,153.3,92.9,Cloudy
Jharkhand,Ranchi,2015-06-22,24.3,107.9,77.6,Heavy Rain
Delhi (NCT),Dwarka,2015-06-22,28.0,100.5,70.2,Cloudy
Arunachal Pradesh,Itanagar,2015-06-21,31.1,38.4,82.9,Heavy Rain
Uttar Pradesh,Kanpur,2015-06-21,30.1,147.0,86.6,Stormy
West Bengal,Darjeeling,2015-06-21,23.2,162.3,71.8,Heavy Rain
Ladakh,Kargil,2015-06-21,25.4,75.7,75.5,Cloudy
Himachal Pradesh,Shimla,2015-06-20,32.2,171.3,80.8,Cloudy
Jharkhand,Jamshedpur,2015-06-20,24.3,152.3,91.9,Heavy Rain
West Bengal,Siliguri,2015-06-20,28.0,144.9,84.5,Cloudy
Ladakh,Leh,2015-06-20,26.5,43.5,73.4,Heavy Rain
Andhra Pradesh,Visakhapatnam,2015-06-19,31.1,60.6,75.0,Cloudy
Kerala,Kochi,2015-06-18,26.5,65.7,65.5,Cloudy
Punjab,Chandigarh,2015-06-18,23.3,118.0,87.7,Rainy
Uttar Pradesh,Noida,2015-06-18,27.5,133.3,72.9,Cloudy
Bihar,Bhagalpur,2015-06-17,24.9,97.4,67.1,Stormy
Gujarat,Ahmedabad,2015-06-17,32.3,115.9,85.6,Heavy Rain
Assam,Dibrugarh,2015-06-16,26.5,99.0,68.7,Stormy
Arunachal Pradesh,Naharlagun,2015-06-15,30.1,59.6,74.0,Heavy Rain
Assam,Silchar,2015-06-15,27.6,77.9,77.7,Heavy Rain
Haryana,Faridabad,2015-06-15,31.8,115.4,85.1,Stormy
Karnataka,Mangaluru,2015-06-15,24.9,141.8,81.4,Stormy
Nagaland,Dimapur,2015-06-15,24.4,108.0,77.7,Rainy
Uttarakhand,Haridwar,2015-06-15,24.9,152.9,92.5,Cloudy
Andhra Pradesh,Vijayawada,2015-06-14,31.2,27.4,71.9,Cloudy
Gujarat,Surat,2015-06-13,30.8,81.1,80.9,Heavy Rain
Odisha,Cuttack,2015-06-13,27.1,88.5,88.3,Cloudy
Punjab,Jalandhar,2015-06-13,23.9,107.5,77.2,Heavy Rain
Telangana,Nizamabad,2015-06-13,31.8,137.6,77.2,Rainy
Himachal Pradesh,Manali,2015-06-12,30.2,169.3,78.8,Cloudy
Maharashtra,Nagpur,2015-06-12,26.0,131.8,71.4,Stormy
Rajasthan,Jaipur,2015-06-11,27.1,110.7,80.4,Heavy Rain
Telangana,Hyderabad,2015-06-11,31.3,137.1,76.7,Heavy Rain
Karnataka,Hubballi,2015-06-10,32.9,127.6,67.2,Rainy
Tamil Nadu,Madurai,2015-06-10,25.0,119.7,89.4,Cloudy
Maharashtra,Pune,2015-06-09,26.6,110.2,79.9,Stormy
Tripura,Agartala,2015-06-09,26.6,110.2,79.9,Stormy
Gujarat,Vadodara,2015-06-08,24.5,108.1,77.8,Cloudy
West Bengal,Kolkata,2015-06-08,25.0,130.8,70.4,Rainy
Kerala,Thiruvananthapuram,2015-06-07,23.9,42.3,86.8,Stormy
Jammu and Kashmir,Jammu,2015-06-07,27.1,166.2,75.7,Stormy
Goa,Margao,2015-06-06,26.7,43.7,73.6,Cloudy
Madhya Pradesh,Jabalpur,2015-06-06,32.4,171.5,81.0,Heavy Rain
Punjab,Amritsar,2015-06-06,27.7,100.2,69.9,Stormy
Karnataka,Mysuru,2015-06-05,29.3,112.9,82.6,Cloudy
Bihar,Patna,2015-06-04,26.2,54.3,84.2,Heavy Rain
Chhattisgarh,Raipur,2015-06-03,25.6,142.5,82.1,Cloudy
Tamil Nadu,Tiruchirappalli,2015-06-03,34.0,41.3,85.8,Rainy
Bihar,Gaya,2015-06-02,25.7,42.7,72.6,Heavy Rain
Chhattisgarh,Bilaspur,2015-06-02,24.0,163.1,72.6,Heavy Rain
Maharashtra,Nashik,2015-06-02,23.5,129.3,68.9,Cloudy
Odisha,Bhubaneswar,2015-06-02,23.5,129.3,68.9,Cloudy
Odisha,Rourkela,2015-06-02,26.7,99.2,68.9,Rainy
Kerala,Kozhikode,2015-06-01,24.6,108.2,77.9,Stormy
Maharashtra,Aurangabad,2015-06-01,29.3,168.4,77.9,Rainy
Maharashtra,Mumbai,2015-05-31,37.0,11.0,18.3,Sunny
Madhya Pradesh,Bhopal,2015-05-30,39.0,6.9,38.4,Hot
Punjab,Ludhiana,2015-05-30,41.0,3.0,21.2,Clear
Karnataka,Bengaluru,2015-05-29,29.5,9.5,28.9,Clear
Uttarakhand,Dehradun,2015-05-29,40.6,8.5,40.0,Hot
Nagaland,Kohima,2015-05-27,38.4,0.4,18.6,Sunny
Delhi (NCT),Rohini,2015-05-26,43.7,5.7,23.9,Hot
Haryana,Panipat,2015-05-25,41.6,3.6,21.8,Sunny
Madhya Pradesh,Indore,2015-05-25,39.6,7.5,39.0,Dry
Madhya Pradesh,Gwalior,2015-05-25,33.1,7.0,15.5,Dry
Jammu and Kashmir,Srinagar,2015-05-24,32.3,6.1,15.8,Hot
Chhattisgarh,Durg,2015-05-23,45.2,1.1,43.5,Hot
Delhi (NCT),New Delhi,2015-05-23,45.2,1.1,43.5,Hot
Goa,Panaji,2015-05-22,40.5,8.7,36.6,Clear
Haryana,Gurugram,2015-05-22,35.7,3.7,34.0,Clear
Telangana,Warangal,2015-05-21,34.5,8.5,15.8,Dry
Meghalaya,Shillong,2015-05-20,36.1,10.1,17.4,Dry
Tamil Nadu,Chennai,2015-05-20,42.6,10.6,40.9,Dry
Uttarakhand,Nainital,2015-05-20,40.2,8.1,39.6,Hot
Uttar Pradesh,Varanasi,2015-05-19,35.3,9.2,17.7,Hot
Andhra Pradesh,Tirupati,2015-05-18,44.3,6.1,26.7,Dry
Jharkhand,Dhanbad,2015-05-18,38.4,6.4,36.7,Hot
Tamil Nadu,Coimbatore,2015-05-18,39.7,7.6,39.1,Sunny
Jharkhand,Ranchi,2015-05-16,30.5,10.6,28.8,Clear
Delhi (NCT),Dwarka,2015-05-16,41.2,3.2,21.4,Sunny
Arunachal Pradesh,Itanagar,2015-05-15,35.6,9.4,19.1,Clear
Uttar Pradesh,Kanpur,2015-05-15,33.4,1.3,32.8,Hot
West Bengal,Darjeeling,2015-05-15,30.6,4.5,48.1,Clear
Ladakh,Kargil,2015-05-15,34.5,2.6,31.7,Sunny
Himachal Pradesh,Shimla,2015-05-14,39.6,1.4,22.0,Sunny
Jharkhand,Jamshedpur,2015-05-14,38.7,6.6,38.1,Clear
West Bengal,Siliguri,2015-05-14,31.3,11.3,30.7,Sunny
Ladakh,Leh,2015-05-14,38.5,6.7,34.6,Clear
Andhra Pradesh,Visakhapatnam,2015-05-13,39.7,7.4,41.3,Sunny
Kerala,Kochi,2015-05-12,42.6,4.7,21.7,Sunny
Punjab,Chandigarh,2015-05-12,40.6,8.6,38.9,Dry
Uttar Pradesh,Noida,2015-05-12,37.8,11.8,19.1,Sunny
Bihar,Bhagalpur,2015-05-11,38.1,0.1,18.3,Hot
Gujarat,Ahmedabad,2015-05-11,38.5,6.5,36.8,Clear
Assam,Dibrugarh,2015-05-10,39.7,1.7,19.9,Hot
Arunachal Pradesh,Naharlagun,2015-05-09,38.7,6.4,40.3,Clear
Assam,Silchar,2015-05-09,36.7,4.8,33.9,Clear
Haryana,Faridabad,2015-05-09,38.0,6.0,36.3,Hot
Karnataka,Mangaluru,2015-05-09,28.2,8.2,27.6,Hot
Nagaland,Dimapur,2015-05-09,30.6,10.7,28.9,Dry
Uttarakhand,Haridwar,2015-05-09,39.3,7.2,38.7,Sunny
Andhra Pradesh,Vijayawada,2015-05-08,42.7,10.5,43.2,Sunny
Gujarat,Surat,2015-05-07,39.9,8.0,37.1,Clear
Punjab,Jalandhar,2015-05-07,30.1,10.2,28.4,Clear
Telangana,Nizamabad,2015-05-07,42.1,4.0,23.4,Dry
Himachal Pradesh,Manali,2015-05-06,37.6,11.5,20.0,Sunny
Maharashtra,Nagpur,2015-05-06,36.3,10.3,17.6,Hot
Rajasthan,Jaipur,2015-05-05,33.3,1.3,31.6,Clear
Telangana,Hyderabad,2015-05-05,41.6,3.5,22.9,Clear
Karnataka,Hubballi,2015-05-04,32.1,6.1,48.5,Dry
Tamil Nadu,Madurai,2015-05-04,42.3,10.3,40.6,Sunny
Maharashtra,Pune,2015-05-03,32.8,0.8,31.1,Hot
Tripura,Agartala,2015-05-03,32.8,0.8,31.1,Hot
Gujarat,Vadodara,2015-05-02,30.7,10.8,29.0,Sunny
West Bengal,Kolkata,2015-05-02,35.3,9.3,16.6,Dry
Kerala,Thiruvananthapuram,2015-05-01,39.5,1.2,23.0,Hot
Jammu and Kashmir,Jammu,2015-05-01,34.5,8.4,16.9,Hot
Goa,Margao,2015-04-30,38.7,6.9,34.8,Sunny
Madhya Pradesh,Jabalpur,2015-04-30,39.8,1.6,22.2,Clear
Punjab,Amritsar,2015-04-30,40.9,2.9,21.1,Hot
Karnataka,Mysuru,2015-04-29,35.5,3.5,33.8,Sunny
Bihar,Patna,2015-04-28,31.2,5.4,45.4,Clear
Chhattisgarh,Raipur,2015-04-27,28.9,8.9,28.3,Sunny
Tamil Nadu,Tiruchirappalli,2015-04-27,38.5,0.2,22.0,Dry
Bihar,Gaya,2015-04-26,37.7,5.9,33.8,Clear
Chhattisgarh,Bilaspur,2015-04-26,31.4,5.3,48.9,Clear
Maharashtra,Nashik,2015-04-26,33.8,7.8,15.1,Sunny
Odisha,Bhubaneswar,2015-04-26,33.8,7.8,15.1,Sunny
Odisha,Rourkela,2015-04-26,39.9,1.9,20.1,Dry
Kerala,Kozhikode,2015-04-25,30.8,10.9,29.1,Hot
Maharashtra,Aurangabad,2015-04-25,36.7,10.6,19.1,Dry
Maharashtra,Mumbai,2015-04-24,33.3,7.3,49.7,Dry
Madhya Pradesh,Bhopal,2015-04-23,35.3,3.2,34.7,Sunny
Punjab,Ludhiana,2015-04-23,37.3,11.4,17.5,Hot
Karnataka,Bengaluru,2015-04-22,43.9,5.8,25.2,Hot
Uttarakhand,Dehradun,2015-04-22,36.9,4.8,36.3,Sunny
Nagaland,Kohima,2015-04-20,34.7,8.8,50.0,Dry
Delhi (NCT),Rohini,2015-04-19,40.0,2.0,20.2,Sunny
Haryana,Panipat,2015-04-18,37.9,12.0,18.1,Dry
Madhya Pradesh,Indore,2015-04-18,35.9,3.8,35.3,Clear
Madhya Pradesh,Gwalior,2015-04-18,29.4,3.3,46.9,Clear
Jammu and Kashmir,Srinagar,2015-04-17,28.6,2.4,47.2,Sunny
Goa,Panaji,2015-04-15,36.8,5.0,32.9,Hot
Haryana,Gurugram,2015-04-15,32.0,0.0,30.3,Hot
Telangana,Warangal,2015-04-14,30.8,4.8,47.2,Clear
Meghalaya,Shillong,2015-04-13,32.4,6.4,48.8,Clear
Tamil Nadu,Chennai,2015-04-13,38.9,6.9,37.2,Clear
Uttarakhand,Nainital,2015-04-13,36.5,4.4,35.9,Sunny
Uttar Pradesh,Varanasi,2015-04-12,31.6,5.5,49.1,Sunny
Andhra Pradesh,Tirupati,2015-04-11,40.6,2.4,23.0,Clear
Jharkhand,Dhanbad,2015-04-11,34.7,2.7,33.0,Sunny
Tamil Nadu,Coimbatore,2015-04-11,36.0,3.9,35.4,Dry
Jharkhand,Ranchi,2015-04-09,44.9,6.9,25.1,Hot
Delhi (NCT),Dwarka,2015-04-09,37.5,11.6,17.7,Dry
Arunachal Pradesh,Itanagar,2015-04-08,31.9,5.7,15.4,Hot
Uttar Pradesh,Kanpur,2015-04-08,29.7,9.7,29.1,Sunny
West Bengal,Darjeeling,2015-04-08,45.0,0.8,44.4,Hot
Ladakh,Kargil,2015-04-08,30.8,11.0,28.0,Dry
Himachal Pradesh,Shimla,2015-04-07,35.9,9.8,18.3,Dry
Jharkhand,Jamshedpur,2015-04-07,35.0,2.9,34.4,Hot
West Bengal,Siliguri,2015-04-07,45.7,7.6,27.0,Dry
Ladakh,Leh,2015-04-07,34.8,3.0,30.9,Hot
Andhra Pradesh,Visakhapatnam,2015-04-06,36.0,3.7,37.6,Dry
Kerala,Kochi,2015-04-05,38.9,1.0,18.0,Dry
Punjab,Chandigarh,2015-04-05,36.9,4.9,35.2,Clear
Uttar Pradesh,Noida,2015-04-05,34.1,8.1,15.4,Dry
Bihar,Bhagalpur,2015-04-04,34.4,8.5,49.7,Sunny
Gujarat,Ahmedabad,2015-04-04,34.8,2.8,33.1,Hot
Assam,Dibrugarh,2015-04-03,36.0,10.1,16.2,Sunny
Arunachal Pradesh,Naharlagun,2015-04-02,35.0,2.7,36.6,Hot
Assam,Silchar,2015-04-02,33.0,1.1,30.2,Hot
Haryana,Faridabad,2015-04-02,34.3,2.3,32.6,Sunny
Karnataka,Mangaluru,2015-04-02,42.6,4.5,23.9,Sunny
Nagaland,Dimapur,2015-04-02,45.0,7.0,25.2,Clear
Uttarakhand,Haridwar,2015-04-02,35.6,3.5,35.0,Dry
Andhra Pradesh,Vijayawada,2015-04-01,39.0,6.8,39.5,Dry
Gujarat,Surat,2015-03-31,36.2,4.3,33.4,Hot
Punjab,Jalandhar,2015-03-31,44.5,6.5,24.7,Hot
Telangana,Nizamabad,2015-03-31,38.4,0.3,19.7,Clear
Himachal Pradesh,Manali,2015-03-30,33.9,7.8,16.3,Dry
Maharashtra,Nagpur,2015-03-30,32.6,6.6,49.0,Sunny
Rajasthan,Jaipur,2015-03-29,29.6,9.7,27.9,Hot
Telangana,Hyderabad,2015-03-29,37.9,11.9,19.2,Hot
Karnataka,Hubballi,2015-03-28,28.4,2.4,44.8,Clear
Tamil Nadu,Madurai,2015-03-28,38.6,6.6,36.9,Dry
Maharashtra,Pune,2015-03-27,29.1,9.2,27.4,Sunny
Tripura,Agartala,2015-03-27,29.1,9.2,27.4,Sunny
Gujarat,Vadodara,2015-03-26,45.1,7.1,25.3,Dry
West Bengal,Kolkata,2015-03-26,31.6,5.6,48.0,Clear
Kerala,Thiruvananthapuram,2015-03-25,35.8,9.6,19.3,Sunny
Jammu and Kashmir,Jammu,2015-03-25,30.8,4.7,48.3,Sunny
Goa,Margao,2015-03-24,35.0,3.2,31.1,Dry
Madhya Pradesh,Jabalpur,2015-03-24,36.1,10.0,18.5,Hot
Punjab,Amritsar,2015-03-24,37.2,11.3,17.4,Sunny
Karnataka,Mysuru,2015-03-23,31.8,11.9,30.1,Dry
Bihar,Patna,2015-03-22,45.6,1.7,41.7,Hot
Chhattisgarh,Raipur,2015-03-21,43.3,5.2,24.6,Dry
Tamil Nadu,Tiruchirappalli,2015-03-21,34.8,8.6,18.3,Clear
Bihar,Gaya,2015-03-20,34.0,2.2,30.1,Hot
Chhattisgarh,Bilaspur,2015-03-20,45.8,1.6,45.2,Hot
Maharashtra,Nashik,2015-03-20,30.1,4.1,46.5,Dry
Odisha,Bhubaneswar,2015-03-20,30.1,4.1,46.5,Dry
Odisha,Rourkela,2015-03-20,36.2,10.3,16.4,Clear
Kerala,Kozhikode,2015-03-19,45.2,7.2,25.4,Sunny
Maharashtra,Aurangabad,2015-03-19,33.0,6.9,15.4,Clear
Maharashtra,Mumbai,2015-03-18,29.6,3.6,46.0,Clear
Madhya Pradesh,Bhopal,2015-03-17,31.6,11.6,31.0,Dry
Punjab,Ludhiana,2015-03-17,33.6,7.7,48.9,Sunny
Karnataka,Bengaluru,2015-03-16,40.2,2.1,21.5,Sunny
Uttarakhand,Dehradun,2015-03-16,33.2,1.1,32.6,Dry
Nagaland,Kohima,2015-03-14,31.0,5.1,46.3,Clear
Uttar Pradesh,Lucknow,2015-03-13,38.5,6.4,37.9,Sunny
Delhi (NCT),Rohini,2015-03-13,36.3,10.4,16.5,Dry
Haryana,Panipat,2015-03-12,34.2,8.3,49.5,Clear
Madhya Pradesh,Indore,2015-03-12,32.2,0.1,31.6,Hot
Madhya Pradesh,Gwalior,2015-03-12,43.8,11.7,43.2,Hot
Jammu and Kashmir,Srinagar,2015-03-11,43.0,10.8,43.5,Dry
Goa,Panaji,2015-03-09,33.1,1.3,29.2,Sunny
Haryana,Gurugram,2015-03-09,28.3,8.4,26.6,Sunny
Telangana,Warangal,2015-03-08,45.2,1.1,43.5,Hot
Meghalaya,Shillong,2015-03-07,28.7,2.7,45.1,Hot
Tamil Nadu,Chennai,2015-03-07,35.2,3.2,33.5,Hot
Uttarakhand,Nainital,2015-03-07,32.8,0.7,32.2,Dry
Uttar Pradesh,Varanasi,2015-03-06,46.0,1.8,45.4,Dry
Andhra Pradesh,Tirupati,2015-03-05,36.9,10.8,19.3,Hot
Jharkhand,Dhanbad,2015-03-05,31.0,11.1,29.3,Dry
Tamil Nadu,Coimbatore,2015-03-05,32.3,0.2,31.7,Clear
Jharkhand,Ranchi,2015-03-03,41.2,3.2,21.4,Sunny
Delhi (NCT),Dwarka,2015-03-03,33.8,7.9,49.1,Clear
Arunachal Pradesh,Itanagar,2015-03-02,28.2,2.0,46.8,Sunny
Uttar Pradesh,Kanpur,2015-03-02,44.1,6.0,25.4,Dry
West Bengal,Darjeeling,2015-03-02,41.3,9.2,40.7,Sunny
Ladakh,Kargil,2015-03-02,45.2,7.3,24.3,Clear
Himachal Pradesh,Shimla,2015-03-01,32.2,6.1,49.7,Clear
Jharkhand,Jamshedpur,2015-03-01,31.3,11.3,30.7,Sunny
West Bengal,Siliguri,2015-03-01,42.0,3.9,23.3,Clear
Ladakh,Leh,2015-03-01,31.1,11.4,27.2,Sunny
Andhra Pradesh,Visakhapatnam,2015-02-28,24.2,2.7,48.9,Cloudy
Kerala,Kochi,2015-02-27,8.2,4.7,64.4,Cloudy
Punjab,Chandigarh,2015-02-27,24.5,0.3,46.5,Foggy
Uttar Pradesh,Noida,2015-02-27,21.8,7.5,61.8,Cloudy
Bihar,Bhagalpur,2015-02-26,21.9,4.0,61.0,Clear
Gujarat,Ahmedabad,2015-02-26,22.4,6.3,44.4,Sunny
Assam,Dibrugarh,2015-02-25,23.5,5.6,62.6,Clear
Arunachal Pradesh,Naharlagun,2015-02-24,23.2,1.7,47.9,Sunny
Assam,Silchar,2015-02-24,20.4,0.7,41.5,Sunny
Haryana,Faridabad,2015-02-24,21.9,5.8,43.9,Clear
Karnataka,Mangaluru,2015-02-24,12.3,7.9,35.2,Clear
Nagaland,Dimapur,2015-02-24,14.5,6.5,36.5,Foggy
Uttarakhand,Haridwar,2015-02-24,23.4,2.8,46.3,Cloudy
Andhra Pradesh,Vijayawada,2015-02-23,9.0,1.9,50.8,Cloudy
Gujarat,Surat,2015-02-22,23.6,3.9,44.7,Sunny
Punjab,Jalandhar,2015-02-22,14.0,6.0,36.0,Sunny
Telangana,Nizamabad,2015-02-22,8.1,3.7,31.0,Foggy
Himachal Pradesh,Manali,2015-02-21,21.8,3.0,62.7,Cloudy
Maharashtra,Nagpur,2015-02-21,20.3,6.0,60.3,Clear
Rajasthan,Jaipur,2015-02-20,17.2,1.1,39.2,Sunny
Telangana,Hyderabad,2015-02-20,25.6,3.2,30.5,Sunny
Karnataka,Hubballi,2015-02-19,16.1,1.8,56.1,Foggy
Tamil Nadu,Madurai,2015-02-19,8.2,2.0,48.2,Cloudy
Maharashtra,Pune,2015-02-18,16.7,0.6,38.7,Clear
Tripura,Agartala,2015-02-18,16.7,0.6,38.7,Clear
Gujarat,Vadodara,2015-02-17,14.6,6.6,36.6,Cloudy
West Bengal,Kolkata,2015-02-17,19.3,5.0,59.3,Foggy
Kerala,Thiruvananthapuram,2015-02-16,23.9,0.6,30.6,Clear
Jammu and Kashmir,Jammu,2015-02-16,18.7,8.0,59.6,Clear
Goa,Margao,2015-02-15,22.2,7.0,42.4,Cloudy
Madhya Pradesh,Jabalpur,2015-02-15,24.0,5.2,64.9,Sunny
Punjab,Amritsar,2015-02-15,24.7,6.8,63.8,Clear
Karnataka,Mysuru,2015-02-14,19.4,3.3,41.4,Cloudy
Chhattisgarh,Raipur,2015-02-12,13.0,0.5,35.9,Cloudy
Tamil Nadu,Tiruchirappalli,2015-02-12,22.9,7.7,64.7,Foggy
Bihar,Gaya,2015-02-11,21.2,6.0,41.4,Sunny
Chhattisgarh,Bilaspur,2015-02-11,15.6,4.9,56.5,Sunny
Maharashtra,Nashik,2015-02-11,17.8,3.5,57.8,Cloudy
Odisha,Bhubaneswar,2015-02-11,17.8,3.5,57.8,Cloudy
Odisha,Rourkela,2015-02-11,23.7,5.8,62.8,Foggy
Kerala,Kozhikode,2015-02-10,14.7,6.7,36.7,Clear
Maharashtra,Aurangabad,2015-02-10,20.9,2.1,61.8,Foggy
Maharashtra,Mumbai,2015-02-09,17.3,3.0,57.3,Foggy
Madhya Pradesh,Bhopal,2015-02-08,19.4,6.9,42.3,Cloudy
Punjab,Ludhiana,2015-02-08,21.1,3.2,60.2,Clear
Karnataka,Bengaluru,2015-02-07,9.9,5.5,32.8,Clear
Uttarakhand,Dehradun,2015-02-07,21.0,0.4,43.9,Cloudy
Nagaland,Kohima,2015-02-05,18.5,0.6,57.6,Foggy
Uttar Pradesh,Lucknow,2015-02-04,8.3,5.7,49.2,Clear
Delhi (NCT),Rohini,2015-02-04,23.8,5.9,62.9,Cloudy
Haryana,Panipat,2015-02-03,21.7,3.8,60.8,Foggy
Madhya Pradesh,Indore,2015-02-03,20.0,7.5,42.9,Sunny
Madhya Pradesh,Gwalior,2015-02-03,13.6,2.9,54.5,Sunny
Jammu and Kashmir,Srinagar,2015-02-02,13.0,5.9,54.8,Cloudy
Goa,Panaji,2015-01-31,20.3,5.1,40.5,Clear
Haryana,Gurugram,2015-01-31,15.9,7.9,37.9,Clear
Telangana,Warangal,2015-01-30,14.8,0.5,54.8,Sunny
Meghalaya,Shillong,2015-01-29,16.4,2.1,56.4,Sunny
Tamil Nadu,Chennai,2015-01-29,22.8,6.7,44.8,Sunny
Uttarakhand,Nainital,2015-01-29,20.6,0.0,43.5,Cloudy
Uttar Pradesh,Varanasi,2015-01-28,15.8,5.1,56.7,Cloudy
Andhra Pradesh,Tirupati,2015-01-27,24.8,6.0,30.6,Sunny
Jharkhand,Dhanbad,2015-01-27,18.6,2.5,40.6,Cloudy
Tamil Nadu,Coimbatore,2015-01-27,20.1,7.6,43.0,Foggy
Jharkhand,Ranchi,2015-01-25,10.7,2.7,32.7,Clear
Delhi (NCT),Dwarka,2015-01-25,21.3,3.4,60.4,Foggy
Arunachal Pradesh,Itanagar,2015-01-24,16.3,1.1,58.1,Clear
Uttar Pradesh,Kanpur,2015-01-24,13.8,1.3,36.7,Cloudy
West Bengal,Darjeeling,2015-01-24,11.1,0.4,52.0,Clear
Ladakh,Kargil,2015-01-24,14.5,2.9,35.6,Foggy
Himachal Pradesh,Shimla,2015-01-23,20.1,1.3,61.0,Foggy
Jharkhand,Jamshedpur,2015-01-23,19.1,6.6,42.0,Clear
West Bengal,Siliguri,2015-01-23,11.7,7.3,34.6,Foggy
Ladakh,Leh,2015-01-23,18.3,3.1,38.5,Clear
Andhra Pradesh,Visakhapatnam,2015-01-22,20.5,7.1,45.2,Foggy
Kerala,Kochi,2015-01-21,22.5,1.0,60.7,Foggy
Punjab,Chandigarh,2015-01-21,20.8,4.7,42.8,Sunny
Uttar Pradesh,Noida,2015-01-21,18.1,3.8,58.1,Foggy
Bihar,Bhagalpur,2015-01-20,18.2,0.3,57.3,Cloudy
Gujarat,Ahmedabad,2015-01-20,18.7,2.6,40.7,Clear
Assam,Dibrugarh,2015-01-19,19.8,1.9,58.9,Cloudy
Arunachal Pradesh,Naharlagun,2015-01-18,19.5,6.1,44.2,Clear
Assam,Silchar,2015-01-18,16.7,5.1,37.8,Clear
Haryana,Faridabad,2015-01-18,18.2,2.1,40.2,Cloudy
Karnataka,Mangaluru,2015-01-18,8.6,4.2,31.5,Cloudy
Nagaland,Dimapur,2015-01-18,10.8,2.8,32.8,Sunny
Uttarakhand,Haridwar,2015-01-18,19.7,7.2,42.6,Foggy
Andhra Pradesh,Vijayawada,2015-01-17,23.3,6.3,47.1,Foggy
Gujarat,Surat,2015-01-16,19.9,0.2,41.0,Clear
Punjab,Jalandhar,2015-01-16,10.3,2.3,32.3,Clear
Telangana,Nizamabad,2015-01-16,22.4,0.0,62.4,Sunny
Himachal Pradesh,Manali,2015-01-15,18.1,7.4,59.0,Foggy
Maharashtra,Nagpur,2015-01-15,16.6,2.3,56.6,Cloudy
Rajasthan,Jaipur,2015-01-14,13.5,5.5,35.5,Clear
Telangana,Hyderabad,2015-01-14,21.9,7.6,61.9,Clear
Karnataka,Hubballi,2015-01-13,12.4,6.2,52.4,Sunny
Tamil Nadu,Madurai,2015-01-13,22.5,6.4,44.5,Foggy
Maharashtra,Pune,2015-01-12,13.0,5.0,35.0,Cloudy
Tripura,Agartala,2015-01-12,13.0,5.0,35.0,Cloudy
Gujarat,Vadodara,2015-01-11,10.9,2.9,32.9,Foggy
West Bengal,Kolkata,2015-01-11,15.6,1.3,55.6,Sunny
Kerala,Thiruvananthapuram,2015-01-10,20.2,5.0,62.0,Cloudy
Jammu and Kashmir,Jammu,2015-01-10,15.0,4.3,55.9,Cloudy
Goa,Margao,2015-01-09,18.5,3.3,38.7,Foggy
Madhya Pradesh,Jabalpur,2015-01-09,20.3,1.5,61.2,Clear
Punjab,Amritsar,2015-01-09,21.0,3.1,60.1,Cloudy
Karnataka,Mysuru,2015-01-08,15.7,7.7,37.7,Foggy
Chhattisgarh,Raipur,2015-01-06,9.3,4.9,32.2,Foggy
Tamil Nadu,Tiruchirappalli,2015-01-06,19.2,4.0,61.0,Sunny
Bihar,Gaya,2015-01-05,17.5,2.3,37.7,Clear
Chhattisgarh,Bilaspur,2015-01-05,11.9,1.2,52.8,Clear
Maharashtra,Nashik,2015-01-05,14.1,7.9,54.1,Foggy
Odisha,Bhubaneswar,2015-01-05,14.1,7.9,54.1,Foggy
Odisha,Rourkela,2015-01-05,20.0,2.1,59.1,Sunny
Kerala,Kozhikode,2015-01-04,11.0,3.0,33.0,Cloudy
Maharashtra,Aurangabad,2015-01-04,17.2,6.5,58.1,Sunny
Maharashtra,Mumbai,2015-01-03,13.6,7.4,53.6,Sunny
Madhya Pradesh,Bhopal,2015-01-02,15.7,3.2,38.6,Foggy
Punjab,Ludhiana,2015-01-02,17.4,7.6,56.5,Cloudy
Karnataka,Bengaluru,2015-01-01,24.2,1.8,64.2,Cloudy
Uttarakhand,Dehradun,2015-01-01,17.3,4.8,40.2,Foggy
